Heart_Rate,Body_Temperature,Blood_Oxygen,Step_Count,Activity_Status,Accel_X,Accel_Y,Accel_Z,Gyro_X,Gyro_Y,Gyro_Z,GSR_Value,HRV,Sweat_Response
178,36.6,96.0,359.0,Running,-13.840576273085858,7.363593809043533,4.156826274738781,9.270462831670942,-6.196291974267362,-4.257032171301568,18.78280771672263,20.4724367984292,6.750548424439582
153,37.4,99.0,428.0,Running,14.36335793543123,-16.360171754989445,5.123787782747897,6.105168477626765,0.2996631513316412,0.8760570945425603,13.7727630585897,59.82463376332535,5.01004465813293
130,36.6,96.0,307.0,Running,-13.962532224891875,5.591866952212962,20.994249514396262,-4.797196183617399,-6.54410199559556,-1.5676484308619896,19.06012359813377,56.30287314342488,2.6762979090818746
170,36.8,96.0,688.0,Running,-5.89672479984809,6.258206096018265,-2.522290066748782,0.7044312345560197,4.035612983186551,2.368160384057272,9.357257154562864,44.03480459578094,5.8458436572393
134,37.0,95.0,621.0,Running,-0.1322728024317524,-0.6475820267437025,3.912386601531737,1.6158385709239074,2.381788846781096,2.777563231711241,8.238085055446025,44.00151406803295,4.997089954058632
118,37.1,95.0,769.0,Running,2.046863231046604,-8.432050979782733,-12.012503497422944,2.5680005328485827,1.9620798358938352,4.879083596723545,8.281091952997782,39.94827199318651,9.864570293105038
180,37.1,97.0,418.0,Running,1.9292401115174107,-5.653540321326858,10.261563365599114,-14.361311066408248,-8.84537952444559,0.2746705549992436,1.9188915099268369,57.31340445630078,7.490078062796655
175,36.6,97.0,515.0,Running,-14.489515505600789,-24.22211610124744,-1.6917475394200323,-3.011060301808903,-4.112099661911003,12.133582431727612,16.195883924469882,65.54131476569384,8.486929034640482
173,36.8,99.0,458.0,Running,-7.054473242268145,-7.8095735036106735,8.65986738736939,2.3438712803751187,5.605153336622357,2.164799126803481,11.539053470978976,28.655376121074905,4.656830453490906
146,37.1,96.0,450.0,Running,3.246381627754927,3.865630995307309,5.327281515025438,7.463442844797608,1.312806645009625,1.6391058642154264,2.1321548497097305,66.36292505905547,2.379774711283744
168,37.3,98.0,724.0,Running,9.56034224579912,-4.125647912038577,-3.6320204544438384,-1.355618005212844,0.9679495568377218,4.621350697689149,12.482827074580651,43.05590731962113,10.35067222487092
155,36.6,98.0,565.0,Running,-11.722824915990577,-3.195030615244844,-17.049195032025377,4.420226981805248,-0.5161087646624811,1.2769187783715854,13.663917557167665,57.40482271464727,8.355237676094394
122,37.2,97.0,750.0,Running,7.962753059463141,11.77189643720666,-3.551921225750696,3.684219485462167,1.3268117469981422,-4.47673161181512,2.5220088055824426,69.44094592672094,11.14190875158522
119,37.1,97.0,630.0,Running,3.499703200815115,-4.069821556227852,-3.4227255023206022,5.743186747143576,3.006033744645574,1.945795978339644,11.7543500728686,64.94177322366693,0.149101070996231
157,37.2,97.0,402.0,Running,5.03002084451089,-8.3896214939069,-1.9242285210327872,0.4307194152318738,7.262337672353727,-0.3176228730767755,11.284132107891883,53.645070830816,6.763871951554624
114,36.6,99.0,361.0,Running,-14.342446491694764,-4.998160708776521,-0.7910224850641068,-5.048653523549688,-0.3788214326772994,-11.234446669923026,2.4665630743028912,36.64523227970192,4.169074086681878
117,37.1,98.0,598.0,Running,2.558341667362916,-9.591884414666612,-19.582366708414657,10.287477348558491,-5.3592861652007775,1.0564184613973635,3.411943861344481,58.04436364275785,0.8159105298176073
176,36.9,95.0,361.0,Running,-2.29895390707644,3.697544831839552,3.3955870638003285,-3.640014706145673,4.089448290125143,-2.4595122375310257,10.852672084648944,47.56814036780212,7.510280277968954
165,37.1,98.0,723.0,Running,1.710862565752022,-12.197616092451888,-10.32347251910183,8.123392292347804,3.191959628041915,-11.027830285495346,11.53990426236473,65.0244773781284,3.2792542405459155
140,37.1,96.0,573.0,Running,2.523993829083091,-17.43145843926193,-6.112935814818891,1.615396365580145,-1.6430923787449232,4.485330984435661,2.4584031758860223,70.90181791286648,9.081501086478708
150,37.0,98.0,783.0,Running,-0.2598359794023254,-0.5447297749224597,2.1308421571612843,-7.815954043483285,-0.8139645303614711,-5.688428352124083,13.194570819227271,55.694594725789486,0.5436815229141612
177,37.0,100.0,439.0,Running,0.5902560574220591,2.7436925379342387,8.526663760749791,4.415548885735795,0.2045958769786056,-1.00745766973759,8.804987389992624,41.65821879858829,4.389583429234648
132,36.6,96.0,479.0,Running,-13.738140415364354,13.185116452318782,-11.20144814475874,-3.34072042769497,-1.3144541460413384,7.052295726017519,8.469795460386289,53.27801063616418,1.477884338330056
159,36.8,99.0,660.0,Running,-4.934061410338753,10.723076881015295,3.2218716209741083,4.263868375611097,3.5909286285396727,-2.3974648369962166,11.39164864372406,58.22479441331748,2.4817216547676804
172,36.7,99.0,579.0,Running,-10.410576394515829,-1.5484774060740965,15.814370436774745,-3.21774916158731,3.3643061798341,0.9864613281560322,2.3819640077946995,77.83254972191395,16.144287381671663
163,37.1,95.0,779.0,Running,4.64120582022478,-4.1834344854847165,4.444636154837003,5.149804087905806,2.9590706687068904,1.5565433672144244,6.331415451520403,53.36352116802938,3.949451443725704
176,36.9,100.0,718.0,Running,-3.156202858815621,0.7185160784463581,-12.030556588342527,2.1179953279673054,7.745100757475937,4.706552903837417,5.572739780385908,44.95419581883296,14.285038002691548
147,37.4,100.0,667.0,Running,12.809998991967795,16.356410947836054,13.481926770453873,7.061102777077146,0.2544385092800903,-1.0902294769618692,8.587319023785229,52.58381579616556,3.318828468591663
135,37.1,97.0,451.0,Running,2.546851383634551,-2.4082820280422546,-1.6961038779819222,-5.311967640734398,-1.1160112731740257,-5.448165186711941,4.436946126199068,63.31255951121089,15.149246575805542
135,36.6,96.0,571.0,Running,-12.122116966605205,-26.429489100827404,-10.74349585157298,-0.935721325022744,-8.004519892382579,-1.852540492950145,7.349661569289088,50.90128991922745,8.834339881701771
155,36.6,98.0,670.0,Running,-12.94047480822591,-0.5320896918745597,-14.112498649424086,4.9286499783993145,-4.14248512390123,-7.02783509589321,14.886536569747047,55.824680081351744,7.536875000457959
114,37.1,98.0,754.0,Running,2.9104497976852235,6.8228223751715005,-8.300221213519613,12.94781821009307,-8.215944055770837,4.511385868933236,11.98883549921426,30.008339037805253,3.008626417596666
118,37.1,98.0,401.0,Running,3.395192453070362,11.040337289568024,-21.103223113316407,1.6289815829108325,8.307350828640091,7.596419618208844,16.2791457346938,38.41146876865639,0.5404779585026915
152,36.8,98.0,762.0,Running,-6.66424227146921,-2.6351091674373395,-6.261825127357122,0.97192150788668,0.1044324414798089,2.5539604426379734,17.462040487254303,55.68729678089186,1.1828947525605038
147,37.1,95.0,393.0,Running,2.8721102383270765,25.21892607184863,16.091748569336417,1.6924192173084558,-6.300823825862901,-3.289172769260685,14.148960507755152,41.045385699183896,12.016231326206633
132,36.7,95.0,445.0,Running,-9.551880368227753,-5.621887667426316,-24.49417600576102,6.585575336699327,-5.55728978468516,-5.877973028124258,19.933999867173764,45.8001004718828,9.06137802691662
136,37.3,96.0,461.0,Running,11.35423667427256,-0.3209820481167842,-13.617810174283242,-10.609274495042971,2.4911087424839256,2.986141091266924,13.833664861392084,57.72941482436701,10.264535900847848
122,36.8,98.0,579.0,Running,-8.042686719846763,-5.325562757110897,-16.12490772017754,-3.0391099354721622,5.700745192606332,-4.741740021121004,8.52401836132669,37.48577284948063,5.309646500065396
166,37.6,95.0,706.0,Running,18.58857123000869,14.739131288110348,5.526309376513124,-2.523874606141088,-6.287889294573081,-6.162616573842545,17.712428437523478,40.829221289170576,1.3237605811432438
155,36.8,97.0,472.0,Running,-7.994940792661295,-20.319224277599865,2.755675954899883,-1.8341220590734373,-0.3797551182126138,2.910132835423634,7.753347409917173,52.7962425461607,2.7953549997553315
124,37.0,98.0,762.0,Running,0.1274185404034888,-10.883643285565125,-16.59097677911478,6.085792604127482,-8.038305135590294,1.7482502364984684,12.281832006925592,40.87660238832861,4.4834182695493245
152,36.5,98.0,673.0,Running,-14.845502801921477,4.35378045256319,-9.489775657663628,-1.2945248685203867,2.9427663488535987,3.0623439700680115,14.204109267517907,71.7095854908771,8.242023049811563
151,36.6,95.0,591.0,Running,-12.208240031377484,6.036168948053785,3.1338629545968626,-6.729898401233743,-6.815870022964052,-0.6724839220086636,12.592050518688458,74.60921845232431,2.3734280189181867
138,37.2,99.0,726.0,Running,5.495688358408698,10.280290413201516,-4.208174303027479,2.445935650738317,-0.9545189586364934,5.454902125929834,1.1228227980045005,38.38077544972127,5.352683195226559
166,36.7,100.0,790.0,Running,-9.190685391168204,5.9388975231872685,0.3977985737980474,-1.2062882730927122,2.3620313894018867,5.225442370423767,1.4549790401391864,61.26649181760965,13.50257867336098
164,37.2,97.0,337.0,Running,5.035102318939646,17.196982983446773,-6.496428991999292,9.49940967447608,1.7780667439282998,0.1195152164247773,18.88801051261524,50.42686371774738,6.7762820978052165
138,37.2,100.0,358.0,Running,6.383634262796821,3.911533920650295,8.770258894055525,4.237108385752108,-2.260451664165402,-6.996530874009707,8.739944960043815,49.53194766591374,2.720156971284471
162,37.2,99.0,388.0,Running,6.725349865670233,-13.212217136635989,6.211013433134566,3.694052404437515,3.720959857499684,-5.294537935283002,16.393060709234348,50.33946279015304,4.051101464384068
164,37.2,100.0,620.0,Running,6.212406418716511,4.631455327647822,16.063344693351862,-8.08155304218294,3.6538205953326224,-2.6548544890598222,12.692994816595872,61.7538449719791,3.589499619000512
161,37.0,97.0,447.0,Running,-1.1244171263756104,-12.539854274009876,-1.9950875290031456,-0.8441086159500532,2.922064902362421,2.316442650590531,6.382403666358969,62.03192687927179,1.3165047710910107
159,37.1,100.0,363.0,Running,3.968820767417364,-13.78527874911258,-15.247777332795549,5.005230462835706,4.608250559622297,-1.0223561049306076,1.3826191300365067,46.67730105571814,17.339686712109444
176,36.7,98.0,480.0,Running,-9.083918621465214,-5.641250697130185,5.47160374271288,8.199822646856965,2.183692758667548,3.147647921109054,17.71529564359253,48.43485810519662,11.258092668694664
119,36.7,95.0,638.0,Running,-10.03899888507604,-0.9413870173015688,-9.02260121217779,-8.009829059485842,-5.3552683982452445,-3.157888645826657,18.050328631810583,52.71876743903076,12.659792427195155
118,36.7,98.0,767.0,Running,-9.61878478026992,6.093737629728525,11.888357459795998,-3.712352928490241,-5.436229694314013,-2.455768735710524,8.802970027195375,35.73633905469152,1.8636075539376729
152,37.1,97.0,303.0,Running,4.528614047780054,-15.388202254926474,1.3888257536710666,-6.600112556103529,-5.429125644425927,-1.4243774668483542,4.984115271173817,54.77781507198311,3.818854756021558
177,37.1,98.0,726.0,Running,2.75372030380332,-0.6876239722947409,-10.812992740503962,1.5958725520959025,-2.987550973458208,-2.280604137370941,11.92615089571748,44.5532500826665,2.930735313349439
142,36.8,97.0,394.0,Running,-6.102455294241819,-16.277417148456717,-21.09832781093433,6.702252230115723,7.1118493084925385,0.9071331005698569,4.929539969534529,19.88814708882485,6.996610926182949
127,37.2,100.0,349.0,Running,7.966048764621809,0.2775200860785195,2.6204446779046493,5.380035692992991,3.252250462680696,-1.798148362262312,4.774000663375514,62.89377308515334,1.340069185465441
177,37.2,96.0,546.0,Running,7.323477330207966,0.9419836140216372,-1.714605615615005,-3.542033834552314,-1.919856359761758,1.7490001228395378,15.27429956310157,33.520693622332814,7.239888035094612
120,37.0,95.0,475.0,Running,1.1498083564260635,-3.029886809992666,-8.804986221552166,-7.920679715027449,15.549592780026805,-8.881231667332258,4.473454382245292,53.32337710436316,12.602905617829109
154,37.4,97.0,409.0,Running,12.793692310112426,10.112076486792622,0.1014556744651299,-1.3426532395291615,3.3296212602723068,9.162785217396008,16.367700146341996,70.26609338619708,9.345790332763649
157,37.0,96.0,389.0,Running,0.2058376480010386,-14.558491655762326,-12.855995077031563,-4.455961127076437,2.107933053072278,4.070758810591332,17.634284357522034,63.29286782877193,1.2665842111800387
112,37.2,95.0,662.0,Running,6.683139118690646,2.617092605518737,-10.438113898138653,-10.759077006646525,4.194702502348061,2.410333636676931,6.746860031767924,49.06040634009148,10.887424325754113
180,36.6,98.0,598.0,Running,-11.899048405319776,14.24316787575347,-19.35957235026794,2.2097032478470453,3.343708277962563,8.520527581277456,10.511007031185796,27.043078853849348,3.2102868981369497
146,37.3,100.0,610.0,Running,11.349486560300663,15.479807028160982,-9.205486859423791,-5.451995387214231,-5.458504380696572,6.234458577673597,13.26877582367002,74.44463196669199,2.7577687924842245
170,36.9,98.0,439.0,Running,-4.616175395059564,1.63123164048795,9.305630527324974,0.7992819599870018,-10.766714599356222,1.0838778188131457,13.876741582825089,66.05547740344895,1.220835277940644
165,36.8,95.0,751.0,Running,-7.040753368273873,-6.249851845662897,-13.395411244471129,4.847286002633684,3.4673945595699687,-3.0393763033790893,2.019061038895786,49.161193272166805,2.189249765141719
175,37.0,96.0,721.0,Running,-1.5673975936415858,11.652362004854009,7.43972057096594,4.595770868050008,-6.829778556002672,1.1027071350693345,4.197293181646543,74.57539598406412,4.087252498460376
133,36.8,98.0,651.0,Running,-8.106863246812766,6.202731814004006,1.7969272138357253,1.3016091938561036,2.0432640574033543,0.9705381547667884,12.481946662566076,48.57763653078692,1.770787531265567
172,37.5,96.0,580.0,Running,15.020841347425264,-14.854292326972876,5.677056696090666,4.054041365798911,-6.763351429217672,2.4193832559401987,16.74547069254212,53.65295306279517,6.988402266617065
114,37.1,100.0,397.0,Running,3.9367748765696255,17.599601196336113,-9.536075620639243,-8.742659866190904,5.563441874949627,3.40679755221474,14.47838761466334,66.91670375950848,2.2833039833146085
177,37.0,100.0,753.0,Running,0.9572257657785508,6.453733872193739,-4.344166061676802,-5.454832151075991,-5.582622199743295,2.674086681729551,7.896673967673561,57.898050255084605,6.34678518640813
158,37.6,99.0,369.0,Running,21.10118808361325,-0.3246443341632115,14.417469209437364,6.551543730598041,5.586994079512304,-0.1552946643545097,1.896737332250201,45.97031370035386,15.944489544992493
160,36.7,96.0,680.0,Running,-8.229274053371606,24.76393777356149,6.643673539124837,4.824258165487288,-4.818794631053055,-11.19115616662486,18.899106170283314,64.79564758858905,13.17206218423895
122,36.6,96.0,586.0,Running,-12.938285428802294,10.453411957973708,19.731195025760908,-2.181929452632843,-7.482646275450396,3.841036083158688,9.372632785061578,54.17522951967004,1.517700123730732
112,37.5,98.0,386.0,Running,17.948295905372667,11.459096786367594,1.338046244610827,-0.5480490196291542,-3.250119672034491,1.0769825272814395,17.718377907813274,42.36179956101298,8.345745122751696
134,37.0,95.0,322.0,Running,0.051388257238195,0.2816992647612114,11.619900715697373,5.865623187933206,-2.733400422936327,-2.8491646411937936,8.887767425862169,55.93698273064621,3.424193607118412
176,37.2,97.0,756.0,Running,6.103929337005488,0.4550781719302583,-7.416591867980716,2.238584629051388,6.702305258951739,3.752895837608828,4.718540161893332,13.604118941971876,11.19767433798886
113,37.0,99.0,555.0,Running,-1.3953189532086765,7.313284947066763,14.713069789163772,-5.633837344549026,4.148662089395873,-5.6503466952017884,13.326195164005345,42.56182741984776,3.2586178959475625
148,37.3,97.0,410.0,Running,9.521395319352685,-6.861183986403898,-8.224254739922262,1.1962343205557475,-0.2173847490693121,-0.3209408855424888,1.004313726146855,41.92928362264792,4.168749917149956
160,37.4,100.0,530.0,Running,13.41258926381702,-14.927231666880994,-19.27029457588482,-4.596922957932117,2.5712737800891743,1.2612019821333869,17.03370881338765,22.109948425099137,1.3513204038153646
137,37.3,96.0,354.0,Running,10.37255997112596,15.342135486496538,-2.168285511140566,5.504798174992855,5.621766799352513,7.890590287810922,3.286907947989735,77.84971154842933,0.9015693692848092
113,37.5,100.0,786.0,Running,15.960432346598662,-10.00808160788099,-2.4371730365987614,1.2686983074728673,-0.657362978358339,-3.0199031298461474,8.121673562649956,29.398956665453763,0.4938673209359834
159,36.7,97.0,726.0,Running,-9.210821906008082,-6.780699084836196,5.746367383799914,-0.1463140684248917,-1.17203900158161,-14.955679854503616,16.24563390457516,32.308105032383295,7.8012269068489
154,36.8,97.0,357.0,Running,-5.035895789899597,-0.4467429602838785,12.13517410004963,5.630251253860841,-3.9188283279319824,-0.9344807908099242,7.483644545396691,71.52631098833353,8.76198935917847
165,36.7,99.0,404.0,Running,-10.145374759709869,4.476181547707083,3.7353521718512224,15.68874266829997,1.1970225026768853,-1.1827764360947302,19.7879702847696,26.853226580856944,10.034031880177796
122,36.8,96.0,620.0,Running,-5.643018758317864,-14.021596000756873,4.35710614855738,5.668850484335323,-1.046569097896808,1.3502867919571104,8.666138411512993,71.36743731870422,7.533475435786379
174,36.5,96.0,318.0,Running,-14.848872409545812,8.238306780089497,-1.3133682333945935,3.2795038826488048,-3.929930163174912,-6.841575194164053,7.409281568069544,64.96448115380366,9.149234571819411
154,36.7,95.0,309.0,Running,-10.59917043542107,8.598150447641581,-17.255926357411607,2.580891435574792,-0.2270560896611911,0.4668618713832562,7.272963055996484,48.480789219477,3.0932194054648567
126,37.5,95.0,743.0,Running,14.926615957242642,-9.815876096970172,15.112677535165185,1.7572410377079146,-6.282534471396282,-4.759592300111178,4.121450022175776,67.39071564950783,2.966174414488308
60,36.4535233101765,98.83048234296214,0.0,Resting,-0.044173905845146,-0.0510689890790573,9.815751295272,0.0,0.0,0.0,0.2891430216882049,46.99125139499736,0.1562954604901839
67,36.41343563954707,96.42485531035382,0.0,Resting,0.0861344511124796,-0.015739823673327,9.823657004202744,0.0,0.0,0.0,0.2353640087260094,74.98974598626265,0.1140137391442379
73,36.60474064011712,99.10350901787878,0.0,Resting,-0.0950711190727354,0.067767867353054,9.85629241775094,0.0,0.0,0.0,0.1603173739747103,69.49725765708489,0.1113251114755116
56,36.82218232805423,99.23182931243608,0.0,Resting,0.0393377975746393,0.0754240935324576,9.84065544554649,0.0,0.0,0.0,0.1376605049834212,50.113496027611575,0.1240756299011067
66,36.88665835110309,99.07105847085737,0.0,Resting,0.0450652781471756,-0.0513640039471548,9.86689165057122,0.0,0.0,0.0,0.1607470092450199,42.69138451686058,0.2161537167228843
69,36.87589126832841,96.45586354847696,0.0,Resting,0.0672757154820798,0.0101141269082728,9.711242781091975,0.0,0.0,0.0,0.118603481852535,50.71989067537512,0.2857526842410984
68,36.48774044897846,98.57563182827106,0.0,Resting,0.094887862127695,-0.0615013698728345,9.8495041273493,0.0,0.0,0.0,0.1287735932686659,76.48832947126103,0.1993486856011969
60,36.74978747476855,99.3372991829976,0.0,Resting,0.0951203838313304,-0.0796242471720887,9.87017055146442,0.0,0.0,0.0,0.1209320880692962,65.32714699583089,0.2685890964912394
72,36.45026735801938,98.30941360487869,0.0,Resting,-0.0869446484867072,0.0822241002783915,9.757227008491665,0.0,0.0,0.0,0.1845887087483115,68.84218643591487,0.1891773239719615
59,36.24872443458815,98.58562950091236,0.0,Resting,0.0643678645505805,0.0641015008464218,9.82808945479865,0.0,0.0,0.0,0.2591156752515172,50.28609404436384,0.241716709153565
72,36.761252212482354,97.83345391770524,0.0,Resting,0.0292619867314762,0.0520069803606347,9.762832412767397,0.0,0.0,0.0,0.128276710843268,68.77552622299281,0.2463745474573001
57,36.20786204205584,98.1148292795362,0.0,Resting,0.0294684268746182,-0.0902467362373719,9.891594213296491,0.0,0.0,0.0,0.1260640866344671,41.12486025111695,0.1347927411806677
57,36.52734606996679,96.1375074334069,0.0,Resting,-0.074330014677061,0.0687457585420515,9.7066847144871,0.0,0.0,0.0,0.2286857899034661,55.01285383092055,0.1722432117951623
76,36.463503415441664,98.55585208789314,0.0,Resting,0.0300374332891306,-0.0123911848189232,9.815958568766591,0.0,0.0,0.0,0.1394365963936132,65.07013394169326,0.2274604313076047
76,36.75470203081508,96.32578885156464,0.0,Resting,0.0964965161202495,-0.031520975340828,9.733300709409905,0.0,0.0,0.0,0.1195220076217983,45.84386262165281,0.1141393216368732
64,36.812996378208304,97.7400583773609,0.0,Resting,0.0823637139078894,0.0092952722050752,9.842444041035431,0.0,0.0,0.0,0.1333697156411155,72.92014297787739,0.1723080375525913
73,36.44327570877703,97.17062039066964,0.0,Resting,-0.0121738678390298,-0.0817293514552888,9.735178056683733,0.0,0.0,0.0,0.2847462791753552,49.40125195247674,0.2069598932562384
57,36.84930161155588,98.18171180084686,0.0,Resting,-0.0920104053427811,0.0513293098704797,9.747076652379672,0.0,0.0,0.0,0.2642942505552381,66.09124451273786,0.2992448986089277
66,36.43513340840395,96.53366534209285,0.0,Resting,-0.027541301999959,0.0164870153776591,9.79887416220915,0.0,0.0,0.0,0.1708129124710188,56.20788570301319,0.1949067125244881
70,36.55706108798925,98.76657360789328,0.0,Resting,0.065278062320111,-0.0626819806253665,9.882966989999376,0.0,0.0,0.0,0.2311641534654785,63.841743819105886,0.2632113514228646
71,36.781614821611306,99.18004614771388,0.0,Resting,0.0402998202930331,-0.0623535600461908,9.742342874429594,0.0,0.0,0.0,0.2074551347336076,44.29802210515633,0.1864134570133235
61,36.75433618337984,96.65341779897264,0.0,Resting,-0.0081312688812087,-0.0631502696854651,9.72884800422362,0.0,0.0,0.0,0.2354248526965127,40.67651199686429,0.2592781445239417
67,36.98989477784976,96.41725234940752,0.0,Resting,-0.0889796929682337,-0.0885995224896132,9.851795366370808,0.0,0.0,0.0,0.2365342304925518,76.38257709521204,0.2190829603240217
78,36.38012881937275,96.58206193114944,0.0,Resting,-0.0146210544353394,0.0175596898743369,9.800123906466784,0.0,0.0,0.0,0.2257468030119986,50.78520035068731,0.2773190883004797
56,36.729854330831664,99.508510247594,0.0,Resting,-0.0061950120564232,0.0680696355177016,9.882357022476354,0.0,0.0,0.0,0.1532202737074617,72.78708011121836,0.182188510470022
58,36.687745526620624,98.11275704702544,0.0,Resting,0.0857111065788271,-0.0965003572025222,9.729322911431968,0.0,0.0,0.0,0.1078012841525636,79.974012018888,0.2208608839642957
64,36.93207876359202,97.86904398403,0.0,Resting,0.0282172207164319,-0.0901990710057453,9.829185578604609,0.0,0.0,0.0,0.1911133563980217,48.45725031995645,0.2260037361237654
61,36.325089713315904,96.42684727640942,0.0,Resting,-0.0376694166690702,0.0145540553373891,9.746575829230364,0.0,0.0,0.0,0.2781947769381407,50.60682964733422,0.1834765883600946
78,36.80143853086955,98.59822402702784,0.0,Resting,0.0050636528901442,0.0638991370772104,9.731352085730329,0.0,0.0,0.0,0.2138994517037151,66.51439150538663,0.1288624087374963
71,36.654614893015015,99.47199836758035,0.0,Resting,-0.086788938435568,-0.0346522218862732,9.836685883031452,0.0,0.0,0.0,0.2664782083403816,78.61794538402485,0.1187118813824671
74,36.41973269583033,99.3127434772938,0.0,Resting,0.0945136471299473,-0.0300771202384555,9.818736923981746,0.0,0.0,0.0,0.2983248685922456,76.63257392762975,0.1033343101199266
60,36.57954793131774,98.5042188359232,0.0,Resting,-0.0279880196138548,0.0192692994993551,9.850965491672468,0.0,0.0,0.0,0.1327232408276552,60.11502080262339,0.2747068528490429
73,36.46702127765584,96.3011148666067,0.0,Resting,-0.0044265290173728,-0.0451574221751706,9.761892515289237,0.0,0.0,0.0,0.2383555278283964,71.804411301069,0.1472949824477389
59,36.66345072223077,96.44958810870403,0.0,Resting,-0.0289432051526154,-0.0946783267844631,9.789594331276438,0.0,0.0,0.0,0.2348587147400049,45.429834123996045,0.1423013498563536
64,36.91120048865173,96.1972359484393,0.0,Resting,0.03650234602324,0.0470457036203192,9.781094335266085,0.0,0.0,0.0,0.2959910894716556,79.09752736816048,0.2472070800852131
63,36.655443987529765,97.02991686596988,0.0,Resting,0.0324464316659185,0.0251299825882906,9.896817892793305,0.0,0.0,0.0,0.2971201467905601,78.57412936143946,0.1640032226174783
67,36.70537793466127,96.54264586864151,0.0,Resting,0.0430644621058271,0.0161511998111318,9.758449791347877,0.0,0.0,0.0,0.2373357223448259,46.54915831516684,0.2012089384823673
73,36.61499827769177,97.04019216100974,0.0,Resting,-0.0463713540776158,0.0483368257983646,9.758963447669354,0.0,0.0,0.0,0.1487229583964388,51.97692499212427,0.1325022130594912
75,36.24093240515639,97.54023222287584,0.0,Resting,-0.0368663037671868,0.0350461675124074,9.77090964176572,0.0,0.0,0.0,0.2597111676261198,44.00619990027068,0.2919491442923938
78,36.38628684550088,99.77193113628454,0.0,Resting,-0.0749497537807584,-0.0588236023643357,9.812918816258064,0.0,0.0,0.0,0.1214058268422076,50.86870395592719,0.2703162800034474
60,36.59360138354567,98.44150423912676,0.0,Resting,0.0311019943692225,-0.0295037906113297,9.750464548852747,0.0,0.0,0.0,0.2561398608343257,72.63823157660826,0.2727579245930006
58,36.44818822699577,99.33989514273183,0.0,Resting,-0.0920405745328695,-0.074777971664275,9.883057988075857,0.0,0.0,0.0,0.2820392248289393,55.13262428661038,0.181354749714401
78,36.34541087820896,98.84140600284933,0.0,Resting,0.0195364671046918,-0.0740285973164238,9.753137112973253,0.0,0.0,0.0,0.176566678953687,43.53587868587034,0.2524722427414345
57,36.60330627353476,96.45001252210652,0.0,Resting,0.0739391769703267,0.0352391492713078,9.87916314631204,0.0,0.0,0.0,0.2261270589966161,53.68902099115618,0.128775231077956
57,36.45824783475828,98.9436816254958,0.0,Resting,0.0781664296579267,0.0717200213964996,9.720695012729315,0.0,0.0,0.0,0.1860285464193652,79.2553333696512,0.101723800518356
58,36.40648611453874,97.1003955262365,0.0,Resting,-0.0101924479260076,0.0925465167722278,9.83131254047993,0.0,0.0,0.0,0.1875530109976256,65.18734381036812,0.1039945865156056
79,36.57118833395231,98.55643138797882,0.0,Resting,-0.0081392623573852,0.0256694235098888,9.881397103687648,0.0,0.0,0.0,0.162074177821624,56.64643785624631,0.217320347480912
59,36.30662740646574,97.36384789457196,0.0,Resting,-0.0846061633983965,-0.0631797353278086,9.733749887679645,0.0,0.0,0.0,0.2524259240900649,46.6615405398908,0.1910789810495881
62,36.94219658646033,99.99068905305865,0.0,Resting,0.0341530050886071,-0.0788699309102138,9.893665392019852,0.0,0.0,0.0,0.287235312833301,79.44707189134779,0.2036030697817039
70,36.894161678335394,97.0542059179871,0.0,Resting,0.0642518840745691,0.0625701943073515,9.790576672083102,0.0,0.0,0.0,0.2881501718468922,72.83396037052515,0.1014926280834438
102,37.01002723022043,99.02733141520294,55.0,Walking,0.1595428835249592,0.4065601080845009,9.463809824674376,0.2829236142575724,-0.4926421703745854,0.1842090751884866,0.3682192341232203,38.04700929155518,0.2668209304173127
91,36.86794471518298,96.69305614556316,77.0,Walking,0.0804345335572371,-0.1949472890197159,9.173977399521805,-0.0573451517395668,0.0182057321825208,0.3824411913475817,0.399369856856288,33.20253610115862,0.3043661750610379
77,36.612985201199045,95.27716494470616,43.0,Walking,-0.8993541341306721,0.8400801050918072,9.337477045712973,-0.0147332576573784,-0.4624713424681969,-0.2964888916681135,0.2860686347378145,48.978127193780935,0.3171308670857599
86,36.42507413508709,97.77093825502396,82.0,Walking,-0.8741850479639521,0.3005101421873231,9.018081092205684,0.2779094067485368,0.0692302120914479,0.373361117841438,0.2640597484993485,30.39876938938074,0.2016991157214419
86,36.49555910717143,97.93951162447408,44.0,Walking,-0.6253064173464222,-0.8191620444166785,9.400329868410758,-0.1176366689383721,0.4207708496360753,-0.4402377258216156,0.3813306593903998,33.39064617705333,0.3522011965899111
76,36.89784238325922,99.6727012281093,78.0,Walking,-0.9350584566165034,0.8957131345073215,9.54987692115621,-0.0568726546770854,0.4684191305004078,0.3885992804371524,0.2382484258152243,62.305034782519,0.3426028583723481
96,37.147536173474016,98.63030663031238,51.0,Walking,0.4867057911400247,-0.4828854727195082,9.619582592827086,-0.1238095312303778,0.0405526753889241,-0.1709262205392721,0.3230857830065853,60.85893379438426,0.2732572772413044
97,36.5652275231776,99.5888632624722,37.0,Walking,0.4466606079879263,-0.3255750191874285,9.66349034512871,-0.13265948472272,-0.041795194747784,-0.1854123665859335,0.2811428848361895,66.60555281619584,0.2105871871137636
104,36.98802091928408,99.54173605121504,56.0,Walking,-0.7278875311367141,-0.1954791726329159,9.83629131310246,0.0259465769014594,0.445017094248494,0.0120885766986639,0.208216472991111,64.18061743642998,0.3509865079570101
79,37.09316085059923,98.0228705512912,45.0,Walking,0.6721578015905618,-0.8975514071913735,9.21546290727573,0.3087994445011507,0.1736098319966951,0.4406901877232317,0.2694576948611396,57.327022529592725,0.3910350320956265
83,36.81670574275801,97.63881032668225,28.0,Walking,-0.690427930307776,-0.0069691555387902,9.120481822438467,-0.1382316880774341,-0.4351007204615905,-0.4522186353185946,0.2530457045005349,32.09331429202651,0.2480303192044028
95,36.935412636674926,97.787204835818,83.0,Walking,-0.3976488260052824,-0.7533630178494155,9.851537171897926,0.0242547205377366,-0.0342744223325024,-0.1477690249292547,0.3372182307886974,61.3139447194663,0.2647049227474076
85,37.05201225334092,99.89165403838624,91.0,Walking,-0.50204620167727,-0.1980593466232965,9.15661281489265,0.1707273254426008,-0.2597549815356961,0.3565719886833357,0.3897580995383836,63.820432433622415,0.236762577896363
79,36.60854012619247,98.8658384587348,39.0,Walking,-0.2553858028539044,-0.2985804240158314,9.974760081336196,-0.2305605536963449,-0.0301956785513184,-0.1039455225645332,0.2536094374757275,61.96328583087818,0.3153872246689679
109,36.63751653941444,95.531329523962,73.0,Walking,-0.4906724682200762,0.5456801668530067,9.842538229398636,-0.2224771950976074,-0.0445344279936382,-0.300843102402933,0.3622931878303363,50.33916141232105,0.230968278929491
101,36.40050201330276,98.892142033907,49.0,Walking,-0.0220981471230958,0.6063410232654622,9.5008766058896,0.4334131270234548,0.082144802814742,-0.0752058186685882,0.2110719633876819,39.31607354597927,0.2712387886922759
76,37.170475304718245,95.85269024449111,72.0,Walking,-0.1851842372906291,-0.693174235221824,9.981421424922026,0.2235345733310886,-0.1432295096507487,-0.1144474985083306,0.3076242020079626,63.81319902754907,0.3394026027868526
98,37.13403591567708,97.23675274502811,82.0,Walking,0.9731389815586532,-0.2668976252415476,9.097376729108005,0.0771866762233088,-0.3357295505440719,0.4154162014667034,0.2141100127419789,59.08651238960554,0.3120231966018697
105,37.01165461100754,96.05229836088267,30.0,Walking,-0.8881472997435487,-0.2532936779363366,9.303065761175102,0.1477200544206119,0.0037194345899562,0.2619343757430971,0.3868065982261279,69.23044697555406,0.2772925128655871
107,36.46326081678132,98.44791532766617,50.0,Walking,-0.7156372472252968,-0.6971791121278299,9.638224415040613,-0.4707005568965816,0.330202884345762,0.0051155557440063,0.353270256111478,36.22770391023732,0.2840499203615084
104,36.7580023117596,99.38654868096518,68.0,Walking,-0.894348212182795,0.596907010102381,9.350006868473178,0.1181029655616968,0.1640122280676023,0.4883705667215711,0.3315899822409185,39.0265833220822,0.3124221765246459
102,36.48151340317724,96.4518094268334,38.0,Walking,0.2516823899647515,0.4144566566708465,9.928372551980791,0.0095088732242019,-0.1616321340747841,-0.0347224687240766,0.3647792763249329,38.47192599526011,0.2011729455774322
105,36.41273621381024,95.41005370604094,31.0,Walking,-0.8909814451725608,-0.6192364274059305,9.065626088177815,0.0457496797794356,0.4355230227588572,-0.4417621691797248,0.3295039591140326,61.70159070485347,0.2157019736907219
85,36.89294637217008,96.4924654903748,34.0,Walking,0.6728794747522466,-0.2665561828124019,9.549411832060963,-0.1405761731691829,0.4122075712491821,-0.2377256781850151,0.3937888794348582,37.47629185800473,0.3762516135526023
97,37.16866353366415,98.36180928966095,50.0,Walking,0.0238772613638555,-0.7883899502869716,9.590866267395114,-0.4185261022870581,-0.2906516006159012,-0.0639295197806874,0.3427915895729543,32.66639319293225,0.2155757978182581
76,37.12229441874573,96.64380063777224,62.0,Walking,0.0540152491630674,0.2564131941860879,9.652728123777225,-0.3066607663879478,-0.460582414879637,-0.3430973758538799,0.3849317219164493,69.94243226342515,0.341360719242101
101,36.95740385194833,96.39056083776902,56.0,Walking,0.1231890154243884,-0.7572561509027607,9.255666223331817,0.4507447132126717,0.2413087083507622,0.447565126324043,0.3034263784021276,30.992688457805965,0.3840076328218105
109,36.4773124673319,95.92217595292132,98.0,Walking,-0.6583725873875785,0.9718683372498356,9.364566427519865,-0.091300437729066,0.3276102613491533,0.2668488978177731,0.2234128825963725,63.40976240635462,0.2541367208603462
76,36.61933123013784,97.48758213437216,48.0,Walking,-0.6046193937710249,0.5613641493757247,9.843680529664978,-0.0333168441691358,0.4678645659513553,-0.2317127995722273,0.3056355442846034,44.614673662026114,0.2740982874119029
95,36.65604538150824,96.37974414078592,45.0,Walking,-0.3623653542539906,-0.2195229008320098,9.19494276897016,-0.447290210146561,0.3898363940883107,0.0908045335179158,0.2253745656126186,63.66461839031261,0.3137842811689433
79,37.01052004619645,98.65505174569742,21.0,Walking,0.1869928316437028,0.1571278645587088,9.826867847173364,-0.4624337704560194,0.1005347682064148,0.221449157109572,0.318498695835281,52.1848196484458,0.3763417939277169
95,37.04179934338809,95.383112009961,34.0,Walking,-0.579764448119571,0.8226836324328175,9.562655422902742,0.2171814470467576,0.0300523392123808,0.441278928906798,0.2964986121055326,66.06524917945441,0.388381117452084
103,36.70808489839194,98.3201651655566,23.0,Walking,-0.7673365457334775,0.1081985607916522,9.762187511194082,0.0380946641211112,-0.4721589487374137,0.3816353491754106,0.3245150795665563,67.04771945658507,0.3479126496222536
94,36.734307197294086,96.18780007283884,69.0,Walking,0.9402337728368644,-0.6510030272040896,9.71360736626347,0.0087059842162666,-0.2533435531552221,0.0151922261382136,0.2020093962109663,30.36392725123104,0.2173239521709388
94,36.43560723142094,97.44639630525802,57.0,Walking,-0.9560363703807542,-0.2425932888376814,9.207511495384878,-0.2568754695773313,-0.0403852482670735,0.2746526197930176,0.2389680983310728,33.01648703971153,0.3338308311069702
99,36.63130937473501,96.4304496101563,42.0,Walking,0.6053948106720433,0.6862897300594908,9.568812736433872,0.2447507316299222,0.1285039000835678,0.062144753827585,0.2982660863824262,40.01434918283422,0.2820607443745324
76,36.76102814174211,98.61384338005398,78.0,Walking,0.5760702991500442,0.2884260319792358,9.867723152805093,-0.3317634208915081,0.0572518333184106,0.0527038900455401,0.390100712317827,56.77261665454007,0.2941401998982123
106,36.493586437108206,99.7265352012582,94.0,Walking,-0.405571772309808,0.3014487686676006,9.43211623680193,-0.3100652563389799,0.2426359896816905,-0.3852580416618081,0.2767218080710317,65.53088786046024,0.2098296780690354
100,36.762613968604015,99.58538389734906,47.0,Walking,-0.7287467679853732,0.7336429713769783,9.966590770223316,-0.0392878286517245,-0.2202330691129591,-0.3738623419838479,0.2848744052107269,48.39767805175851,0.2382124278692716
80,37.08254064980624,97.91713107572046,85.0,Walking,-0.7087427065891532,0.7879461149250093,9.452215100101718,-0.2137201378880591,0.0649526076524732,0.0295336150224574,0.3429392178013244,54.278924650970616,0.3581027215067295
77,36.86505681578005,97.31305151628489,27.0,Walking,0.394863234474385,0.8395851435588726,9.142785636667885,-0.2525370187668536,-0.4118577566092078,-0.2311384550209934,0.3207585514572236,37.539994111822445,0.2907917666095719
107,36.46314388403073,99.09150254719692,48.0,Walking,0.2856131821723473,-0.8103016134936878,9.389434680077674,0.1452376445533316,-0.086334476416793,-0.4789630975395313,0.2597852300196667,62.19867335526742,0.2603324483262298
75,36.55333705506422,98.41663181313864,30.0,Walking,0.5654913485027735,0.0882520039262018,9.951702406390536,0.1509717452185445,0.250160832954601,0.2228392039002122,0.2821632791134856,68.6931244541388,0.2768038147929916
79,36.77963548012684,95.91782057108466,37.0,Walking,0.8749623447982093,0.4810190424366372,9.319720849339854,0.3245170697999292,0.193400853429044,-0.467513403309835,0.2435399597714465,40.7439573165839,0.370879902665136
87,36.68918971985745,99.104596068065,74.0,Walking,0.383854726533184,0.5138536902540276,9.868098159867063,-0.0822914330270241,0.490642737172179,0.0952768411040545,0.3932042918260417,49.79303806402186,0.3497998034809914
93,36.68698161563688,97.14442194697357,69.0,Walking,-0.6882969268971131,0.2134324039400077,9.88125068168189,-0.4269149089738497,-0.222108874012244,0.0391937941273143,0.2261268763114719,33.44464442025495,0.2544630794362166
86,36.82341395851487,95.94492829985587,33.0,Walking,-0.5131147664691786,-0.6664253296326517,9.350186524331962,-0.2263336150785423,-0.0018107008260208,0.4688146905778044,0.2743673569132839,52.36546625851874,0.2235003680424746
99,36.867516737271565,96.40898675198248,93.0,Walking,0.6843874617462291,0.5948411078833287,9.083257658050632,0.4800054631968169,-0.1704695862260032,-0.0157868606523583,0.2051677944440022,50.111337673867226,0.2503996443288143
109,37.03748925622096,96.33763515124171,28.0,Walking,-0.5813878483315829,0.4402226670298914,9.724557909158818,0.096258575232702,-0.0593968859408252,-0.4363985636222026,0.2443558983867093,35.777459366203104,0.3841512902109467
86,36.67277325076999,97.5960348730173,30.0,Walking,-0.8549553660910372,-0.8277284569019274,9.311512299013986,0.2097370848010202,0.3569501298693881,0.0516879678064616,0.356094227676031,47.682648524723,0.3163177675699511
150,37.38403175959227,97.1019062489456,117.0,Exercising,-2.20977290983219,-1.0169879263825772,12.539888540247135,-1.7808518083058047,0.9980656606271228,1.7183323783902755,0.5046342283199234,37.17124417325204,0.6408066330007514
147,37.976241925734,93.27710051623016,143.0,Exercising,3.460288686417792,-2.835459921334114,9.659114746397982,-0.3137830071278631,0.5222369373829534,-1.2631204028145628,0.6307203070529923,18.70301257984489,0.6643236004038723
144,37.911644153115134,94.48998655022451,149.0,Exercising,-0.0861607983630969,3.062253597011974,9.494700352673425,1.4984231780126636,-0.8254704329605032,0.6475135521787649,0.6482472810655413,30.578733230129792,0.6931240373313481
134,37.60705881149376,93.96165260152816,113.0,Exercising,-0.9365009416670632,3.376390417016858,7.905999624956939,0.2554681275670662,-0.4016059535165284,-1.1701222477644913,0.7195619759188161,18.959757818590827,0.6292284273623004
157,37.385644134092665,97.5826916032702,130.0,Exercising,2.597010822407144,-2.9700223769942955,10.345731624541244,0.9079116781137238,0.0011914975759679,1.3541968280991723,0.7834901190920229,49.93778577131677,0.6190694862371383
133,37.71918246722465,97.02156699706774,144.0,Exercising,0.8668003722534294,0.4560544505050288,11.032935297972632,0.3193369531243615,0.7156033689208297,-0.1156650820642988,0.6445410327616824,46.10948791084861,0.7639054561812335
144,37.55091655192106,97.97290166439932,86.0,Exercising,-0.4451824312200401,3.151781347395434,9.986648950774228,-1.349937420971539,-0.4321290389021479,-0.3554042706394451,0.6713641728844393,16.69135430993889,0.5547928889238112
132,37.56016688671815,95.65680658019971,94.0,Exercising,2.8013755616403806,-1.1538073263947188,12.177291364601947,1.223430821336248,0.4143249884922504,-1.4730248014721434,0.5225606086288408,22.3337118382544,0.7434332618559634
152,37.92125327547834,96.7218547962872,145.0,Exercising,-1.0055520527494028,-3.0408957481292367,11.91354216506138,-1.8142653780687508,1.4232916284956143,1.4657096115950248,0.7948040146167303,49.716250006187465,0.603820173309233
147,37.50121453357579,92.3382911231194,137.0,Exercising,-2.149486541901652,-0.131823461080228,12.28293535417212,-1.9450672476696869,0.7236688504690059,-1.8667072022419664,0.6197328051724188,42.64166208071221,0.6169564095390961
130,37.59737535229512,94.12907434058395,82.0,Exercising,-1.4996507821062224,0.5542510636041955,9.9227926767396,1.5572750397132782,0.6821620260243635,1.346209564678455,0.7276987287472183,39.265411399302224,0.8964226034956349
132,37.74575092107653,95.67610606804764,80.0,Exercising,3.315533835898707,2.4952729196792376,10.86379305529688,0.0775907411338705,-0.7265919114559565,0.0492014436618659,0.6435934611651575,42.46531953127754,0.540781019832111
132,38.001123295800745,95.51225253674572,104.0,Exercising,2.725061158553002,2.4635042401142675,11.570507118235517,0.2601300999037992,-0.4750801889004932,-1.4590352350139946,0.5133983649136696,43.9258778359243,0.6618580113760397
158,37.67010928796709,93.55669502640846,137.0,Exercising,3.0470513901978933,1.7702981517906131,9.356634659779475,0.4106798437780203,0.0258255081460561,0.6457912664524046,0.7433261738600776,49.99094452903324,0.5369383355781729
154,37.51444977955012,92.50789252150776,121.0,Exercising,2.445975137424961,-2.7485846494270474,6.110974817614969,0.2379010378253849,1.3776093727621288,1.527613139053838,0.5262726720248524,23.542240383853795,0.7696029425850845
158,37.74448415692657,95.00118761313672,87.0,Exercising,3.1056735457131923,2.7346029149221005,9.06020434692124,0.3086865064959849,0.4603651494799532,-1.9419396218895648,0.7197324377391348,24.143579635875383,0.8372147787710813
155,37.60547004174022,97.04265650327612,109.0,Exercising,2.724828982185535,-1.6078985631252314,7.9562860886075395,1.7449615512288128,-0.0752473940995899,0.2993561514394995,0.6296639562755071,49.366686280043,0.659528610769623
133,38.017990140740345,96.2077600525303,135.0,Exercising,-0.2169654223156394,-1.4672155167154477,10.073056865532957,1.46676539359758,-0.1619909337187302,-0.3909009302742658,0.7039177388005275,46.42643366709882,0.7088505973728707
151,37.595936939418856,92.36729994886144,82.0,Exercising,-2.484078832803166,2.119030640707749,6.382792345273559,-0.6450003831419711,0.5241367028481956,0.3988176536324008,0.5324232480999165,23.190185050612943,0.5824788317020809
132,37.85422358220489,97.93530010052352,129.0,Exercising,-3.261847963497898,-1.4219168494441226,7.241866290848277,1.431668288974271,0.1639449421123346,0.9966312927061268,0.7915852535779417,24.072536682019525,0.634584465030885
150,37.11750732664301,92.28010891939564,113.0,Exercising,-1.2216986707786033,3.89062538848101,9.969229484508592,1.694972525066594,0.2269292310368711,0.4434403340674016,0.5948014168599182,16.256246291612634,0.6817689276638165
48,36.39771262842465,96.30072964319996,0.0,Sleeping,-0.0297519482823308,0.0262371928574373,0.9953069884135292,0.0102800564822219,-0.002329217228421,0.0050562019536505,0.2271469476861616,82.62204830942272,0.0006066949459774
55,36.02319390181037,95.88096767355422,0.0,Sleeping,0.0260969224725389,-0.037297670192482,1.0321679625263451,0.0084977201555803,-0.0060568860728174,0.0035064353008996,0.1305680390335503,64.85667048917044,0.0776343707735299
58,36.45647470636963,97.86312624495515,0.0,Sleeping,0.0423029517754813,-0.0434062057517912,1.0420314001917954,0.0188461184205385,-0.0137574006935902,0.0091028304541226,0.154566551392242,80.53475123523445,0.097250430024033
50,36.31087709248213,97.23784239828686,0.0,Sleeping,-0.0141449696504363,0.0202096398764991,1.0421254524441177,0.0146190270739261,0.019201321123406,-0.0089771287711059,0.1603615858845103,58.47131405472197,0.0252761630016226
58,36.29883211700487,98.93590083154474,0.0,Sleeping,0.0310988234037504,0.024151871133771,1.022420581668536,-0.0138414899885543,0.0003402387901614,-0.0093235580141555,0.2840399528597493,80.09133859283313,0.0974223916876134
58,36.1494879876274,95.85179720636056,0.0,Sleeping,0.0256940310675388,-0.0186766684925838,1.042383454384906,0.0108064152684605,0.0025392974688164,0.0093458498388859,0.2487078456153901,58.29544215814852,0.0515974224365699
58,36.36368852760802,98.0313274519494,0.0,Sleeping,-0.0477596452232796,0.0359143792903713,0.9873890650075706,-0.0112673135899637,-0.0035778926387869,0.0142797915290961,0.1589230650323057,65.40464110344857,0.0727727460187864
48,36.2546987878205,98.0361952853372,0.0,Sleeping,-0.0421945426956296,-0.0452685302015096,0.9954770240906398,-0.0070705982018844,-0.0127797249061156,-0.0191657434563092,0.2970742931596827,73.95024822084427,0.0260691357692774
58,36.05147194857017,98.98110128070348,0.0,Sleeping,0.0434025476463683,0.0027467163899763,0.98786065445958,0.0158896565531253,0.0117258581475454,-0.0186112021934576,0.1910254571367104,65.24174152696847,0.0789706150231295
51,36.03340408826705,98.2455721466144,0.0,Sleeping,-0.0326611497235227,0.0409658070517568,0.9689377302046772,0.0188317086086169,0.006902645507121,-0.0192890526360074,0.2774619476741313,63.88510384703737,0.0376585719391281
48,36.34190699345032,95.19149098814376,0.0,Sleeping,0.0020820202338909,-0.0457563709463484,1.0108323521052764,0.0064443107795642,-0.0147036630209821,0.0062455836140473,0.1101768395437793,82.91395166006666,0.0133423422231656
48,36.004011270513004,96.41366404719712,0.0,Sleeping,-0.0467334147507911,0.0331797138340232,0.972152450871812,-0.0167339519142479,0.019071159811097,0.0033144398887996,0.2941133718588149,84.31063755502993,0.0694469489718466
55,36.13033261549042,96.83056072308366,0.0,Sleeping,-0.0287810599889505,-0.0156627925937217,0.9956646303732236,-0.0153804032114435,-0.0161045640319971,0.0160621759021487,0.2361110548569554,67.66855413774249,0.0414215921723798
59,36.1515569494705,97.00312806387448,0.0,Sleeping,0.0378802268227564,-0.00534078295663,0.9947899125380923,0.0180066231304205,-0.0080641499499292,0.0019645520047371,0.2466604289465658,67.1734914681659,0.0900304765956163
58,36.17575387277114,97.62838162741808,0.0,Sleeping,0.0212216930603304,-0.0478358396871671,1.027818044929474,-0.008438718231822,-0.0114104406219785,0.0145223789035403,0.2630796813152038,64.97340688442323,0.0231130193640919
47,36.3249257703234,95.04184772116348,0.0,Sleeping,0.0203539231329725,-0.0149315823637273,0.9586790304514614,0.0146095151497803,-0.0049599374185191,-0.0030240177446149,0.1755259843217267,59.28949947943842,0.0734814890943839
53,36.01086934736042,97.95875242263088,0.0,Sleeping,-0.0371883121819282,-0.0047624197814949,0.9601097516285834,-0.010636188919076,-0.0040306869326086,0.0194998892947704,0.275054451986694,66.89011274168712,0.0556545247838576
48,36.21632134047555,96.8257045493408,0.0,Sleeping,0.0457612210392056,0.0339613448220927,1.006810560971367,0.0190399267599369,0.0183272823315664,0.006611247996939,0.1859642876991227,64.95740486017228,0.0955809153615561
56,36.25409177385572,97.08890014758586,0.0,Sleeping,-0.0016525122476888,0.0471984443911291,0.9916059212978736,-0.0168168074849922,-0.0099791235160405,-0.0140230304048944,0.1997553822843428,88.68694075393921,0.040215382957588
58,36.003459878103875,97.71056895973392,0.0,Sleeping,0.0408228980998681,0.0098082285353337,0.9859153377883608,0.0114315195149259,0.0043832361008448,0.0125582679989544,0.1285683943597388,85.16421291718625,0.0689951607551736
54,36.2942662114841,96.67464590936568,0.0,Sleeping,0.0027333674701981,0.0003017805640306,0.9697953275450814,-0.0156997297536162,0.0059965230447916,0.0092828403883645,0.1658460079662694,51.30244294479972,0.0140357870319557
58,36.30803742038369,97.54228290694807,0.0,Sleeping,0.0392563717249863,0.0063735176977246,1.0211880982559325,0.0012264949141338,-0.0155170342546486,-0.0012510478548835,0.159177185587863,52.92168035384074,0.0749275819374849
56,36.10435423810648,96.68133407959223,0.0,Sleeping,0.0434657500416888,0.0205782767830708,0.9938255078095668,0.0010278589045822,-0.0013695050986145,0.0024397707604316,0.1343818571433568,70.8452250753896,0.0253288358020263
49,36.07764748708372,96.91863327998674,0.0,Sleeping,-0.025445401885709,-0.0280454344692246,0.9661604069054884,-0.0142021532404117,-0.0172730870098623,-0.0122977555762475,0.1392419635689743,54.99926923828252,0.0635204067153345
58,36.20296252402312,96.05476471173304,0.0,Sleeping,0.0180738133362709,-0.0142666457284737,0.9639505267712458,-0.000227581864283,-0.0100498480628644,-0.0192834943864607,0.2331500323135361,78.62605084895361,0.002419676120313
57,36.46194324124441,98.83445276583096,0.0,Sleeping,0.027710102093465,0.0162349633910775,0.9780324455341608,0.0056738895694521,-0.0036595090489798,0.0177945914037615,0.1279214760329103,59.5793077000974,0.0394341103942063
45,36.175264289921394,95.7413330402944,0.0,Sleeping,-0.0226862939532825,-0.0009522876289041,0.968640960130584,0.0032253657346621,0.0055370605358683,-0.010073942095319,0.1366107121157392,83.50268266479641,0.0883525891593128
49,36.46326206141752,96.03519679701374,0.0,Sleeping,-0.0058230201940182,0.0366145474731306,1.007551165174465,0.0142449430414777,-0.0081514399287194,-0.0077887512253177,0.2010086209874847,83.8368515708533,0.0983354109386696
46,36.154138101021616,96.23109495246672,0.0,Sleeping,0.0171953077156861,0.0423530648728849,1.0393169237461428,0.0005398404606129,0.0040273359899638,-0.0134101725414562,0.2984818025677055,54.08960737699897,0.0109504533194686
59,36.454834004920265,98.57671511325157,0.0,Sleeping,-0.0120135537298063,0.0428874603204652,1.029739116874453,0.0169361591180746,0.0197093260245362,0.0077986094185059,0.2576089274571702,62.95521858119171,0.0446590943620514
57,36.37543800017736,95.30790061010158,0.0,Sleeping,-0.012821407930223,0.0169792768838565,0.9659465888348032,0.0162867529601864,-0.0098299632640109,0.0094121945301903,0.2957726311587997,88.91045823701717,0.0263154278951571
48,36.1702206909342,95.89971446505548,0.0,Sleeping,0.0432563174263956,-0.0409774462404336,0.9619771118717668,-0.0011288995416512,-0.0097600887188926,-0.0019203050598338,0.1346499691124819,76.68277610555535,0.0245545203746724
56,36.48677931739767,95.22685491852468,0.0,Sleeping,0.0258435643951474,-0.0243629049330664,0.9753560905602712,-0.0057602011827567,0.0130428586048668,-0.0091155587061857,0.2484883240206222,69.28968032351038,0.0777641847758237
50,36.30525430660727,98.53658084203995,0.0,Sleeping,-0.0106648982076212,-0.0110341967257062,1.0354136713692526,-0.0191375529559582,0.0002828499320299,0.0099947065115628,0.294710304642038,89.2539617721041,0.0293794715787489
45,36.2763999400983,98.13439620837286,0.0,Sleeping,0.0086500174869316,-0.0021051842799186,1.0088385566737892,-0.0104477283704561,0.0186694205204185,0.013529259890413,0.2078960730430384,72.00609606786202,0.0717921497665656
53,36.12486372993923,98.9712407363811,0.0,Sleeping,-0.0308290211344553,-0.0050506385177643,1.0209547168810809,0.0136145212991491,0.0011886081222362,0.0068797874170631,0.2965557427528996,55.44200610800245,0.0774990251237762
47,36.3694422297122,95.024943101163,0.0,Sleeping,0.0116378572184785,0.0010599830853227,0.9688124542702562,0.0021226517753283,-0.0156497784917941,-0.0012326003937316,0.2137092036693611,71.7200841556314,0.0877420570150748
47,36.38896215657632,98.8478679021544,0.0,Sleeping,0.0061445675827124,0.0246884757093358,1.022482345878982,0.0160546940208931,0.0102192196755025,0.0094586789313075,0.1002432813694827,52.62880968281814,0.0186305092007674
56,36.423976792259104,97.61919644513986,0.0,Sleeping,0.0166589460207298,0.0213834395907504,0.9768404330291148,0.0044895681696453,0.0185820590392723,0.015406367978144,0.1480012158330604,50.27499196182154,0.0717872780347802
46,36.11685439774896,97.5486398364696,0.0,Sleeping,0.0264146518202346,-0.0474990538684789,0.9935409051288752,0.0136929205386554,-0.0059583121382387,0.008736850654894,0.2503160945052169,56.35160338766421,0.0986750210095086
56,36.383979762848845,98.85555850668834,0.0,Sleeping,-0.0470801620445095,-0.0218470089875595,0.9625295725837756,0.0187022292598312,0.0091633071385368,-0.0067198870111104,0.1108632179897519,85.83572913035964,0.0832672567213397
59,36.49519244195957,96.1590576475327,0.0,Sleeping,0.0232161589552034,0.0386269052738762,1.0184288836722195,0.0048528278931401,-0.0158790142532839,0.0169506645383657,0.2902258771905341,69.7755806493631,0.0436431351954544
59,36.28739017414901,95.6968765530572,0.0,Sleeping,0.014185718501324,-0.0072524814928429,1.0108174886612336,0.0040048306141749,-0.0196776875290791,-0.0021361221579295,0.1599478604247489,66.64401634256862,0.0780204107788743
52,36.11035541109015,95.79156331433512,0.0,Sleeping,-0.036616198008032,-0.0343775351853425,0.9823121393972288,-0.0180531228015941,0.0086067160043333,0.0142754965320263,0.2529182454391413,78.03051954360075,0.0908932569110385
50,36.46775376556992,97.50133618306933,0.0,Sleeping,0.0268757278719335,-0.0468964370155459,1.0465629648828032,0.0044485263849577,-0.0169739994252183,0.0073073630364513,0.1957556842073392,51.70381175746003,0.0790397317983036
47,36.126249348809424,98.70308176834844,0.0,Sleeping,-0.023399798566135,-0.0411242438848353,1.000408439576903,0.0116463506416973,-0.0166040688698523,-0.0168027045581504,0.172745329417551,57.01059548475407,0.0644200634111947
47,36.16673390881371,95.52650994112756,0.0,Sleeping,0.0156036766157164,0.0065952130146871,1.0241648332649913,-0.0033075437859299,-0.0011233367018185,-0.0032057404857877,0.1670444444128445,60.91923068987991,0.0871369791156149
59,36.467239725567936,98.84005161316692,0.0,Sleeping,0.0449074820744177,0.0234704841795585,1.045731509632199,0.0054703449874241,0.0127854205434198,-0.0062620851335058,0.2225758789749688,87.64591029608204,0.0447734492812915
54,36.02801096927846,96.9187394573468,0.0,Sleeping,0.014015512911911,-0.0389427855582563,0.9937478588373856,0.007596458517787,0.0124715483624664,0.0098693769813584,0.2076808987989191,78.0111835589486,0.0442976154020378
59,36.12531444556786,95.88639255121606,0.0,Sleeping,0.0112012080881252,0.0401233182383477,1.028561785516533,0.0120953671182348,0.0144133472029833,-0.0174702589817937,0.1691247028546313,63.99788682382077,0.092099086128752
48,36.12108709300982,96.08642863013704,0.0,Sleeping,0.0464412674457325,-0.0237311606284166,0.9622536538921608,-0.0057573502491635,0.0129479541247278,0.0168737366289455,0.2906603273280875,52.98076261761246,0.0099997891314979
58,36.17497790258514,97.24924566007644,0.0,Sleeping,0.0136902232599954,-0.0409056842075737,0.992303553311826,0.0138362848400986,0.0153578337841728,-0.0167592622097767,0.1132987119464376,84.34318107158413,0.0825956754038831
54,36.30589799748226,97.747689076543,0.0,Sleeping,0.0209146984817491,-0.0340774359160175,1.0389035979315433,-0.0017463632195557,0.0009704996972138,-0.0172984442007103,0.1242040106329893,85.82688088300576,0.0391952041664535
56,36.38783828136397,98.4469508236946,0.0,Sleeping,0.0344001238333285,-0.0140879752655741,0.951376422264384,-0.0180499426300344,-0.0026143907074804,0.0188881352218763,0.2528684177243517,52.32637035953864,0.0781929012445282
55,36.31103838873393,97.112139605526,0.0,Sleeping,0.0072451626000431,-0.0341050102895665,1.0236519398710884,0.0115809477313294,-0.0118788226832718,0.010915644069019,0.2884313102309064,71.5385152289138,0.0806256737152039
46,36.38755003659185,98.05866483042615,0.0,Sleeping,0.0026141482579702,0.0157672094818069,0.9828917544610144,-0.0122509802216974,0.0115123527114368,0.0190482386388872,0.2782040855938472,78.89192021623,0.0957565053830979
53,36.31166619971184,96.4636690981684,0.0,Sleeping,-0.0236551106850545,0.0346643820916441,1.0115610205952985,0.0146897352128365,0.0052667132621414,-0.0077299892738119,0.1138780582833705,89.03524991212777,0.0028407569228717
59,36.434218796363,96.34495527498578,0.0,Sleeping,0.0281507681093272,-0.0352811262550865,0.9795654240151204,0.0198242038429817,0.013466098610328,-0.0168742300979549,0.1746092683425199,75.06597049600455,0.0776033381748157
53,36.16379406643572,95.60481333015738,0.0,Sleeping,-0.0169796252603665,0.0411645880275769,1.0277625774112933,0.0182171436239726,0.0038076961429366,-0.014650443397406,0.283532126762185,66.53993055401779,0.0607599136209191
54,36.36672841049679,97.742611985239,0.0,Sleeping,0.0262752401117686,-0.0423275634081437,0.9727324976377214,-0.0176161930530779,0.0164609468948404,0.014526853435116,0.1192318156079785,83.44787465908789,0.0415347021537901
48,36.4741752657741,96.63802718555591,0.0,Sleeping,-0.0100395217201494,-0.0297001394325005,0.9700325014518676,-0.0190151592931733,-0.0083655698044537,-0.0023005956749953,0.1504101837490408,76.87518956436179,0.0209566229018622
56,36.25121468306693,97.33396978898442,0.0,Sleeping,-0.0217955819902738,-0.042731779446758,1.0105776154454753,0.0091296098239474,0.0158094372803851,-0.0174878893308808,0.2674740937763148,67.2912508470348,0.0967849864148349
49,36.46562546447494,98.67503282095532,0.0,Sleeping,0.0492220878105746,0.0016864031583496,0.952882726745051,0.0182136992911519,-0.0183266553023462,-0.0111742008077485,0.1301175347016046,63.56756871278395,0.0180160100729436
48,36.24381428530448,95.95805056085612,0.0,Sleeping,-0.0323309830220263,0.0414403417702485,1.032102047751172,-0.0022877997985191,-0.0002898036302897,0.0042891538076572,0.2248447857507246,60.3723830293709,0.0507153943988576
59,36.32300403148814,97.92557815857305,0.0,Sleeping,-0.0215234929777528,0.0411690495900816,0.9696055869529326,-0.0196128354679152,-0.0133371858699198,-0.0065850156985604,0.2936730927875991,70.50803377317195,0.0589274782077118
49,36.040002357678304,96.84167452409775,0.0,Sleeping,-0.0118973108796959,0.0103657621328087,1.0326722875484475,0.0165115287109127,-0.0071662651875695,0.0137375569946733,0.2552811525611599,79.98561994979156,0.063370079146597
57,36.236076688530254,95.88783415644714,0.0,Sleeping,0.0314521689827022,0.0030377419427767,1.0431328849886483,0.001589296102807,-0.011642847354513,0.0024314794722238,0.1700135479097047,52.21344336973442,0.0937575341864395
51,36.44041934587046,97.72612767652166,0.0,Sleeping,-0.0392089296360956,0.0179920374319458,1.0201301592739591,0.0189591761524085,-0.0054122408533306,-0.0033107819417448,0.2061830881139011,85.08735610546987,0.0444452715340205
49,36.40141706947766,97.85756605425765,0.0,Sleeping,0.0364549007596475,0.0426402020805014,0.9584679435260528,0.0160088193415211,-0.013892937555206,0.0172149272875871,0.1191485182196776,84.09910689533424,0.0990915740245979
49,36.28444082276037,98.49824566965653,0.0,Sleeping,0.0064073601213499,-0.0369602944782314,0.9687763994390506,-0.0151643062630365,-0.00612574173648,-0.0008747165665152,0.2765131273849379,73.47355375425131,0.0856323882802669
56,36.05191214780843,95.70571569913936,0.0,Sleeping,-0.0225698508478693,-0.0063584013826487,1.0428744657885616,0.0126507481897991,0.0047693671104248,-0.0024119088737788,0.1024907827520359,50.10074115968662,0.0876696869832951
53,36.44188051029728,96.36959155302404,0.0,Sleeping,-0.0465455015067339,0.04114701582196,0.9665215287250551,0.0050744713156183,0.0188041680670206,-0.0046903166427281,0.2241438107085943,76.20342591927457,0.0995083254498618
49,36.46459257480382,96.49285940596332,0.0,Sleeping,0.0196254609356762,-0.0079581133788717,1.0163144931831871,0.01409920807546,-0.0194950822383311,0.0046604500927749,0.2551576868114051,74.34823946305761,0.0063571302543946
54,36.254341725010775,95.36007007003754,0.0,Sleeping,-0.0454105035078813,0.0177383953801841,0.983240710418396,0.0132370017559988,0.0008935859740642,-0.013722445100537,0.2799863812128411,62.50271177295871,0.0639973857104361
48,36.09092764701424,97.01629104582402,0.0,Sleeping,-0.007398443649086,0.0383261871571955,1.0297469768376872,-0.0104438168607017,-0.0168441004857778,-0.0043970859660797,0.2657032076237341,62.01159435877874,8.552008101362363e-05
52,36.47802546925929,98.21048511893446,0.0,Sleeping,0.0069149326656957,-0.0188997725831261,1.0413660338871231,0.013641795881092,0.0091883612461228,0.0026787558120737,0.1885199800765246,78.42756476247709,0.0936356169806078
51,36.386631163666166,95.56670924422438,0.0,Sleeping,-0.0366646116879211,0.0227567402284391,0.9897256824713632,-0.0174753992052326,-0.0196011410824607,-0.0114837510809546,0.108449171192862,78.01596295651923,0.0930225214027151
51,36.42606689668022,97.3291624748307,0.0,Sleeping,0.0132827660347428,0.0492410676741641,0.9549485663070476,-0.0047793558436655,0.0076742872337747,-0.0061192525827372,0.1020355600944092,64.18455798354555,0.0649096036676106
48,36.28658551124807,98.115312509573,0.0,Sleeping,-0.0204894784062744,0.0258524342189936,1.0033411965506371,0.0065067270660111,0.0103670038365147,-0.0059477573896242,0.2594319242502331,53.4806138591844,0.0356925227945859
53,36.01147186013898,97.22503988700228,0.0,Sleeping,-0.0185191166634398,0.0054472156406591,1.0233587246327498,-0.0098709267177387,-0.0149455071584355,0.001409417337815,0.1440998016804004,87.97954844524128,0.0626475992360628
50,36.10459733612514,97.97827043451504,0.0,Sleeping,0.0189485324281466,-0.0111073320847731,1.0497444987299809,0.0134580627713623,-0.017731235555269,0.0096780168021964,0.2275587836653753,69.9171921659296,0.0133672015655182
57,36.22194300640311,96.88879955904991,0.0,Sleeping,0.0222908031239681,0.0378441090069253,1.0490812456777665,-0.0073710886573103,0.0107980473053442,0.0046534928098966,0.2441036572210224,50.80566176078064,0.0672686819900362
53,36.112718727104735,97.13867616656698,0.0,Sleeping,-0.0066458175232045,-0.0056983465283541,0.9649328247627216,-0.0112824045741861,0.007627022853301,0.0037090361290688,0.2001098108565384,62.62511946094837,0.0620080241119132
45,36.400357742448975,95.93178013287704,0.0,Sleeping,0.0442856189488827,0.0311062961882825,0.9839960172217264,-0.0179017018837958,-0.0113398087807299,-0.0183035223708685,0.1938689683058332,77.49080199456468,0.0849549466911214
45,36.23910339738793,96.58272184067688,0.0,Sleeping,0.0455648342035632,-0.017117456224982,1.017782516351997,-0.0079573348581305,-0.0199785261416148,0.0109928395052636,0.1385400091671373,61.29199097942163,0.0333399078577788
55,36.3256844805683,98.05762600667532,0.0,Sleeping,0.0448008677698406,0.0302986037697521,1.0407661288221997,-0.0157741974686121,0.0177464321341618,3.839351887518702e-05,0.2698221371500315,71.50605406642245,0.0159326035672242
47,36.21593264306732,95.46778141070186,0.0,Sleeping,-0.0025158686215677,-0.036513737741877,0.975057093505914,0.0009427687003706,-0.0110129441585046,-0.0056315970258501,0.1044289531719149,85.0043068434845,0.0308837767217425
45,36.03279731294589,95.74695857560155,0.0,Sleeping,-0.0081133820176902,-0.0400483527569132,0.980772934962966,0.0182274840682788,-0.0147788983369668,0.0152499501942231,0.1646735248719837,70.53018918150649,0.0902403867500044
55,36.17007492114689,96.94467786534672,0.0,Sleeping,0.0351079325053989,0.0482971776410787,0.9648084433772686,-0.0076311805825577,-0.0162912249440591,0.0003921261075783,0.1479490312325175,59.82453795703937,0.0879593911723156
47,36.3337016059549,97.08837267950574,0.0,Sleeping,0.018037419976517,-0.0273440607537022,0.9888934679562148,0.0199080946301942,-0.014441851103818,0.0075558496008725,0.145249828812949,87.43383650167746,0.0740704274597905
53,36.056420069484034,98.88920848330724,0.0,Sleeping,0.0200515383791602,0.0423357019391765,0.9516684518866132,0.018433593416236,-0.0177170258404892,-0.0116603123490887,0.2524297932428203,52.179923988180185,0.0389770950209187
57,36.09351559464723,95.42609304247163,0.0,Sleeping,-0.0080664223841433,0.041712692527099,0.9657979141949355,0.019158106613397,-0.0068215734524837,0.0095794152272207,0.2953214454449884,81.55116656192692,0.0015344394757223
46,36.419897793092936,95.88053982182632,0.0,Sleeping,-0.0179757970201761,-0.0364377524988098,0.9952946216007742,-0.0087186155094923,0.0039274806587563,0.0134519836388898,0.2422038799465941,78.76072867099532,0.0060900502108103
58,36.43320617528446,98.13815673851076,0.0,Sleeping,-0.0257198979669045,0.0087872218232811,0.9561700249654428,-0.0191885432637055,-0.0147117490658004,-0.0142947155439644,0.2858657566650195,82.72175840188606,0.0797553926090897
50,36.10841088083499,98.3819786031965,0.0,Sleeping,-0.0401464270040636,-0.0045480133176319,1.0405086089110704,0.0167302982865153,0.0140482838385464,-0.0149856289690323,0.1644211180374682,75.77075931184295,0.0119577884600292
51,36.37640826543253,95.66297154740548,0.0,Sleeping,-0.0181005532533392,0.0180584927996612,1.0117779106995812,-0.0166050856174136,0.0141416941990563,0.0025980319733118,0.2109253285665258,82.69006084173029,0.0871134202324011
49,36.45918814161572,95.9575765644674,0.0,Sleeping,0.020931853435626,-0.0101763663316331,1.0168873686117248,0.0031605968447174,-0.0143308486259219,0.0192966646428645,0.2516751680806806,75.7468182505794,0.0676237318329233
52,36.27158445171948,96.71526763094106,0.0,Sleeping,-0.0269501684101513,-0.0185458064642797,1.0242467765094494,-0.0192506550698618,0.0056453475387969,0.0111257372598667,0.2985514699262885,83.00356918796439,0.0886539845811785
58,36.4022505883325,98.1106758416658,0.0,Sleeping,-0.0089529436606107,-0.0273612027044296,1.025929772492023,-0.0198811432073828,-0.0176477848932918,0.0016883723428066,0.2711529833998514,50.083395305364114,0.0012512655328765
58,36.16056295237655,95.80634440298986,0.0,Sleeping,-0.0010839671619909,-0.0084782247220305,0.9627896397454953,0.0136049031257541,0.0154634220703945,-0.0172946265241948,0.1665089873054649,55.86203709900322,0.0835447599051389
49,36.43655762977875,97.84536238253636,0.0,Sleeping,-0.0122599204788221,0.0260818294525343,0.9706024200618442,-0.0117445547639807,0.0056076081938222,0.0069264472133856,0.2932037284712118,53.99266736807799,0.0158612105356826
55,36.44289840890145,97.72017345360688,0.0,Sleeping,0.0094740749491818,-0.0038680337207904,1.0239806720737386,0.0025873539139741,-0.0120095234867853,-0.0072670512041234,0.141858909570513,65.84635658111037,0.0635528581187851
47,36.30295159883946,96.73826328471864,0.0,Sleeping,-0.0178345751460744,-0.0106709441201021,1.04246491314671,0.0065137636838722,-0.0172730843971301,-0.0031776024457949,0.1986440916343474,77.81964773294399,0.031056870575703
58,36.33538804013608,96.52156194060264,0.0,Sleeping,-0.0492179484958226,-0.0193322682928691,0.982150713594556,-0.0051710411577335,-0.0066850782526326,-0.0105529723678161,0.2434091416915728,53.717009369065416,0.0120070159998725
48,36.24255515039034,98.77430921131668,0.0,Sleeping,-0.0021468351781375,0.0436447437108805,0.9793885864158324,0.0059759984882546,-0.0054931151747788,0.0047930200673838,0.2621198819624531,80.52861450380064,0.0189659316944086
56,36.09306849243337,98.52581338467655,0.0,Sleeping,-0.0454828588400218,-0.0341956957195909,0.9576680098553432,0.0045409256345646,0.0136653399288817,-0.0108624294380547,0.2563766805568858,58.69863040669342,0.0903429284054501
51,36.18388547402164,97.08569782160708,0.0,Sleeping,-0.0100495629084916,0.0119126373961884,1.0090141522038325,-0.0157432950722931,-0.0113547823694832,0.0066129146435461,0.2773531745593448,85.34483153280684,0.081124559256819
57,36.45786821863544,96.1575556380364,0.0,Sleeping,-0.037715228788362,-0.0201771525287829,0.9696314337414644,0.0177695099079036,0.019287304924457,0.0151505140504051,0.2184769517380168,66.88798863164251,0.0231444167812705
59,36.22543967513373,96.76343333530602,0.0,Sleeping,-0.0260115758937782,0.0363655864226194,0.9575871323776644,0.0053682081873707,-0.0146656851052659,-0.0156336201989896,0.2900384257572038,77.50640207994427,0.054067967498388
49,36.45086643428149,95.9528228460427,0.0,Sleeping,-0.0289128355601789,0.0371335263362802,1.0479892026790611,0.0075790183200162,-0.011845255997362,0.0065936159907404,0.1603540863752554,64.61954762236114,0.089867143232324
52,36.23041492024067,95.63844046632028,0.0,Sleeping,-0.0076773615255973,-0.0369284542800118,1.0211796172848917,-0.0171863544100104,0.0187126270174912,-0.0181545966484679,0.2419844494363873,65.74869001546973,0.0839784214730599
56,36.07026913627637,96.0249726243418,0.0,Sleeping,0.0022893008594688,-0.0416397745732986,0.9628234777974416,-0.0094796263176462,-0.016526831562331,-0.0140864154736248,0.1980573330534668,63.02408689614323,0.0982497173028736
52,36.062597208857085,96.21182324581744,0.0,Sleeping,0.0303035324659761,-0.0035996026774571,1.0286035854704816,-0.0012413285587,-0.0069863484732009,0.0174040426707531,0.1582330560127768,75.20062442728812,0.086376236188772
55,36.03910572401236,96.64893438490692,0.0,Sleeping,-0.016076513148364,0.0395317182928623,0.985462795133398,-0.0163547263234608,-0.0091407091750398,-0.010491176491575,0.1151194331195683,69.52483559354378,0.0072606921945211
51,36.21893815736703,97.13788742583824,0.0,Sleeping,-0.0090264142670105,-0.0127877396861434,0.9859307189022822,0.0093596870912502,-0.0122320634105591,0.015145497992302,0.1449748764898893,53.896086994028,0.0357100629787388
47,36.4020420576414,96.8171669622612,0.0,Sleeping,0.005512843310191,-0.0472932899632466,1.0339206904626796,-0.0146371181440972,0.0168382110373345,0.018211318328716,0.208688862434572,75.10157514261296,0.0203989831326355
59,36.34439283676796,95.8790451148214,0.0,Sleeping,-0.0476253114839937,0.0409034016814806,1.0016788799456997,-0.0017507513171401,0.0032936891170633,0.0184206317433028,0.278610664001661,67.75584232165563,0.067822173249633
50,36.48257129190707,95.78053866747597,0.0,Sleeping,0.0083007520283615,-0.0097679168660865,0.9559283535477956,0.003446172399823,0.0048630504787368,0.0042498080635179,0.1052183041387904,82.15917539063855,0.0676782716007282
56,36.13494772419368,98.6576663584946,0.0,Sleeping,0.0436427025456297,0.0323013972321358,1.0407680747974486,-0.0169671878711641,0.0193027106271258,-0.0188857296450806,0.2175382002002578,83.02547501692897,0.0665214231413084
59,36.41214753991409,95.28947552441116,0.0,Sleeping,-0.0392069532780373,0.0092925942730486,1.0311366656209846,0.012030859366531,-0.0108977865695628,-0.0060382846357452,0.2953051968148368,60.70518702086609,0.0378415768036267
56,36.22812304556281,97.91502769860011,0.0,Sleeping,0.0340163867357552,-0.0117390231401567,1.0445089859284524,-0.0187318978360011,0.0039279401617017,-0.0142843632109055,0.2415882118811263,83.67599681382971,0.0810801200784411
53,36.36655122205017,95.5002520285554,0.0,Sleeping,0.0170729199821457,0.005060429121725,0.9959860291325816,-0.0046272726587117,-0.0199561928815294,-0.0050649943167794,0.2150897891062552,67.04071661044165,0.0331722733339596
55,36.21571289249913,97.71752485855032,0.0,Sleeping,0.0050474641977641,0.0041955781655392,1.0205484958841733,0.019771291238879,0.0146929259667316,0.0001177365368372,0.2021848440032581,87.53996520656828,0.0210921417123686
47,36.16138068719766,98.75987930721004,0.0,Sleeping,-0.029402396627103,0.0454111029503709,0.9935350343278884,-0.0064600142317676,-0.0112840527381519,-0.0152058940258902,0.2040004750401866,71.20577672783628,0.0085610891846563
56,36.25388478779912,97.96814557577302,0.0,Sleeping,0.0074221516799514,0.0176121652625271,1.0088982676046574,0.0099841788691668,0.0148060183652966,0.0191585520489064,0.1705528879434291,61.43725297612078,0.0007089170493427
58,36.106533814912105,96.99276253229554,0.0,Sleeping,-0.0368943288431589,0.0062270849745061,1.0222645387376823,0.0012379448168266,0.0176717202561494,0.0109322690788976,0.1085736761992912,52.589073837114064,0.024902584852258
50,36.13010873306388,96.97282928185837,0.0,Sleeping,-0.0035019580174859,0.0334207287510334,0.980437617186722,0.0182312965369634,0.0158454957610772,-0.0146229718812753,0.2035518253443473,58.47848011751696,0.0080565921121432
58,36.3494927048462,96.11221950741964,0.0,Sleeping,-0.0487165428012468,0.0120109845230335,1.0054955106449366,0.0048497895850098,0.0082896338201567,-0.0110571014957066,0.1548490962526372,51.7530873431691,0.0571212157877804
58,36.08365109846913,95.25745522149238,0.0,Sleeping,-0.0217524580166956,0.0493664279349666,1.0016380402894771,-0.0168828315649876,-0.0169901505045197,0.0167525930371218,0.1716584755093221,58.43783937953647,0.0625516598713017
49,36.17951530626361,95.30860333303528,0.0,Sleeping,-0.0365657126118083,-0.0204156125148255,0.9759962757015532,0.0036186560153381,0.0077771425310621,0.0093459028368151,0.1848686787690815,80.62079170678184,0.0315395402912243
51,36.20317330256211,95.65658780952955,0.0,Sleeping,-0.0179325404865528,0.0293831872352757,1.022177233791102,0.0068567907173901,0.0066270024009213,-0.0036430899303936,0.2408942355654069,70.64745607801886,0.0167600656425027
48,36.48603912411799,97.14312684775676,0.0,Sleeping,-0.0372941039603875,-0.0374860182485929,1.0331316753985391,0.0063698403943443,-0.0117565184091708,0.0167486242651688,0.1020389685500832,61.09795797970064,0.0712708318669354
48,36.10535134853245,97.57336138812296,0.0,Sleeping,-0.0180208233986316,0.0060803408302539,0.9671492426849516,0.0085524343284512,0.0036143401084675,-0.006165580004925,0.2269646147032376,82.40568977285591,0.0404587208395338
47,36.0317900192004,96.679293899044,0.0,Sleeping,0.0098652796963442,0.0020774801276926,0.989518590264944,-0.0192788763349906,-0.0070131705328986,-0.000451519797076,0.2770874532979971,75.86972506274904,0.011207392683392
53,36.043564956296514,97.80624098254889,0.0,Sleeping,0.0485558967259289,0.0331701486405038,1.0097812497505605,-0.0118446101464013,-0.0141576194739744,-0.0017888919076841,0.2819777709749175,83.94474411250533,0.0344765314592074
46,36.04837910987678,95.75215107335973,0.0,Sleeping,-0.018019299572284,0.0448572245852301,0.9556097216788122,0.0040047706429903,-0.0146248683821214,0.0187880191943334,0.1682287117036359,85.4920925644212,0.0799545221720443
50,36.15438142209185,96.3872248609098,0.0,Sleeping,-0.039585715740145,0.0406018926148871,1.0058138711857012,0.0181925051213285,-0.0110122408330903,-0.0085005931420445,0.2565386126307196,76.2383096708557,0.0237729485887961
48,36.24401861827686,96.7804064148918,0.0,Sleeping,-0.0236240063724331,-0.0223973080275339,0.953655366705311,-0.0042978083678227,-0.0009682917081882,0.0016549582692894,0.1515622307118388,72.70070234958908,0.0232403017676927
47,36.25398417004025,95.89613019564412,0.0,Sleeping,-0.0261731476864798,0.0400849476814928,1.0400701562484294,0.0124555198339506,0.0152240770494686,-0.0142984542763931,0.2357030933009233,57.60067278998744,0.0909224560656515
55,36.49179733239187,95.09249098006802,0.0,Sleeping,-0.0381925865594622,0.0354294861784042,0.9816807150163328,-0.0071585651919457,0.0172631384112167,0.0044334582396722,0.2299457347170257,83.45723390872237,0.0011689277961747
57,36.26985932136628,96.1418363211649,0.0,Sleeping,0.0275729009444684,-0.0067427708028385,1.008292587258056,0.013582303329093,0.0121352260377596,-0.0003316277457195,0.2648565422308006,54.594704907351584,0.006397092938065
48,36.11629055871465,97.50022073179628,0.0,Sleeping,0.0425048611895341,-0.0316672333559031,1.0001127749498238,0.0044002806892916,-0.0189021139977803,0.0135922885340404,0.1497108094614077,77.89096495068517,0.0769353127037165
46,36.01266234154882,98.47672749892392,0.0,Sleeping,-0.0011354826123954,-0.0123554180757068,1.0163841552461097,0.0043400464990738,-0.0160151039122402,-0.0150345821003117,0.2708391861323654,58.83518708560766,0.0655216841910284
47,36.18788411785004,97.64470730884668,0.0,Sleeping,0.0496577975314711,-0.0005991414911964,1.029249623594491,-0.0088886568040844,0.009456522641386,-0.0177080820881347,0.2303077094979777,54.92070830473817,0.0682740598429907
57,36.416443281314926,97.6972079468916,0.0,Sleeping,0.0210615869686565,0.0498779092641182,0.9937053305526384,-0.0196903281190302,-0.0054818576944317,0.0010100100139277,0.1722273789161485,84.74374297961369,0.0069213128374393
52,36.28256666439677,98.52559795764418,0.0,Sleeping,-0.0011102015919136,-0.0218947316280859,1.048614275842919,0.0187971084401809,-0.0042311103097346,0.0049284781829415,0.2986009128530856,65.84876839880992,0.0703781139721298
50,36.119593979562,97.70131527346904,0.0,Sleeping,0.002037872736113,-0.0046471847414599,1.0473166067250226,0.004134546760588,0.0104981943428767,-0.0097556377658143,0.2853368201639222,79.97494007429714,0.0407890686343559
57,36.3308615574584,98.68851530298066,0.0,Sleeping,0.0303223190578429,0.0145058875630681,0.9992205610240016,-0.00612725963427,-0.0036343645151482,-0.0152779626718909,0.106256201305032,60.24738685372553,0.0596467049076641
45,36.01502294683701,96.4067660429636,0.0,Sleeping,0.0063230014895605,0.0302853686176333,1.0328849170591468,0.0048886510230125,0.010834621291057,-0.0031342577273559,0.2174367278652028,82.67678285572072,0.0341932307929533
56,36.09331890226613,98.76012133033434,0.0,Sleeping,-0.0262259341339413,-0.0477154451824128,1.0407800349448595,0.0059989448269149,0.0022871064319203,-0.0155172033889834,0.19465987489892,67.10065412020896,0.0054725359294569
57,36.43136418403243,97.51997164916526,0.0,Sleeping,0.0206040973923715,-0.003520164319812,0.9884831388625914,0.008370840735515,0.016980998120531,-0.0132642966944155,0.2724898077568435,73.46670693822304,0.0889234293582578
49,36.34650451316927,97.08863051657376,0.0,Sleeping,0.0350544857319585,-0.0406694902579414,0.9888111301890632,0.0013390404845644,0.0160694788648162,-0.0135187393990624,0.2934862683770022,75.74226757384942,0.0953393470475236
58,36.35205440251416,95.01307556296716,0.0,Sleeping,0.0201208219230905,0.0048170217334229,0.9590677148402886,-0.0073990767926597,-0.0143152793993468,0.0089086561153572,0.1245070188418357,81.38617751095433,0.0463827226962704
57,36.155284883634856,98.0796183913818,0.0,Sleeping,0.0339509469038711,0.0453477134820308,1.0102346149819723,-0.0024049590912756,-0.0068047918445924,0.0030517463768683,0.1923744659958985,51.243380198685664,0.0484834953189531
55,36.13831033104928,96.41932945264564,0.0,Sleeping,-0.0328244660615164,0.0379638242247448,0.959705343835998,-0.0009176304816193,0.0112772209285228,0.0072294563867066,0.2559969766511815,53.09424112494964,0.0469493925505754
55,36.46498454747281,95.70635042206013,0.0,Sleeping,0.0088592463833198,0.0244813024247048,1.025378361447672,0.0089775329750035,0.0177354505771591,-0.0164565076272855,0.1764752556329099,68.79778659801607,0.0022544071781417
59,36.36881744725288,95.64904128810852,0.0,Sleeping,0.0123447334943604,0.0332635115805346,1.0082602261410096,0.0022323158764281,-0.0137039196388149,0.0118415759635866,0.119352924512346,62.996385384647375,0.0776659513658173
50,36.33804353028581,95.44604306629634,0.0,Sleeping,-0.0427777419014911,-0.0364824432945012,0.9724598141222018,0.0062923398428685,0.0034741686091312,0.0055957771904672,0.154041127255243,54.33858193082139,0.0778494203568865
56,36.16332957517976,97.49587609163238,0.0,Sleeping,-0.0471888042666636,-0.0048191035276062,0.9811920491572086,0.0181316172608112,-0.0113037484599363,0.016671374385685,0.2177228008873939,74.0641934228525,0.0707577723024951
52,36.02964737171416,96.89933819796045,0.0,Sleeping,-0.0174581721667822,-0.038514254863622,0.9758080678782728,-0.0142735046163879,-0.0124223240103959,0.0091255444329245,0.2417787193018642,82.64311978007251,0.0622521491620867
59,36.47094023489049,98.577963699843,0.0,Sleeping,0.0072403725020728,-0.0258441445559271,1.0022122479096651,-0.0029290241880468,-0.0107840395899036,-0.0061717209431941,0.2106877887153618,59.508056408253296,0.0637100071700884
58,36.07244960005245,97.18941003143588,0.0,Sleeping,-0.0336929372226886,-0.0137450457757118,0.9795217774002648,-0.0197730533261965,-0.0033687832880213,0.0007462981109623,0.1498587524103338,52.17897422905266,0.0720324627238985
49,36.24162815617733,96.87800700033182,0.0,Sleeping,-0.0495959057230067,-0.0106829361703515,0.9704863715616258,-0.0073445026079392,-0.0097054701180962,0.0081755681510912,0.2645002788783033,50.34132045489562,0.0237273763617242
55,36.07038865623825,95.10755047048814,0.0,Sleeping,0.0435459055072507,-0.0325904139216576,1.0461048436668126,0.0067274234093732,0.0052698906584298,-0.0123732430244205,0.1648602817915298,86.12541215945991,0.0968217146685487
48,36.00034503061739,95.68882940416914,0.0,Sleeping,0.0044686457671534,-0.0307457930028716,1.0375980470405946,-0.0085063125252065,0.017942005078992,-0.0033261106090495,0.2299849386295678,54.98963126714883,0.0341190873401667
47,36.00840649659784,96.99935177150338,0.0,Sleeping,0.0105218006319377,-0.0114397088287773,0.9788194078740072,-0.0061658355750091,0.011978649013138,0.0008158883936989,0.2882885532011219,70.1635781976114,0.0425655861244678
51,36.3481947776798,96.8609051334934,0.0,Sleeping,-0.0147543078735909,0.0081130730925522,1.0020492514719437,0.0125342830639154,0.0054639314496625,0.0055115214549582,0.1412090702672504,86.71768104809263,0.0342261126741139
48,36.214064162081925,98.44769666338856,0.0,Sleeping,-0.0253989242415826,-0.0152991640737216,0.9868496376224702,-0.0186732406056006,-0.0103263164169021,0.0154425828763379,0.1834941982654551,81.97618541600542,0.0927933809901266
49,36.34439960276613,96.1574230953164,0.0,Sleeping,0.0172754830760876,-0.0320520762338155,0.9784613024857356,-0.0188321760776908,0.0042445546244298,-0.0062955304366048,0.250695709686588,62.96095233314318,0.0025992224360929
56,36.193899923023466,96.73034356194653,0.0,Sleeping,-0.0037322402053133,0.0109121425282984,0.9529196466967258,0.0057452967675148,0.0111270904349263,-0.0103417164316724,0.1035609641358625,70.9240942144304,0.0722020589690159
48,36.35167927416966,97.3215161420824,0.0,Sleeping,-0.0191765850586711,0.0355230726767598,0.9752726896478628,0.0094135734421533,-0.0058538652797789,0.0100180625103826,0.128643883627634,62.43205727339186,0.0296414292429866
51,36.3648751875986,96.93888532947676,0.0,Sleeping,-0.0026075693834946,0.0381329187412119,1.0141668030935886,-0.0091700025967781,-0.015250297397232,0.008190346816362,0.1056629387723446,74.21010743195978,0.0748809271307685
53,36.372597148944266,95.34982802611536,0.0,Sleeping,-0.0338166241975169,-0.0180804672904757,0.9662782017287588,0.0125605656925016,-0.0101281062508851,0.0171805258379466,0.1991782254347796,63.07022363789838,0.0993973498716485
55,36.17190073230467,97.86687569665312,0.0,Sleeping,0.0130274847688769,0.0059210745200384,1.0076907220349125,-0.0059780949045077,0.0076407848576891,0.0127815443635889,0.1603312813088556,61.76653038012574,0.0798938136171385
55,36.34293131158815,97.25992928436114,0.0,Sleeping,0.0322681197862772,-0.027995948655254,0.9904077528821762,-0.0057670158417286,-0.0026564346845681,-0.0167106348303789,0.2590781335458448,79.24726260609448,0.0559625990397692
47,36.16315575030387,97.00699287063829,0.0,Sleeping,-3.954869089516089e-06,0.0064146306859852,0.9855325736071756,0.0086382094434075,-0.0131503223294864,-0.0164234606120325,0.1884019659963375,70.49050697397823,0.0075485890336219
47,36.36843987294977,97.04698056588062,0.0,Sleeping,0.0281255555001479,0.0044258383013559,0.9547696391337048,-0.0168380751651653,0.0157617810920933,0.0187370177884685,0.1471901629007054,68.07511677386657,0.0948166985021079
57,36.20948037219865,95.58742311482966,0.0,Sleeping,0.0348358967712761,-0.0077491836184642,1.0050488981541097,-0.0065311429087728,0.0178967275889869,0.0070125424853305,0.1777567596201195,83.75700909607777,0.0434713611627994
58,36.23503265100621,95.33706968864747,0.0,Sleeping,-0.0323411028733185,0.0198882440020037,0.9949695474932344,-0.0004122668350473,-0.0119356982554593,-0.0095097899950224,0.2678862673411351,59.85957727087818,0.0613719789019043
49,36.15232031429035,98.00810815895044,0.0,Sleeping,-0.0105496689091316,-0.0493261783278633,1.0255427105745745,-0.0101791263503741,0.0092114576543572,-0.0105272594411801,0.2965631337495403,70.26175864367639,0.0920841332804034
47,36.06598294416417,96.08149088618477,0.0,Sleeping,-0.0177505067957346,0.0297807642539235,0.9750285229620737,0.0179599514465111,-0.0170955824519774,9.39800672659849e-05,0.2951448424182639,82.62115323825617,0.0671478627428486
59,36.496278872858746,96.45942122714744,0.0,Sleeping,0.0403731398852555,0.006617699713664,1.031528603327892,0.0030890014680767,0.0054626550995722,0.0154877641717933,0.2906735018753096,71.87664069226345,0.0988795977515061
46,36.22039215822529,97.3790574781783,0.0,Sleeping,0.030357582032678,-0.0042968861229982,0.972277003733857,0.014825094843223,0.0170992616697417,-0.0149031675492713,0.2421111283195147,58.2744451605906,0.0608145723719263
52,36.34114789453938,96.80250615386748,0.0,Sleeping,-0.0010406797610722,0.0096649549165542,0.9909809220083268,-0.0078979543272155,0.0034888949374066,-0.0124784064388184,0.105957307268821,64.50722983480003,0.0976943692253553
49,36.06795660743082,98.8536380488496,0.0,Sleeping,0.0416484614867361,0.0444153238372446,1.0327014486659556,0.0184293121845325,0.0039280152779502,-0.0123633703210663,0.2104104507118805,51.072055914045336,0.0936259278916255
54,36.19805104085128,98.44482526349069,0.0,Sleeping,-0.034370247275904,-0.0213252159144314,0.9504729563156052,0.0113378627738668,-0.016143529562585,0.0122912620529731,0.1755216730457093,69.95494893937175,0.000381969572372
54,36.45434263901562,97.16607779894257,0.0,Sleeping,-0.0375576035790421,-0.0324644205578588,1.025082826182653,0.0146471059480721,0.0199090003044806,0.0089781334392174,0.2473146617017497,74.56096120920529,0.0912441356947452
50,36.48094976286024,96.13909177200196,0.0,Sleeping,0.0287276544484858,-0.0144569161452111,1.0053021217549174,-0.017218119655152,0.0082091948766293,0.0063751631423392,0.17321165628471,80.63801637381262,0.0612115489825483
58,36.45732638306904,98.23528850889004,0.0,Sleeping,-0.0029139908463436,-0.0268122970964661,1.0440415141948471,0.0151097241628461,0.0145162615347021,-0.0004501548965466,0.2301081518794295,56.41158885650056,0.0347563311574927
55,36.118306607344174,96.3343720659998,0.0,Sleeping,0.0236670143694974,0.0075824365509317,0.9513846804086908,0.0163233357811058,-0.0135058123550519,-0.0080770784731083,0.287615719747622,66.20349246946444,0.0274479467091368
45,36.13647340393115,97.44260088691178,0.0,Sleeping,-0.0276925303456196,0.0425426519556641,0.967922138289677,-0.0097947663172867,-0.0180875187476271,-0.0066388931191854,0.2145697824067836,63.02335025308807,0.0701567020492577
57,36.27328908232431,95.40746356574776,0.0,Sleeping,0.047440194855662,0.0216239861065275,0.9879521778878178,0.0009944465023668,-0.0175565678910857,-7.58940985005202e-05,0.1603054326309925,84.16937760347916,0.0379528319741759
49,36.37473099153297,95.19715456205049,0.0,Sleeping,-0.044220289452439,-0.0384899672177161,1.013513594999937,0.0063474553272189,0.008701358818234,-0.0092353439768398,0.2954939612565272,78.72680238584047,0.0452900851591174
49,36.21529083374544,98.46225929483738,0.0,Sleeping,0.0143895885777394,-0.0190818788878728,0.993473347098297,0.0142923392167815,0.0094743968395096,0.0166217627095401,0.198540027963137,74.48893864067566,0.0060088896204307
56,36.27150515984377,98.72722186192496,0.0,Sleeping,0.0177034780295437,0.0233907006531857,0.9756540933756168,0.0129458061692748,-0.0198541441277078,-0.0047771187797205,0.2432105837365877,59.52053309293042,0.001644493056727
45,36.0295832314629,95.68750934436854,0.0,Sleeping,0.0119646554961622,0.0001351476775584,1.0100677109538352,-0.002103911187886,-0.0016544173360271,0.0103356064650069,0.1948933382358046,57.62022708966881,0.0673972744993803
50,36.31890200154171,98.0307086642718,0.0,Sleeping,-0.0244495216701099,-0.033930808026925,0.9715756364220166,-0.008715532960038,-0.0174720844441741,0.0175490528932955,0.1815348198289328,65.8085576457531,0.0460318623605205
50,36.13883109819393,97.66092349447425,0.0,Sleeping,0.0068625359932656,0.0292768025506898,0.9734883920437152,0.0065937374695343,-0.0030205235817612,-0.0134669397484488,0.1770297194358944,89.53615068576971,0.071066646102889
55,36.20509636525274,97.00739603102724,0.0,Sleeping,-0.0238386475530164,-0.0064959369841147,1.009459315672244,-0.0156438146724006,0.0092356322508366,-0.0060665609065409,0.2958923837623587,59.341506387030414,0.063783920689493
51,36.25399517089738,95.3984959530668,0.0,Sleeping,-0.0114535728423329,0.0042911567591588,0.97885069070647,0.0033735869961023,-0.0021089425894558,0.0096572302692044,0.1137250675993179,62.94518322527719,0.0755381046955375
50,36.28932968084025,96.96942794800262,0.0,Sleeping,0.0143515902697202,0.0482387629246636,0.9521254953312792,0.0118978525608392,-0.0100161068353072,0.0115245632707922,0.2542880002016963,74.27850157948905,0.0511569191732095
53,36.09585580980012,96.76908657178836,0.0,Sleeping,-0.0369811107175344,-0.0481771526358517,0.9886913175196342,-0.0195125298577624,0.0147977663448956,-0.0096387367265887,0.1681570284190024,65.20161609793597,0.0417812812881687
47,36.49294351983435,96.4822636341934,0.0,Sleeping,0.0347553839039334,0.0041842804584936,1.0008324698007471,0.0096339212659393,-0.0150168721828238,0.0063474864584393,0.185958195944827,82.00252413716876,0.005112961125438
58,36.47051857045041,96.87677307724591,0.0,Sleeping,0.0218253016607428,0.0444143136972775,1.0428595054379046,0.0070111811404977,-0.0092429552539502,-0.0189025697877138,0.2606037747964759,84.6369974670008,0.0772389988774421
55,36.07152500666963,98.38234158715828,0.0,Sleeping,-0.0318895005768402,0.0367683674150546,1.045534370529709,0.0198746538221527,-0.0078089548590339,-0.0066152623419627,0.2689791197072608,70.23608339279285,0.0028043068321195
50,36.021182025666754,97.6100903239167,0.0,Sleeping,-0.0019386863583811,-0.0394572253479114,1.0153731340142744,-0.0066330642215204,0.0128087157620891,0.0139965380823762,0.1125824235131776,85.5463172690042,0.0051940738280347
52,36.29046849016655,95.76888779604,0.0,Sleeping,0.0252886467882768,0.0112669690853537,0.9705926738373576,-0.0190381691799236,-0.0122493907892093,-0.0122557640417277,0.1512765643434029,76.08923810048105,0.0368948140501666
46,36.45969058614654,97.64263545755055,0.0,Sleeping,-0.0311089230251748,0.0259861591184186,0.9699352098377796,-0.0062202588422934,0.0101460061305327,0.0001123023899902,0.1026449463868601,55.98391273102925,0.0627770093410307
47,36.4085149948891,98.89455641677344,0.0,Sleeping,-0.0130031905545938,-0.0075353300212223,0.9935054171966852,-0.0052223261626936,-0.0128403861426873,-0.0149631561292133,0.2137138444578064,72.59453796746864,0.0304168754647401
49,36.47945837402855,96.72639528348076,0.0,Sleeping,0.0039217827302145,0.0355513868482168,0.998962045138533,-0.0035514352457451,-0.0014177316031273,0.0059866017928022,0.1066357677836722,87.21554337243356,0.0611850125800074
57,36.291182345608114,97.71567316409484,0.0,Sleeping,0.0495979153894503,0.0068277110676654,1.0450451126760003,0.0198737939117556,0.0194995286216531,-0.0155661447231876,0.1917577605934913,72.73203338944995,0.010225978515357
54,36.472438078668965,95.05137863975088,0.0,Sleeping,0.0345944524107025,-0.0268881030200962,1.0495452349988563,0.0142911065529442,0.0182881701544921,0.0154790626737558,0.2547853357569252,80.91864335595055,0.086620534939438
48,36.04627799469732,96.14230809688962,0.0,Sleeping,-0.0002095950775797,-0.0499817298033623,0.9931020138403278,-0.0191906216800152,0.0019431425396277,-0.0192521762119697,0.2441512586528449,57.77623583076819,0.0103413433846318
59,36.48476164897156,96.67497823224906,0.0,Sleeping,0.0151059941999897,-0.0175569986479071,0.9624569129506052,-0.0183391869063093,-0.0112052490933101,0.0009346579448465,0.2119294185111706,61.67074393834401,0.0946586730608037
51,36.07362676747471,97.92545684825603,0.0,Sleeping,0.0413329757792763,-0.0407081676584972,1.0097780242408785,0.0107902620141755,-0.012922705034428,-0.0096731933585039,0.2805884965925312,83.83853579597469,0.0044536146272726
59,36.27284603511707,98.16973074703051,0.0,Sleeping,0.0311066764301528,0.004216888994529,1.0150722369408625,-0.0150444055490718,-0.0099863598548665,-0.0131504678200287,0.2285667685509724,84.4404131969001,0.0524855931296544
53,36.07868018307429,96.4490019330348,0.0,Sleeping,0.0449212114607874,-0.027266139025306,0.9986958649787776,-0.0026756350661277,-0.0039770894027824,0.0120031127876393,0.1919410391908392,57.010316194432086,0.0226477265192295
51,36.198915200180856,96.07828180180886,0.0,Sleeping,-0.0233317642025798,0.04185066805258,1.0499586502160638,0.0022565140446252,0.0145907411932244,0.0040144246751051,0.2464701614402874,80.33499640418626,0.0434200232696874
52,36.37514912511645,95.72559455245012,0.0,Sleeping,-0.0302557474309882,0.0123708861935279,1.0130638210627083,0.0102811503644039,0.0070410934321906,-0.0068269584507736,0.2051567819306706,79.97800141181432,0.0859675141381325
54,36.05198752543349,98.50106618549452,0.0,Sleeping,0.0163242748449523,0.0250357962319613,0.9568487029767804,-0.010106806770934,-0.0196903101012153,0.0046016678121561,0.2982467717516995,72.5759494925981,0.0161509948722855
57,36.42740408069906,97.55610375294286,0.0,Sleeping,-0.027408717588327,-0.0282476704897339,1.0404379946920088,0.0063095771803189,0.0021480734309792,0.0005679029889286,0.1957176209259758,67.37154325295111,0.0054548555839409
51,36.31473853228767,98.61463176940252,0.0,Sleeping,-0.0429109841141769,-0.0329197672397182,0.991244570592958,0.0039511883607382,-0.0199823533022836,0.013992168679352,0.1587763660989379,53.376707357048346,0.0377107948287244
55,36.320136732554005,95.98396937270806,0.0,Sleeping,0.0491802594716053,0.0250548718239958,1.0139935426850393,-0.0030697097609379,0.0102858227798422,-0.0180963465513863,0.2790042701002548,63.657705759891726,0.086846254417473
52,36.1893620279924,95.61724254612656,0.0,Sleeping,0.0283865475980211,-0.0347686328993416,1.0161867215531175,0.0131025768901245,-0.0068410361546039,0.0037607477532082,0.1830486919774663,86.51248996172046,0.0304559265045798
48,36.05132937610469,98.50938894722464,0.0,Sleeping,-0.0252781209512052,0.0459574103004768,0.9916130640965272,-0.0195579875486138,-0.0109342547580961,-0.007004515297022,0.1320973738988825,69.53085738026793,0.0804124120648365
46,36.36773105272464,98.46873777906748,0.0,Sleeping,0.0192374099436023,0.0239591217014351,1.0120995174225411,-0.0012614809093961,0.0129469204630901,0.008271949383145,0.297666553073711,50.9988496615769,0.0177770973567381
58,36.09748442783005,97.3200905822693,0.0,Sleeping,0.0184941983904846,0.048141736454299,0.984620224563132,-0.0176966821689905,0.0187763132573856,-0.0050783389869487,0.1531289665114265,69.22572562057188,0.0210136315197364
46,36.41026989185472,98.87336497380682,0.0,Sleeping,0.044047257052344,-0.0192372197434462,1.0016431905494052,-0.0072833582423076,0.0031950402720015,-0.0161280855746942,0.1669228868567438,60.95244914859357,0.0086818252203544
51,36.49580057837248,98.01506888766832,0.0,Sleeping,0.0489326619442754,-0.0432301787713607,0.999604975754272,0.0067368941573233,-0.0046430105884219,0.0158298770793024,0.2813316795673235,55.12444174336678,0.0904023269786332
58,36.37699992408118,95.78076869698218,0.0,Sleeping,-0.0106219883923208,-0.0406425226736726,1.0429156642046953,0.0191152514738916,0.0021570727878835,-0.0193204526591681,0.1737744256536281,61.395918134458974,0.0074224928273115
46,36.226038967076256,98.51197836239248,0.0,Sleeping,0.0085347685128768,0.0454568280467421,1.043054783321442,0.0050671125962418,0.0157892909843411,-0.0044796053947117,0.2450211432650232,65.92096230117333,0.028027606227067
51,36.29015536811565,97.45171027691472,0.0,Sleeping,-0.0009467751651084,0.0270944334448756,1.0046528618733213,-0.0199509180065752,-0.0049108319419673,-0.0008471908720881,0.1173952863106006,71.59516086220219,0.0521357162979963
52,36.30338455352489,97.3139844889094,0.0,Sleeping,0.0413057158811308,-0.0016896814750774,1.0033766368058628,-0.0055624180403165,-0.0078090511342904,0.0176210828685219,0.2711624768763591,85.87960747754002,0.0574030080814655
49,36.25680811890026,96.85516446451588,0.0,Sleeping,0.049703315968558,-0.0300805369105735,0.9517904328137152,-0.004838911715686,-0.0078231427467894,-0.0105548911269629,0.2265574732096689,73.67648681013063,0.0910313431607822
50,36.30710075727441,95.60193600702212,0.0,Sleeping,-0.0310573252416115,0.0129675799653985,0.9831213699983186,-0.0150128027971751,0.0045033444330934,0.0152845117214781,0.1345312043173396,82.29428947997982,0.031625418999519
50,36.14994736862611,98.69150032666704,0.0,Sleeping,-0.0248561412980995,0.0056565603132052,0.9764275997127811,-0.0088607761702208,0.018489629050785,-0.0170925117188742,0.1409203339341264,87.14301768923139,0.067818104864656
52,36.0102443038418,96.92336777781895,0.0,Sleeping,0.0141722303913936,0.0393149483361737,0.9855483463683978,-0.0160993510073435,0.0138583235826972,0.014269872862255,0.1275637090754213,65.9894681505805,0.0290409468659012
57,36.31092894955745,97.73740129477392,0.0,Sleeping,0.0013087727184236,-0.0316012068036315,1.0155473195764635,-0.0155095573749098,0.009971663056481,0.0059266266123429,0.1940018299005383,63.168032187489146,0.0637183071651333
56,36.391013355737336,97.75588653276937,0.0,Sleeping,0.0135700059172972,0.0457573242226383,0.9682612173051564,-0.0184527502413472,-0.018609837801467,-0.0014083767123943,0.2786214896266056,78.04212314038391,0.0932555974056588
59,36.20179949304028,97.377912741569,0.0,Sleeping,0.0141519857419995,0.0055843836366707,0.9692579164887116,-0.0012649898222274,0.0175119694257091,0.0067489452521097,0.2627907025242788,84.61373906276046,0.0755163849995583
45,36.49853643910275,96.38353067142144,0.0,Sleeping,-0.0459768161791677,-0.0466322940913803,1.038284359034526,0.0117804680434919,0.0114016164529628,0.0009466717776563,0.212818980190461,58.30230865476249,0.0123241481933618
51,36.17689416423887,96.02561353067284,0.0,Sleeping,-0.0445206659895029,0.0146491053205706,1.0377607432975997,-0.0019921352190777,-0.0063172076996962,0.0062484179131599,0.2623566963097719,79.59883588310126,0.0019036478783046
57,36.323565622998814,98.43792744734247,0.0,Sleeping,-0.0256760121511195,-0.0110463193661412,1.0422852191176708,-0.0156123274570442,0.0064097781017973,-0.0146377916092173,0.1264023350201925,78.46099787634336,0.0969413870209428
56,36.34882071713614,97.1707306444112,0.0,Sleeping,0.040449825554443,-0.0400100535925366,0.9700489888878838,-0.0145495163265555,0.0097271016990618,-0.0125067586451354,0.2396159316600075,66.0637563833111,0.0853756858600129
47,36.17024833911664,96.7511480323073,0.0,Sleeping,0.0444676048332076,0.0446931417977509,0.9540983959720234,0.0077109770178547,-0.0069315397224799,0.0097027923047317,0.1650484505151613,80.20622919556185,0.0678462093246569
57,36.362852005820216,96.4745501037194,0.0,Sleeping,0.0184106581732103,0.0129328503533029,1.0310659613596411,-0.0077711268466043,0.0092061930464022,-0.0062662036202747,0.1110467680387666,58.535311480497455,0.0061506472382379
55,36.46136791045779,95.12618710651915,0.0,Sleeping,0.0186365198106946,0.020844672181866,0.9508672145193134,-0.0142796643562311,-0.004853906237093,0.0155079085278773,0.2446659353498493,67.89881245315142,0.0128202136305074
50,36.31138374833208,96.8753127230122,0.0,Sleeping,0.0205515604807794,0.0230951674877623,0.9928182814284278,-0.0036246709815994,0.0122330712208833,-0.0153291415021696,0.208786259551833,74.0379948400839,0.0447314373073415
49,36.26312539352327,98.87269103450342,0.0,Sleeping,0.0480420824531807,-0.0166751933333575,0.9536759503316594,0.0055110166622727,0.0109240426379443,0.0129124537556007,0.2296870539423523,85.82547321180533,0.0359906103779599
45,36.44181508165699,98.95679373112858,0.0,Sleeping,0.0215570456632963,0.0188989201211393,0.9577779286750228,-0.0129459937037298,0.01566475763548,-0.0009430525807938,0.2432187767739582,63.64979413553118,0.0965948614405375
46,36.10055691420244,98.10954937200324,0.0,Sleeping,-0.018814504908783,0.007495423277449,1.047780298418363,-0.0003744382251196,0.0124583193328006,0.0020703661830868,0.2718321419461529,59.27664044126496,0.087314545856779
54,36.012392565095176,97.90026228433884,0.0,Sleeping,0.0019140669438578,-0.0045290088963469,0.9951262591319816,-0.007874675466248,-0.0043970186821532,0.0034777891702584,0.2430373001165341,71.74050420979268,0.0922021736606873
55,36.183925222120166,95.0020424188242,0.0,Sleeping,0.005004296960797,-0.0049962033263499,0.9746323719058008,-0.0139782319877227,0.008177591940035,0.0061591439032022,0.1843820036859123,64.01605319767128,0.0391704027733882
45,36.15586526907765,97.91167306224314,0.0,Sleeping,0.0225276993131562,0.0328479299639795,0.9682884416693308,0.0163519022183706,0.0184647504755385,0.004911640002923,0.1830445877764846,85.77478168340681,0.0536815013366515
56,36.45644892715456,97.42809043857352,0.0,Sleeping,-0.0376561933472519,0.0417293034323608,1.041765002584976,0.0111669184805446,-0.0064353320530795,0.0119059095905342,0.1249853380778601,87.15374333872913,0.0087783110697626
56,36.02456259817684,95.75707248960217,0.0,Sleeping,-0.0353425510728103,-0.0246324065023185,1.028699268520192,0.0147240378365428,-0.0010296971180638,0.0196853881038274,0.1027285695467965,75.66808822841436,0.0463710867482338
52,36.38245258039628,96.29511450525868,0.0,Sleeping,-0.0213344035805593,0.0226050603433767,1.013318746034432,-0.0168665962928117,0.0148607984401279,-0.0073827007885358,0.2313218055410329,73.90928857669851,0.0803190125836274
55,36.47181909882293,97.99854052487524,0.0,Sleeping,0.042896525727727,0.0137646877203381,0.9917038217814438,-0.0084544118863239,-0.0174353485021431,0.0187102572038284,0.2202931358844537,61.88625873565999,0.0045981195314702
59,36.06604117571799,97.62099413724285,0.0,Sleeping,0.0475653215712792,0.0273760992929149,0.9989854411242292,-0.0175720450253523,-0.0034368654653831,-0.0008819625111985,0.1130789982643201,74.6102465504628,0.0752746690175062
50,36.218260555120025,98.7533742484824,0.0,Sleeping,0.0364687908576101,-0.0345685910653006,1.0056988777662808,0.0008400964333587,0.0160083830541795,0.0084687347413965,0.1496905656350858,57.02010928650765,0.0324584998757179
47,36.43243935039687,97.770652811496,0.0,Sleeping,-0.0122120779511337,-0.0338181960388382,0.989678364521923,-0.004478660436312,0.0198607367580042,-0.0042351214004395,0.2347088720539312,76.273245654428,0.049781087277606
53,36.35115605224121,98.05122752472992,0.0,Sleeping,0.0173564680537235,0.02156635181823,1.0216126932601204,0.0136789706294584,-0.0123379365681553,0.0064721530345584,0.1391973689473296,58.74911858796944,0.0900457592672761
49,36.03079589206003,98.54834310261272,0.0,Sleeping,-0.0120098644006556,-0.0157158320235162,0.9572380820284766,0.0059856457583376,-0.0093595666292394,-0.0139790981975022,0.2594266212497074,79.90657618659742,0.0801231567672672
56,36.06312099535661,95.62616454773236,0.0,Sleeping,-0.0076256691095429,0.0232191771010851,0.9752481879862926,0.0141552453890629,0.0002220730507198,0.0065080299690305,0.1787850437650441,76.65538223279853,0.0284510152506221
49,36.465807307571175,97.63199259375992,0.0,Sleeping,0.0150351580419469,0.0236542840306824,0.9664018405884,-0.010061944591595,-0.0092416638503632,-0.0177031357858498,0.2443585269863307,69.05434735807657,0.0732271030353002
45,36.06641696867893,95.6668357925416,0.0,Sleeping,0.0047993886834786,0.0212410500663355,1.0236459890906933,-0.0037990699136723,-0.0028862005885405,0.0186600370704384,0.1770046353437305,89.4366793415187,0.0902726593954371
59,36.10110557061594,96.12407574711808,0.0,Sleeping,-0.0472658216494188,0.0075083745375274,0.9712292405052062,-0.0182599446257009,0.0151053057292352,0.018787368373683,0.2505840408326141,67.93398360939631,0.072457510190091
58,36.107925793100456,96.65736432721364,0.0,Sleeping,0.0324519805453973,-0.0208982314359734,1.0218256038729987,-0.0176281562657288,0.0107722348525538,0.0140469418667008,0.1949666103339458,54.642628495903566,0.0436912476746089
51,36.43452322843282,95.98499078199973,0.0,Sleeping,0.0069942827195274,-0.0426541210930868,0.9529058349281424,0.0155885494700836,0.006714226059563,0.0193010306171539,0.1150734960783537,69.03382699815099,0.070335260047691
55,36.03671577547457,96.91352420200565,0.0,Sleeping,-0.010228329705383,0.0064594122004384,1.0086593209472798,-0.0081457280837064,0.0165906911675389,0.0196345395966718,0.2904894519584766,55.954176056507215,0.0166246901712135
52,36.020251006310865,95.06162000558078,0.0,Sleeping,-0.0354537722581363,0.0416959040806023,1.009649517525993,-0.0079653229990193,-0.007035308296708,-0.019771044801357,0.1625768284423509,85.44121254614191,0.0765712506199902
58,36.11561055247297,96.6098997336779,0.0,Sleeping,-0.0494317333960944,-0.0054196212040558,0.96751205896537,0.0078250389488912,0.0110557448279903,-0.0025691668815643,0.2419893416693156,84.62408520737709,0.0657039448972695
52,36.38184157468727,97.08180131943476,0.0,Sleeping,0.0334792735661766,0.0311005572119087,0.9709675793013698,0.001358388843295,-0.0014163523969213,-0.0178343582245374,0.1165452918959623,73.47653273713289,0.0588967459329776
47,36.13822588049369,95.49360481313272,0.0,Sleeping,0.0186318541238554,-0.0233794319240763,1.0356030355694108,-0.0189772745261866,-0.017046024590411,0.0174439076889825,0.2353157714401304,50.49883100530803,0.0221231051904482
46,36.36956281198363,98.80952286099529,0.0,Sleeping,0.0387406043005092,-0.0458547032306765,0.9787392040033522,0.0019817991230961,0.0027294866839987,0.0030825513643157,0.2332566733726826,64.03274739940241,0.0600396593356602
54,36.45625070557252,96.80681563462656,0.0,Sleeping,0.0176176006606537,0.0024458035522934,1.0302517396948792,-0.0162504465235363,0.0043660265108186,-0.0127324155036802,0.1757299610085504,80.76837356716777,0.0625025721481796
55,36.33446231407088,98.74910026384266,0.0,Sleeping,-0.0287674020960648,-0.02454941607643,0.9543123029724584,-0.0127153014917024,0.0145080991861352,0.0099046396303493,0.1312795990559733,82.31182257919036,0.0666577319465368
48,36.47926559332314,98.77526233537932,0.0,Sleeping,-0.037026660224173,-0.0202661101934688,0.9769029822628864,0.011767201551152,-0.0162859854923476,0.0144782202389232,0.1016468893680317,83.89409466738994,0.0602976792742811
55,36.42362700474997,96.33077150645305,0.0,Sleeping,0.0437933503945618,0.0204314598965489,0.9573386045741852,0.0191716998659754,-0.0115905801086723,0.0151552372607603,0.1414905297670567,60.36002572469587,0.0333565356010732
56,36.048662564619896,96.7523705649578,0.0,Sleeping,-0.0048470258360106,0.0370527407956623,0.9574012141765011,-0.0009759481105883,0.0083026174469307,-0.0182709291540926,0.1635362155672683,87.58978650868812,0.0138198708828368
45,36.03177313359839,96.61077342928024,0.0,Sleeping,-0.0009752342543002,-0.0376880786488466,1.010741174970513,-0.0041984878757982,-0.013757438378208,0.0158696270782693,0.2166083264449791,79.80181527093004,0.0207108752714443
51,36.46156372980103,95.22959857072532,0.0,Sleeping,-0.016600632957785,-0.0304721045308263,0.9575241290699144,-0.0172593970288339,-0.0107757569183798,-0.0156940647463224,0.1502327021896405,80.1754847956505,0.0021584425643632
49,36.479933447297874,97.1503374029545,0.0,Sleeping,-0.0175324016620948,0.0124982488196211,0.9759985970950188,-0.0107948415858502,-0.0090555138665828,-0.0077199394249401,0.2402859579752978,81.24696015188906,0.0661829861573573
49,36.20402624111211,96.15991735935624,0.0,Sleeping,0.0238438457067129,-0.043982009379579,1.0395984002878769,0.0003992041677313,0.0018964540020117,0.019160936431266,0.205037166621149,82.6518960227064,0.0775836191697908
48,36.05458701942064,95.04376719071796,0.0,Sleeping,-0.0400901395155507,-0.0103838410850743,1.0013580056783784,-0.0143971529393742,-0.0016158877719729,-0.0116753957356788,0.2124175560152378,84.7387788993909,0.0547482764450173
54,36.36335834829461,96.81992117395576,0.0,Sleeping,-0.0497479655549644,-0.0131155996548498,0.9936972489984128,-0.0085830554792842,-0.003689767038666,-0.0173467027630961,0.1367039261638442,51.37844575156468,0.0593028060029739
47,36.147479959663926,96.93172163752264,0.0,Sleeping,0.0116532169916177,0.027089957788431,1.03303969658945,0.0128250665556216,-0.006260776163888,0.0026519074338754,0.1708215336557577,89.35405115993218,0.0256901916914802
45,36.29467063970812,97.46682923498196,0.0,Sleeping,-0.0288734816349252,-0.0324188577699054,0.9571393112348544,-0.0096385355481229,-0.0188420066307927,0.0193349604615444,0.2238406913484262,78.91181984888505,0.0243607997256054
58,36.363640597418495,97.51159306623217,0.0,Sleeping,0.0315393777154516,0.0077572067570876,0.956858445110256,8.026108066484794e-05,-0.0178474552502581,0.0108410365854381,0.255466364381587,51.16455179706981,0.0810526476325521
54,36.39079457174921,98.74429753690494,0.0,Sleeping,-0.0104002213513778,0.0421842438686731,0.9933197912649848,0.0016758113776503,-0.0161768266167022,0.0040797246867047,0.1895280608037404,53.88476025683719,0.0227228981358741
48,36.26692682533903,95.98774861010963,0.0,Sleeping,0.0196166441708144,-0.0250761744624931,1.0446697096624489,0.0162224504466449,0.0101104395867033,-0.0079137200127948,0.1112819422927782,51.40377076689504,0.0866920580246726
54,36.13324859486974,97.46882845346576,0.0,Sleeping,-0.0418446813163452,0.0068032984718732,0.9686018617817892,0.0090104489813393,0.0021736496623685,0.0095658427947145,0.2022498233119612,63.57506726728377,0.0044280218916872
50,36.14141036581803,96.91930525424512,0.0,Sleeping,-0.0476884063057,-0.0081951673053055,1.0430978897622931,0.0074988398306266,-0.0093529952159875,-0.016378587165207,0.1896117083510434,77.83369159913767,0.0635765643464066
59,36.151044679941165,98.05666223087692,0.0,Sleeping,0.0406379871286955,0.0123850828553051,1.036543567337517,-0.0079222781252627,-0.0046160883242174,-0.0066301501983124,0.2579778923088954,66.20625454221414,0.0532952320329055
47,36.14622416018416,96.0575108833687,0.0,Sleeping,-0.0072221023447446,-0.0072792473583887,0.9983332506664347,-0.0013095777775448,0.0012275962176326,0.0145114682645869,0.2188955363957102,56.023518462723175,0.0656179599759001
45,36.14123396621523,96.71902400490934,0.0,Sleeping,0.0276485358103797,-0.0111585199656737,1.012308248847,-0.0137806186119787,-0.0058450320896253,0.0177310553962837,0.2447683123955251,85.37338674799682,0.0643412788560769
53,36.21743248873219,97.31741411165312,0.0,Sleeping,0.0316904968764691,-0.0044084316514157,0.9633580651787164,-0.0091688742845397,0.0150434291992013,-0.019637860826128,0.117079413722114,54.73526156836823,0.0462792755061246
53,36.23497680676781,95.37226720378511,0.0,Sleeping,0.034899298323119,-0.0316961896546475,0.9779022659699907,-0.0191660702963934,-0.0046579744307881,-0.0161255143562563,0.1137515760816183,81.43984570865055,0.0607546636208531
53,36.49056183570545,98.99873957022076,0.0,Sleeping,0.0478376951607089,0.0362494852832575,0.986547789132195,0.013850243686688,-0.0146439400654743,0.0083729280292596,0.1451946710530982,62.49296924508532,0.0198849345890748
45,36.02182418261965,95.27306659984848,0.0,Sleeping,-0.0353087519058165,0.0314509976595184,1.0446140570123714,-0.0123664266374083,-0.0191689974743634,0.0050689059520977,0.2600972863856968,65.51021103536502,0.0327079960352912
59,36.19353699740452,96.92954109992505,0.0,Sleeping,0.0359879679248128,-0.0183920392511336,1.030760002015022,0.0066548126499909,0.0190377290457261,0.0090456234828036,0.2559750916961432,76.55875649823238,0.0670447292249583
54,36.09293676930256,98.51970582373062,0.0,Sleeping,-0.0465641625367199,0.0363310048380417,0.995301583299674,-0.0066246957228432,-0.0084483127152092,0.0036975106973834,0.2109252290077032,77.26229148920451,0.0966757712145881
45,36.05198474939363,95.48758936327994,0.0,Sleeping,-0.0343226679299573,0.0007415507811645,0.9575918691478462,-0.0161311593699874,0.0056604933932763,0.0113286836724317,0.2440036328975228,63.03849633771155,0.098657963030929
48,36.34126983230404,95.00221734931218,0.0,Sleeping,-0.0277276725109959,0.0005749251004521,1.0217910364346556,-0.0067181877891715,0.001473067293797,0.013502063886873,0.2812121137944791,51.95709406626057,0.0244296841614458
54,36.45505388505215,95.79652388865892,0.0,Sleeping,-0.046694654680802,0.0022842034998558,1.034529922110307,0.0197975400787672,-0.0071755720781847,0.0072095651748309,0.2965115430263495,73.33978053150568,0.0778978566386366
52,36.28833993736001,98.06055731788678,0.0,Sleeping,-0.0475035648334181,-0.0283116544871961,1.005656726220894,-0.0056049569648721,0.0064611497779661,0.0016675844474098,0.1833772872855036,81.345909535873,0.0977939965133089
52,36.11678572219202,96.77861055923124,0.0,Sleeping,-0.016882202680297,0.0141687630483658,1.0018163846091184,-0.0019194031845449,-0.0030160876808843,0.0114688301692409,0.1522977638615308,64.85500896221029,0.0949405156470813
58,36.13339393711858,95.8587158995533,0.0,Sleeping,0.0477048961944409,-0.0357588776452699,0.9592795874125138,-0.0146773118031894,0.0105073053725559,0.0142657725577718,0.289583160264322,80.3146540429792,0.0528173476089679
58,36.19868247317761,95.7030227667648,0.0,Sleeping,0.009624666015426,-0.0310593820250674,0.9526003380711352,-0.0080143509736256,-0.0101936063966524,0.0108123528287985,0.2222084271512073,76.3394386047433,0.0009393305804106
50,36.29037285323031,95.97160223193691,0.0,Sleeping,-0.0362245371868019,-0.0243093773276861,1.015695246812444,0.0066763593702555,-0.0136370828641527,-0.0179149848466843,0.2161449341969392,52.12025214944964,0.0780570224088181
53,36.01508304322906,95.634584111975,0.0,Sleeping,-0.0428516053495855,0.0295841267283083,0.9814169186370798,0.011313013015991,0.0139697107555317,0.0193080202835138,0.2224290428273089,88.83596085166394,0.0852722679534035
46,36.008776464734105,97.18802724957771,0.0,Sleeping,0.000634802560017,0.0464769835392483,0.9644169390979423,-0.0184392007403145,0.0030416249357452,-0.005493406269918,0.1997529474157935,77.17405697985706,0.0353166039934498
48,36.0781410105084,96.73391296758344,0.0,Sleeping,-0.0232743073595566,-0.017868750944451,1.007954570819417,-0.0075656312186115,0.0098459044685972,-0.0190798245537775,0.226673291847065,81.92791012485455,0.0990443794254906
55,36.17759689860345,96.04311419160082,0.0,Sleeping,0.0353949792086893,-0.0018384010099695,0.9518111582541569,0.0132085868662161,0.0138410085218147,-0.00582899589799,0.2125452189781882,77.32025133447777,0.0157007717999948
51,36.04462518389391,95.97197944672922,0.0,Sleeping,0.0459681381249455,-0.0151067023601176,0.9676341107124382,0.0140910770969827,-0.0132317071572942,0.0172411059079013,0.2069334484719189,68.85947748244448,0.0670651930473292
52,36.13197014365039,98.69726854938683,0.0,Sleeping,0.0014058449876132,0.0079095113138777,0.9872169709783882,-0.0131517770311141,0.010749922596443,0.0140367691610653,0.1654932472985127,73.4141320924253,0.0469753756736643
51,36.43070775991711,96.51653414790344,0.0,Sleeping,0.005837539361714,-0.02429905292203,0.9681562087593956,0.0148111691984891,0.0018929559366176,0.0173764950490999,0.1674133528459243,83.47701539611325,0.0085523756774831
46,36.48972757342977,98.28618309439202,0.0,Sleeping,-0.021021226104938,-0.0337195715032088,0.9675351376163164,0.0126179883553954,0.0164620678984661,-0.0034943483574878,0.1945310328956841,68.79420112460707,0.0036945794724944
55,36.41369216052272,96.23321617963336,0.0,Sleeping,0.0495932643574271,0.0356589263637106,0.9986017606532795,0.0025381431225579,-0.0018580645677119,-0.0127142034087782,0.2669157593981875,55.40971242474284,0.0228969768906179
58,36.172983826555466,97.86897274598034,0.0,Sleeping,-0.0147165770087886,0.0109389783730711,0.9882404921588436,-0.0147900219839859,-0.016195096709917,-0.0173579445458545,0.1306470305501438,80.49285953665178,0.0365399714711942
52,36.12889013767575,98.563876482839,0.0,Sleeping,-0.006756069072758,0.0350395118753385,0.975790647978594,0.014997821106004,0.0138722157445381,-0.002878043848168,0.1637678492099286,68.32335341032618,0.0388217444466677
57,36.46249912848291,97.71204002171078,0.0,Sleeping,-0.0194301457521857,0.02271727860457,1.0262790178404166,0.0049725648297774,0.0120328007820911,0.0112977340677663,0.1814186857532496,79.14545667651734,0.0024266240937148
54,36.2866284147285,96.83234795926374,0.0,Sleeping,-0.0015657494293382,-0.0293018566689278,1.009514321107488,-0.0131366815618459,0.0035375437432458,-0.0021404659925885,0.1065766317006503,67.72658887347325,0.052309550856713
55,36.26941136964157,97.04737795471829,0.0,Sleeping,0.0150576321900953,-0.0450151128232187,1.0388880523860222,-0.012499958343043,-0.0134807290789881,0.0052844035021064,0.1116821083230635,66.66267856707266,0.0473849503524072
59,36.364316162646894,96.65057649818496,0.0,Sleeping,0.0242876487402902,0.034717454762153,0.9812913532494556,0.0114273014851323,-0.0057284819718905,-0.006240368891721,0.2025439954677773,57.21135899805121,0.0244826837313357
48,36.07300463014112,98.32549250875338,0.0,Sleeping,0.0228933451932072,-0.0216230086802515,1.004251001203736,-0.0050830314773462,0.0111921971451354,-0.0001411610297795,0.2272511007361115,72.2377589619602,0.0080539041471377
56,36.38474544596312,96.13885426683004,0.0,Sleeping,-0.0479337043453747,-0.0346692301226966,0.97476027772004,-0.0179281382474229,0.0090151900841976,-0.007369549147684,0.2693345808012456,60.6652091601095,0.0997304646769817
56,36.16901216894527,96.74882329218534,0.0,Sleeping,-0.0243255882179269,0.0275077720458876,1.0261089487486614,0.0030359433578508,0.0010040972355617,0.0186081255405104,0.1362849698222693,78.80752743641202,0.0422273487382471
50,36.21243721017724,95.70520583328464,0.0,Sleeping,-0.0388952140193769,0.0181150940521464,1.0030914599202203,0.0163334424166139,-0.0059782660013525,0.0115129320829765,0.1582681427612554,66.54571300587907,0.0679124499456338
57,36.34739551417383,95.7516353427634,0.0,Sleeping,-0.0387015345987149,0.0264616285490417,1.0005758366735935,-0.0022865662838396,-0.0081834381701313,0.0120175504289281,0.1910702744869291,67.38413439755182,0.0493726228349223
51,36.29307833549914,97.82769592030908,0.0,Sleeping,0.010664501203031,0.0310945878050228,1.0323663197473008,0.0078941012399422,-0.0099715618272344,0.0090678183441748,0.2994445205492999,64.71743816017829,0.0903496138157314
51,36.3887821548245,95.23569343661543,0.0,Sleeping,0.0366441689969328,0.0499077036005552,1.021501603869502,0.0127886767426647,-0.0164215576318246,0.0044863897111814,0.2384331165750831,82.427053092983,0.0277228291481878
57,36.1147205509174,97.62280527313656,0.0,Sleeping,0.0406917608108331,0.0280692348729082,1.0428201424127288,-0.0065543395789772,0.015094384188199,-0.0069641379457247,0.2110586960735427,84.96830034316486,0.0739610546455705
56,36.4973707216673,98.17291911246424,0.0,Sleeping,0.0276154514238212,-0.015648182444881,0.9593820998467996,0.0051891269445727,-0.001974991261138,-0.0008887491676541,0.1010208858034739,67.71303770216437,0.0380960761261284
56,36.08406088379962,95.11505591475492,0.0,Sleeping,0.0494031667172769,0.0200050665832161,0.979796540769173,-0.0070570741712217,-0.0026186655499129,-0.0008453986451425,0.1724272089324642,62.60163246129558,0.0326392327585716
58,36.19554700969633,95.13124927327202,0.0,Sleeping,0.0488303669027676,-0.0239382374364573,0.9502603884285428,-0.0178676483644585,-0.0139478600602347,-0.0180593088443748,0.2987989508082504,61.69129628954322,0.0207428558114407
53,36.34789001363698,98.94720185453586,0.0,Sleeping,0.043947528340648,-0.0446744474597599,0.9505211180464896,0.0085323049830072,-0.0185841558517294,0.0077201673914613,0.2571693318512521,61.07057553293996,0.0718446025226908
54,36.27747489054869,96.4433595941844,0.0,Sleeping,0.0290750504649895,0.0266200516991362,1.0209476063022578,-0.0147489951445067,0.0146711732509535,-0.0178007109952565,0.264853249085079,50.18809969593365,0.0944307637588093
54,36.41040134507771,95.48289036652776,0.0,Sleeping,-0.0228902131512885,-0.0327104961062538,1.0346535315340308,-0.0038339136069742,0.0098228404641182,0.0157554522567119,0.1575874704930011,67.31073701339184,0.0318478334315173
50,36.267080274598726,95.68533780550618,0.0,Sleeping,0.0145500958451524,-0.028764175934539,1.0354585181320088,-0.0190613147984662,0.0194154809034688,0.0059890368464883,0.1865848559383846,54.57229049217487,0.0602459843125361
58,36.17432312885456,98.70747044068818,0.0,Sleeping,0.0142459138301467,-0.0301503520328071,1.0060982481619385,-0.0033664139634359,-0.0134929825975203,0.0144513290684,0.2263382121990076,72.032940363627,0.022466454536183
53,36.455207780650014,96.96863274983994,0.0,Sleeping,0.0414357391646409,-0.0399136524702153,1.0088928821600098,0.0021736798561642,-0.0108585328305953,-0.0159562085888072,0.1970099407625714,58.06723584382265,0.049598096707498
45,36.27912413585751,98.45399256879232,0.0,Sleeping,0.0053700761523512,-0.0024635415231371,1.0177991494502014,0.001286321636253,0.0013059108335197,0.0009214011602163,0.1898108806466972,76.3055465457502,0.0234500631406056
55,36.4530717933208,97.8726386520741,0.0,Sleeping,0.0151167274168867,-0.0163075683870762,0.989445886427209,-0.0155889974103956,0.0019151227924758,0.0018525079290287,0.1470824863470623,83.26907451086689,0.036886640842853
55,36.09038911784384,97.99152129413426,0.0,Sleeping,-0.0429118778634726,-0.0139350881186136,1.048711982599932,0.0134920612675187,-0.012066104365494,-0.0082982783514956,0.1599802883425649,53.36811063912804,0.0429629867097674
53,36.1888029713842,95.51239417651156,0.0,Sleeping,-0.0125263819275891,-0.0120054577914452,1.0146716779649976,0.0039666885673042,-0.0154274981799432,0.0191065399093538,0.2194347950807449,56.67822383907915,0.0222560728867388
56,36.08307132948195,98.0145933182584,0.0,Sleeping,0.0059894774836007,0.045837082719742,0.9701541842052444,-0.0107439066412267,0.0062500548872653,0.0051974534801874,0.2311662919248446,72.41261432875291,0.0708722658997209
48,36.21004189699687,96.20711536016938,0.0,Sleeping,0.0485238904982504,0.0009889792813198,0.9846454524111556,0.0113159053094315,0.0115639341184502,0.0191361025340159,0.1192858952935407,65.41464742386123,0.0713453666663829
58,36.22521288467644,97.84233167528728,0.0,Sleeping,0.0024306386617579,0.0444685244410456,1.0201548620464436,-0.0141807565260113,0.019907581180367,-0.0055396093246825,0.163978205351176,60.14564652136205,0.0687658286310911
59,36.15273840717401,95.43886989431728,0.0,Sleeping,-0.0281459482384384,-0.0319468300112307,1.018750206399467,-0.0119268175496246,-0.0004685497752348,-0.0090132156002106,0.1380003921746358,79.59909975263575,0.0746575095729025
57,36.37276110989929,98.23205766132978,0.0,Sleeping,0.0325485177924459,0.0146709182040638,0.9940719582767124,0.0198279696030884,-0.0110350775882141,0.0077085306819086,0.2790482289971842,51.1774032763607,0.0041231970687529
58,36.09695433823384,96.37219315949346,0.0,Sleeping,0.0364051111264551,-0.0415954548838998,0.9563502728647862,-0.0003272094240258,0.0055775853813353,-0.0123432083414876,0.2553882881131551,79.67191737205158,0.0097276731774061
55,36.37214898149089,98.35182658840289,0.0,Sleeping,-0.0393317356549716,-0.0004862950278281,1.0357995181431667,-0.0180079458112274,-0.0014798398329526,0.0125527589743886,0.1869089182743344,89.08386624397822,0.0117597351266279
59,36.30291350673831,98.86406217968955,0.0,Sleeping,-0.0480672116537187,-0.0269555960154373,1.0015217112267585,-0.0048002338974473,-0.0038220032529349,0.0164772535453873,0.1368561494679042,66.08309078633036,0.0588577111806439
49,36.36679546013177,97.57448785599748,0.0,Sleeping,-0.0416478371319024,-0.0408447040997103,1.0090570144060131,0.012869919397167,-0.012995882777332,-0.0130823775234666,0.287546248597077,51.3533185186228,0.0840284456825576
58,36.13610096527004,98.92309550418756,0.0,Sleeping,0.0484337296847218,-0.0468032460579395,0.9869663735634736,-0.0132304092223929,0.0040629799109408,0.0129641096277144,0.2569659614865981,59.09448332681528,0.0703783749561598
56,36.31593331379492,95.9774824150046,0.0,Sleeping,0.0256456248379266,-0.0378216292091919,1.0016757642006444,0.0033816938980828,-0.006128606154218,-0.0137437148145613,0.1603872164054916,62.10746062900522,0.0388666609489271
57,36.25090307830016,97.1657116445636,0.0,Sleeping,-0.0209250339745716,0.0461744514879081,1.0231005407162226,0.0196474884221404,-0.0058869238297868,0.0098609398826426,0.1643797888814484,60.59544512415465,0.0996907758970506
45,36.39602556250415,96.29707004738366,0.0,Sleeping,-0.0143382771360768,-0.0293158690005227,1.0199310890046769,-0.0041504539346412,0.0136207804188585,0.0073313070119622,0.2002720058858837,75.09724429142625,0.0868647624643866
49,36.39458343262188,97.7992086058443,0.0,Sleeping,-0.0465738746075302,-0.0327694270385279,1.0463165269953325,0.0012354501420957,-0.0160008828574312,-0.0044995021853382,0.2754592731400054,59.24914536244216,0.0667423912803118
51,36.18782847620165,95.668438727681,0.0,Sleeping,0.0246956949327961,0.0082828655754609,0.9627286275274468,0.0182950771862871,-0.0055730868462621,0.0164014556750958,0.2359809609711482,77.94694136312384,0.0391102249297218
45,36.15033699666869,98.37030670816657,0.0,Sleeping,0.0334563971357523,0.0062580023548341,0.9859346448099294,0.0041064591437237,-0.0040770424029854,-0.0159644126803558,0.1917359853268579,54.643080841725705,0.0898030938506571
45,36.47417255693834,96.61287620464024,0.0,Sleeping,-0.0377683371215845,-0.0277564411622135,0.9845969431217126,-0.0180809349067474,-0.0193982420124578,-0.0097658736020195,0.2817332366091002,80.85737076981381,0.0806833134100813
55,36.08639765972733,95.85320064958348,0.0,Sleeping,0.0361840756571918,-0.0091207728124994,1.0178768628469748,0.010087660288624,-0.0057883064239252,0.0075335121961059,0.231014351853915,54.484545674522536,0.0827733004532237
51,36.00321543419374,95.6443761027534,0.0,Sleeping,0.0255967003357111,-0.04605078733714,0.9617214990706812,-0.0028682641506498,0.0098753765690588,-0.006381184491451,0.2046914624605825,53.242130098816126,0.0477293047215641
48,36.02456612734385,96.28677996454545,0.0,Sleeping,0.0311399601473651,0.0170108505514363,1.032673079394357,0.0005670693937257,0.011282768104089,0.0090478349150925,0.1441387998286611,53.81958634377276,0.0776853845788776
52,36.28246826226292,98.85826501743058,0.0,Sleeping,0.0052892564630579,-0.0499643994230324,1.0319332030334851,-0.0068605936073301,0.0196258635587608,-0.0185481244421844,0.1774988199537259,63.84721634710106,0.0456681121058517
56,36.30173453005326,97.54954396671866,0.0,Sleeping,0.0277475279230189,0.0014285460489687,1.0424828167067688,-0.0161617247535472,0.0027074177069179,0.0094453640699886,0.1191029527055071,84.5864475965889,0.0726342529375644
56,36.33850135204781,96.77708746666448,0.0,Sleeping,0.0221232589071614,-0.015265682829671,1.0020386989894523,0.0071206587214922,0.0152805169985982,0.0156157967894009,0.1577725313939948,78.98647117043527,0.0034225301030015
47,36.2780248091601,97.55354694937476,0.0,Sleeping,0.0101640410578096,-0.0285123166658189,1.0169786098553264,0.0031849645526776,0.0047785012341635,-0.0194947036216928,0.2202520993860904,54.78833281120023,0.0936483307425144
59,36.03138688872473,96.64574923478904,0.0,Sleeping,0.0057502007201585,-0.0096559386008316,0.9841293457860496,0.0098584067997477,0.0003595558497122,0.0130208490949806,0.2664187580282032,55.33367266683888,0.0531986306195192
59,36.40438961001793,96.17484331523734,0.0,Sleeping,0.0014527824123257,0.0497417895586562,1.0300727131515908,0.0157302210977573,-0.0035075842347107,0.0158256899007916,0.1264947760461306,70.99690943079031,0.0068616200007786
52,36.26908487612993,98.9565539135179,0.0,Sleeping,0.0089618066489364,-0.0204508707279597,1.0434643406165451,0.0016406473653071,-0.0066221960831612,-0.0129857543519227,0.2387270208398531,63.672730989842805,0.0072527939828069
46,36.2956802764717,98.09249285621792,0.0,Sleeping,0.0154400749756011,0.005654863027273,1.0401307412117935,-0.0014897496226305,0.0002637612481909,0.013011154210949,0.2887700582394706,57.773504854181134,0.086501366923126
47,36.17735570597239,96.48740943611668,0.0,Sleeping,-0.0446355376078973,0.0025271067386797,0.9903646227949529,0.0142993230696954,0.0036682148959779,0.0036878645113571,0.1263692406593982,81.05139607102333,0.0142692283094935
61,36.53244970175159,95.3667376020614,0.0,Resting,-0.0106252617405071,0.0357242225617267,1.0495304540476864,-0.0237716669829333,-0.0153275860941188,-0.0032733920315173,0.2703574566142159,83.19228173199647,0.058664712484153
67,36.32252702593577,98.9360931082939,0.0,Resting,-0.0154622011036844,0.0437822742123225,0.9735875661187484,0.0487321741073187,-0.0220884680859429,-0.0327375010693343,0.3194270581041094,77.35652182748666,0.0212698337805435
66,36.83856390469023,95.72820351473176,0.0,Resting,-0.0251202060743007,-0.0364472799599807,0.994570646664529,0.0326024350595719,-0.035530390632014,-0.0217849267848093,0.2411647848542119,77.9017157449264,0.1637421619565999
59,36.58598770817764,98.35155188123689,1.0,Resting,0.0412176208631316,-0.0132242313769271,1.01087238632924,-0.0129842495719863,-0.0202259946001026,0.0415965995252081,0.2551301235526569,67.720426519651,0.1638817381113696
56,36.68687963049484,95.7753139910028,0.0,Resting,-0.0230321405922152,-0.0181051083020438,1.0260593765319443,0.0072523455529471,0.0368565083590061,0.0296191204216007,0.2161048622337558,58.92331386992078,0.106705778582993
66,36.23010549318037,97.1205656895364,3.0,Resting,0.0348233723695896,0.0421546385774318,0.9531297785321018,0.0047083001754171,-0.0336275649460225,-0.0123578058924484,0.2473016003794954,52.05381762877308,0.0138606591844032
59,36.78410285582055,95.81333043056974,3.0,Resting,-0.0114483402639386,0.0176713897960354,1.0232229465988618,-0.0243008047729175,-0.0387325253437802,-0.004158103612042,0.2422721597421744,69.32644942794369,0.1091477669658296
69,36.94699823686487,95.38378654227614,4.0,Resting,0.0306061523861692,-0.0428616209101144,1.0248335476818085,0.0116010397716945,0.0086547516731591,0.0013191446017204,0.2884124484729661,80.66520928735915,0.1150800751493594
59,36.5239233806513,95.99229010675327,4.0,Resting,0.0207719698515398,-0.0441068125715682,1.024615658433511,0.0267011158609616,0.0111932141830127,0.0092924026943295,0.2215790919989081,65.30820566110985,0.1265651497757499
59,36.31040479237215,98.16197418987484,1.0,Resting,0.0072857108651248,-0.0428073686579552,0.960803102359191,0.0034399582936077,0.0281266207358101,0.0301880790076098,0.2293501812897214,83.30461850625912,0.0221656651332687
68,36.35174577484488,96.11172370088455,1.0,Resting,-0.0163516502891942,-0.0425448159935254,1.041485092885454,0.0330627942097416,-0.0040741352437831,0.0332295889469174,0.278304933442164,65.66909527037045,0.1335330562000019
57,36.49525334978715,96.81064372319766,0.0,Resting,0.01899095091907,-0.0440378177981983,0.9945539949817476,-0.0410677527186379,0.028026386173828,-0.0396630574923673,0.2999378081605559,75.02780344311986,0.0584520874767624
65,36.72836357337827,98.72054096405084,1.0,Resting,0.0146975152880405,0.030894978788406,1.0443491135621432,0.0439814110140913,-0.013387325482584,-0.0426008285938823,0.3564274466678451,78.87646769333799,0.0843793463235711
63,36.93501694550501,95.20871501799598,4.0,Resting,-0.0014556291432058,0.0122983986811523,1.0131836956638038,0.0090711246297888,0.0026060540218149,-0.023066311876184,0.2922222259052291,68.15690379295596,0.01532258944386
55,36.74687959637552,97.3362104411196,3.0,Resting,0.0280299225686998,-0.0104802886685493,1.0033106954297446,-0.0146048776923694,-0.0081745384332309,0.0021963574059875,0.3291848415768853,79.98120898151079,0.1848681988538643
62,36.23039328716062,96.89660066619176,3.0,Resting,-0.0170565686078192,-0.0266974090824827,1.0366998354728243,-0.0450819709448468,-0.0043191281699533,-0.0208289811122435,0.3457338981194776,52.021723284928925,0.057271711998145
66,36.24057651339447,97.65608917230696,0.0,Resting,0.0054499879402507,-0.0354749102302971,1.049797430833473,0.0285701249540249,0.0341402734232743,-0.0146025357792271,0.3275351997681581,50.22517241927328,0.0347581534082689
59,36.75823434804588,97.7690312807919,4.0,Resting,-0.0156686529982521,-0.0277053002179398,0.9664335391621592,0.0394739982342468,-0.0368991925744713,-0.0020273600442323,0.2061944257589033,77.73295438946688,0.1278501410521598
57,36.57063638937981,96.39204717408778,0.0,Resting,-0.000388188817456,0.0196871062736431,1.0187366620375158,-0.0044545398838418,0.0008200881691208,-0.0081595116012931,0.2589278123280193,79.72126221001847,0.1840564599928231
66,36.43048008251133,97.57344041446456,3.0,Resting,-0.0307981883237957,-0.0024188767179917,1.0252293165261754,0.044123175289132,0.0167232547981142,0.0488638880843255,0.2768466427843762,58.62754469567531,0.177645840205009
55,36.22306943998974,97.0038569442342,1.0,Resting,-0.0291127196837544,0.0147168710142123,0.9731712447645988,-0.0331057557180018,0.0348590397833812,0.0214710115096008,0.2447488245827243,87.33000982908948,0.0508288524200522
68,36.25643033911323,98.60985452351711,3.0,Resting,0.0347763593628393,0.048526732538748,1.0328517624847071,-0.0159307166919253,-0.0211011448242115,-0.0380965893236894,0.3132773812670561,67.21727554941924,0.1506281230755317
56,36.40136035306792,97.08543130889552,2.0,Resting,0.0213498790560501,-0.0182682597210935,1.0216328406302493,-0.0268689796247689,0.0140771517097497,-0.0377601243288359,0.2868138964299095,71.3048694106591,0.0827695988665658
61,36.28629034180631,97.36434562536373,1.0,Resting,-0.0136563376444847,0.0029186073949926,1.0071628118915104,0.0203556337415707,-0.0036901677199031,-0.0197274047534485,0.3259425216499264,88.71231697574692,0.0821045619783939
57,36.82736579012872,97.07749430287626,1.0,Resting,-0.0491502575671392,-0.0060819860147123,0.9679044825322246,0.045005295904764,-0.0206397790749042,-0.024025732190152,0.3680182180551375,51.89638348841294,0.0548710849811506
66,36.37646201341522,95.53199410544194,1.0,Resting,-0.0496135049341347,0.0325764486114396,1.0249333456766023,0.0058816298804601,0.0217767629445703,0.038236562405852,0.3224646853264866,85.27811456954615,0.0505618694411998
56,36.76993895256077,95.26743822591769,4.0,Resting,-0.0288775489112099,0.0020848787041746,1.0263301139229015,0.0049028066981777,0.0166318721362287,-0.0045298739186677,0.2517337931316945,68.7044749692991,0.117160435416817
56,36.77173907482277,95.4279331743338,0.0,Resting,0.034858789602359,0.04753793710332,1.0298624098290006,-0.0231829908848675,0.0075787478506045,0.043384209117255,0.3380738983328539,70.89446372059295,0.1166461435867713
68,36.45769769136911,95.93169803387528,3.0,Resting,0.0441161626354773,0.0313527137670981,1.026520368496628,0.0252708660130124,-0.0450998070657087,-0.0034194217591141,0.3392685571064644,83.80547401621169,0.1959718814699936
66,36.445946244328894,95.66338179171092,2.0,Resting,-0.015717554226652,0.0065507272837683,1.035568931131,0.0248999969100158,0.0048447994690717,0.0317649853853731,0.3471448957776185,59.24871691392868,0.1045677144684108
61,36.613404170308485,95.60814027133917,4.0,Resting,0.0416660895971427,0.0068913437278182,1.0381620663320494,0.0223259663377704,-0.0202545046093091,-0.00689521612465,0.2959859699052852,84.35653144448138,0.1208997294278488
58,36.94591452364983,95.77764663884815,1.0,Resting,-0.047545865931751,0.030069494484692,1.0121124005377515,-0.0023014394088644,0.0030095000415676,-0.0115286804727399,0.3995799439501603,56.24940402188181,0.0665514689838825
65,36.36479758680417,95.10560201494114,3.0,Resting,0.0441881161065563,-0.0497085814740922,0.9576359942169784,-0.0225601611830845,-0.0458932245684913,0.0003139788046725,0.3439294145554847,75.46297093175305,0.1573043219571029
56,36.59315386772016,95.6798416659905,1.0,Resting,0.0043177619854949,-0.0287382223092623,1.0372810616854942,0.0422471457257284,-0.0172055327396521,0.0064915365711687,0.3543615396720612,88.33960695803736,0.0214002666141845
66,36.478647070384,98.80899943300928,3.0,Resting,0.027478546000167,0.0321961982346258,0.96188911086834,-0.0305983089959005,0.0316849690703925,-0.0376163604029338,0.2815862016485613,74.33527387170335,0.1762252443119191
69,36.468990402509206,95.99721877776562,3.0,Resting,0.0081332600697407,0.0375380464441398,1.044334536595472,-0.0321933803768073,0.0491038528262476,-0.0020170171840043,0.3793499120643192,64.68324871821295,0.1815970096550067
65,36.24174448986367,98.62584291093044,4.0,Resting,-0.0017517294821796,-0.0387023329546827,1.0177291845169865,-0.0404331404180579,0.0345450239084422,-0.0202824985871791,0.2346441769465841,85.42115382784519,0.0595389829393116
63,36.914664317017326,95.85566785255352,1.0,Resting,-0.0293376242441017,0.0143689130069377,0.986773091272848,0.0432271235046194,-0.0293666352061912,0.0159975283757916,0.3654666202078481,76.01230974367789,0.0186760615135489
66,36.88667078188502,95.19771013556318,3.0,Resting,0.0293923018165561,0.0109037573797816,1.023160953527679,-0.0463203978548111,0.0191090401290004,0.0147134454320114,0.2591761973165111,74.58064977694295,0.0693375252465816
64,36.37153692701939,98.5458940389092,0.0,Resting,0.0322785976240249,-0.0006741822033177,0.9562094952412448,-0.0348343733090928,0.0008622012586887,-0.0398722487385645,0.2065064870921286,56.11919571715396,0.0354394955271433
66,36.61785238336314,95.41346611999762,2.0,Resting,-0.0283146036897044,-0.0444545029056377,1.0286790752886723,0.0496986098080408,-0.0332464380821739,-0.0047627106094642,0.2095998889343333,81.50726604808384,0.0646527381153602
65,36.23281363417267,97.41823092080284,1.0,Resting,-0.011414244689073,0.0073338982039645,1.046417754184344,-0.0086820088608963,-0.024152960399096,-0.0209322142421218,0.2373314540270637,65.6881397403161,0.0948558315925647
55,36.28369694912713,98.4699777021682,1.0,Resting,0.0044816241286661,0.0430982110740372,1.0362859464220011,0.0471556825354703,0.0238794520455538,-0.015944718676097,0.2057031808281104,67.63984992078534,0.0749988656799042
66,36.20299718983605,97.65903995139388,4.0,Resting,-0.0442756218405451,0.0033422260468595,0.9967648944915708,0.0248408638442846,-0.0153488491966563,0.0367668887375885,0.3931673536997019,65.3154976168131,0.1930566590412407
65,36.62026004225157,98.55774360751602,1.0,Resting,0.038227142340672,0.0404831400725202,1.0114259550762557,-0.040746635909823,-0.0062733197920353,-0.0399545501143838,0.3583966775412057,68.48689347843218,0.0532186335653262
61,36.28278229548917,98.58528819916975,4.0,Resting,0.0079355261258704,0.0265321778682912,0.9888605772370452,-0.016454727527355,0.018648963467645,-0.0349765546320206,0.2145001545379445,56.01632734824498,0.156045452953358
65,36.20438008310436,95.70853984408188,1.0,Resting,-0.019120424552197,-0.0135442023482911,0.9628075435086278,-0.0106486926123141,-0.0290349237594319,-0.0047342567530129,0.399221168136344,59.87419598767773,0.1105581631446187
65,36.78902825023548,96.55134867159948,1.0,Resting,-0.0237571242534657,0.0125559259940546,0.980364983620534,-0.0005988543975144,-0.0157877317151843,0.0126850855061899,0.3355948142390765,71.30756404070044,0.0338853607324042
65,36.35786827168412,98.21304049528943,2.0,Resting,-0.0243974004548734,2.6004397648757283e-05,0.992920599551246,0.0335301523076858,0.0220771567553592,0.0024412758751673,0.3106195474097806,57.47425855512186,0.0989589756073701
65,36.73030481150468,96.58791697295014,1.0,Resting,-0.0031977644945233,0.0174366371953504,1.0236129836064676,0.0384407155449261,0.0182099015917973,0.0379244025515829,0.3990381755985573,53.06861163323224,0.0334946895066792
63,36.691602872738535,95.56247099146474,3.0,Resting,-0.0008660476247613,-0.0311349650602334,0.9649922496528424,0.0162647325939481,-0.0478662922011267,0.0429745166586393,0.3479003022125848,62.43745801356436,0.0670910286369486
66,36.57857553789008,98.92950111583434,2.0,Resting,-0.035359547154299,-0.0095987800174282,0.9601480410223038,-0.0436691529096966,0.0006859107246336,0.0072722087526663,0.2213823516048574,54.63947005345424,0.0616691529899057
66,36.99428665009552,97.76320600769026,4.0,Resting,0.0091015067201388,0.0241926978619278,1.029458776098806,-0.0131565448195758,0.0309668007547628,0.0026322315267539,0.2869028029200677,63.26186264374533,0.0901879678708981
62,36.39663540895504,97.42981102366905,0.0,Resting,-0.0226226032247145,0.0231558548708293,1.0216377294801182,-0.0272354145511391,0.0075288646120282,-0.0063691637560981,0.2951958101178544,58.10239065744538,0.0835916862010034
66,36.41210826053621,97.9064856503565,0.0,Resting,-0.030512808682794,0.0250061106876032,1.0469689956799542,-0.0106829705707626,-0.018497734345233,0.0192363472460818,0.3301027379037656,77.52272785410099,0.0820116501706197
67,36.45152663285407,96.14284544726972,4.0,Resting,-0.005157435541882,-0.0353898976313873,0.9999284903308132,0.0262034161835769,0.0214990140160862,0.0330007060319408,0.367728678879602,63.65472192496196,0.0259130193519282
64,36.60309834679823,95.8993629145584,4.0,Resting,-0.0052001803458843,0.0140256471267323,0.9683145718518518,0.0244576707189699,0.0479498313149715,-0.0055986154228092,0.2892635246827348,79.23850238585437,0.0187219623153213
68,36.20620867589948,97.71831013452793,4.0,Resting,0.0089533040959988,-0.0334636184636178,0.9837458563493422,0.049911503072707,-0.0070448669061633,0.0125289793231049,0.3391317651520731,83.31918325138403,0.0792445709680753
68,36.81378025864095,97.542365010218,0.0,Resting,0.0128895903042502,0.0139879320250283,1.012506563645542,0.0229535343160563,-0.0238700765708224,-0.0229437562251823,0.2488712839229597,77.68131003562488,0.1329625264460908
64,36.59186746446274,98.21228301066844,4.0,Resting,0.0101942827858223,0.0381862052556614,0.9673562791232752,-0.0297859038897337,-0.0253764629161302,-0.0240307966061665,0.3047786444528117,69.49948546197359,0.0096169751255841
68,36.8243819986761,98.14052112565072,3.0,Resting,-0.0039250282771827,-0.0399288790423704,0.9852413372544512,-0.0262894927795563,0.0135475692037893,0.0056072886285254,0.3967775163173521,79.31222995714703,0.0918065669374002
64,36.48115844624582,95.613816168249,1.0,Resting,0.015396426244764,0.0243068317265389,0.9900104541972632,0.0237580780468095,-0.0285271131136762,0.0139269554710556,0.2176331812611713,51.23121942699966,0.1402930020112212
62,36.54871268504533,95.03611521210748,0.0,Resting,0.0049841450482801,0.0056130634800636,0.9821264759278372,0.0285843196110543,-0.033643748726771,-0.0128851439811409,0.3858333050655656,75.77542611935294,0.1459536249495411
63,36.96325312122265,98.69189932518265,4.0,Resting,0.0272053239987352,0.0394616232607161,1.0305086676432609,-0.0209545078463127,0.0459155450402855,0.0402678645802175,0.2078683995490624,86.32308048595483,0.1674442842262774
64,36.75194680346349,95.28012014421608,0.0,Resting,0.0298903282214983,0.0307295978197011,0.976119965270796,0.0362208121808485,-0.0112947877001121,0.0481983366101107,0.2208077137550514,65.93081915379818,0.1179362271419552
57,36.70929538809864,98.78771264450454,1.0,Resting,0.0093039796358538,-0.0234080739143839,0.9602199486973144,0.0396769609796172,0.0246069741852528,-0.0100601789282915,0.2858247227485134,84.54405233658096,0.0081907682403732
58,36.90389774511771,97.32785117353568,4.0,Resting,0.0293443399829888,-0.0073800212603603,1.0483711822296995,-0.0060324631032495,0.0461214207052735,0.0267260745112135,0.2275252096198978,64.78582816433033,0.0046117230054735
61,36.48621724547686,97.82860177756574,4.0,Resting,0.0176742867374039,-0.0124953589446514,0.9744023578116312,0.0068962423923508,-0.01056162556543,-0.0075521809943274,0.3725693252227071,56.03621476208709,0.0283397240134164
57,36.26694340710047,96.77586002994232,4.0,Resting,-0.0113143112865221,-0.0211626714543423,0.9929558659867478,-0.0246041546466293,-0.0209602477689257,-0.0341301728677369,0.2506282782854286,65.41691391696047,0.0593995681382359
58,36.763737096028,98.48200791340562,3.0,Resting,0.0401784024460636,-0.0273441249862672,0.9612223134914636,0.0498886994085062,0.0104237923235923,0.0310543443744745,0.3685480591829428,59.47635644249112,0.1077526877077439
61,36.62098243721359,97.16148550886916,1.0,Resting,0.0322830879964583,0.0135140791969333,0.9576773642372796,0.0465523955469139,0.0375833614078242,0.0261047606275492,0.310151665503582,50.7967097964815,0.1904294489616291
66,36.39398394342977,95.90864722608768,4.0,Resting,-0.002515898716666,0.0259343756609854,0.9620683297652496,-0.033061390600523,-0.0371558063292246,-0.0183663886099144,0.3946969301067431,58.08810726193493,0.1889869213806821
60,36.6097687899691,97.2687182221166,2.0,Resting,0.0042582619899838,-0.0131518461421946,1.0481221814760464,-0.0436119677083906,0.0140850527784473,-0.0182731096835997,0.3221034653569045,53.18324959675964,0.1328063478028167
55,36.44269981095823,95.1758715172098,2.0,Resting,0.0177496697571769,0.0186763144690924,1.0480632837985064,0.0251762719989401,-0.009357154340863,0.0455179253790865,0.3173810042138236,81.55982781700304,0.0147690773049591
57,36.58139926554994,98.92150428286698,3.0,Resting,0.0440992296958924,0.022470530917502,1.01034032214921,-0.0152082086840104,-0.0067257101712534,0.0143570754783094,0.2616898002816827,60.47609280735831,0.1324405846723717
67,36.29146014303704,95.1521573095217,4.0,Resting,0.0217583197131923,-0.0491350005300155,1.040591289142522,0.0093753391331489,-0.0024844726003723,0.0109625073726858,0.3178000298942413,58.22227913712042,0.1626708040602398
56,36.28646616122921,96.31289436930264,4.0,Resting,-0.0317336839012007,0.0494639842443669,0.9952369801443396,-0.0439093239588337,0.0156173202773871,0.0093145347609202,0.2245053678838018,81.73738246480589,0.0987841157208377
62,36.30911316736298,98.01898999330416,2.0,Resting,0.0286603868168532,-0.049879296749072,0.9751207653489794,0.0157067261205161,-0.0255043378099106,-0.0026056748795447,0.2496679631039339,56.27120887823182,0.1147244312778225
57,36.70729549194576,95.05417812866465,3.0,Resting,-0.0369101171436085,-0.0134246517797684,1.0035751276872766,-0.0200400512518006,0.0486286398253197,-0.0151115299516135,0.3810471452214895,56.25147626541283,0.0419841045028236
68,36.430709044847575,97.44765342980364,3.0,Resting,-0.0460000047186334,0.0035600083389054,1.0414481035468122,-0.007554475836153,0.0210445407966839,0.0416585292870384,0.275303325387124,82.90062829646735,0.0189873251436184
68,36.42571758462823,96.92475886750825,0.0,Resting,-0.0299667990195673,0.0134067228706501,1.0094822987434928,0.0159336603065318,-0.0152502700534281,0.0244793280213848,0.3802051950056346,51.69199686498931,0.160634181708395
65,36.65284589756224,98.69214478489457,1.0,Resting,0.0028744468283096,-0.0403057204102261,1.046026403136144,0.0375462137555664,0.0193628463050125,-0.0143425467591659,0.3347723999742861,69.94479449116159,0.1118496750269425
67,36.848537021398805,96.47833060121204,1.0,Resting,0.0329705611599569,-0.0305756130440571,1.038163938761806,0.0079972374356793,0.0091418384139399,0.0157689353084984,0.2337604968785701,59.09366763745429,0.1764185210917789
61,36.47778318066604,96.29802727728205,3.0,Resting,0.0425580377667963,-0.0153721276090123,1.012773781855167,-0.0354348468052904,0.0152222432153737,-0.0307419831560696,0.3276153113261857,52.38950800705357,0.0819789121708703
60,36.51512586614085,98.32500431519428,0.0,Resting,-0.0115771095458382,-0.0217590589925281,1.0010258073787104,0.0384643473499871,0.0212651768809049,-0.0252609473405973,0.2216546153165479,72.18015990772702,0.1702952186989761
59,36.97741507944325,98.3060141055983,3.0,Resting,0.0184688111032641,-0.0310748615977885,0.9579583980640496,-0.0366506947610514,0.0396891506800401,0.0437629241267779,0.2625693532248191,78.2739518114496,0.1884568051083369
61,36.8951792909585,98.05829474734054,4.0,Resting,-0.0370390542934271,0.036913116007119,0.9540290343542392,-0.0387285308274047,0.0205966055101299,-0.021469787422775,0.313892250091748,70.32981400082926,0.1705682012859929
68,36.58595107582138,96.96217521093848,4.0,Resting,0.0352451862051997,0.0434761487323049,1.0313349913938543,-0.0199226103305303,-0.0467663187383965,-0.0003404146396613,0.3803904537732455,78.73478424067487,0.1028943362890412
67,36.41476525195685,98.16816625249793,0.0,Resting,0.0162870196435797,0.0323324920587594,1.0027852311545018,0.0340031769825445,-0.0440439898146871,0.0405636595075117,0.2078757772688644,81.0585233666702,0.1673782527402544
56,36.94081953313666,95.22413372447151,4.0,Resting,-0.044545322967097,-0.0044222773984375,1.0159377341104592,-0.0373340012707593,-0.0415626711571066,0.0491429417084702,0.3502692588173108,89.09218286185893,0.0888753387473285
67,36.99872565748988,97.71236506566068,2.0,Resting,-0.0335041005118002,-0.0451696896249039,0.9793296895435516,0.0268216072301903,-0.0111593186730478,-0.0373855828256914,0.3235583300052351,55.11804514729906,0.0912430793261028
55,36.60582087563375,95.5034764135788,3.0,Resting,-0.0154037662844801,0.0047837200842083,1.0407804090293762,0.0294522537581665,-0.0414635970654284,-0.0435320589600993,0.2141121144069198,64.96372071123952,0.0141475916133442
60,36.302952601510974,97.6562574528924,1.0,Resting,0.0047601690260866,-0.0483079308310618,1.002032730154062,-0.0369474185838855,0.0097442245054135,-0.0015135548070098,0.2215056249065344,87.40847255379786,0.1726076522407818
59,36.557168282349416,96.1015148419126,4.0,Resting,-0.0425734146179575,-0.002025418174497,1.0261636565369097,0.0172366293135078,0.0206563121403855,0.0399382226550012,0.3555402569104818,88.06131699448605,0.1661976097235142
56,36.51601779879225,97.32779259113332,0.0,Resting,-0.0495553339797353,-0.0104592705667803,0.9833574274895656,0.0421006898347921,0.0110096950465947,-0.0246041444589532,0.3762599590495669,64.21056178654591,0.1351057335186468
57,36.258229935774025,95.55423452395752,1.0,Resting,0.0274010122632124,0.0400848962875728,0.981996912057812,0.0400254816008121,0.0060153906104158,0.0122487572900691,0.3978701362574378,51.71331306305704,0.092195830272166
58,36.41638805904854,98.7515349243868,0.0,Resting,0.0384901072284095,0.0371484637830917,0.9822520319491634,0.0422551257057537,-0.0344853567956358,-0.0452355617329313,0.3668297677947794,64.6238418462901,0.153880158991399
62,36.67706283646838,95.1796321930276,0.0,Resting,-0.0494137465788585,0.0272197143507762,0.9563941182630146,0.0084331821679364,0.0154943817590028,-0.0046478467279382,0.3879911760390429,87.93375581555756,0.1981452061958204
63,36.50831944598292,96.87930621366075,4.0,Resting,-0.0179125316559245,0.0306737705704458,1.0314901441586213,-0.0447695175790354,-0.0414145973634206,-0.0279074829365948,0.2114611894041788,60.22071264661504,0.1483933769699555
65,36.45040795628742,98.86500461307634,4.0,Resting,0.0349159903881601,0.0057606340578548,1.0339780448420857,0.0023245446925039,0.035138664192096,-0.0260494233425651,0.3642112185344469,83.7425555538396,0.1068800550230847
58,36.46159680834448,98.3658343114146,2.0,Resting,0.0145405132220828,0.0244799252210913,0.982745705091418,-0.0382014687095838,-0.0449144826937518,-0.0306344875558502,0.2946463475559447,56.06260606937395,0.0715192824196817
57,36.49408003677921,97.2189915652777,0.0,Resting,0.0364112637868263,-0.0479012919285909,0.9718233511156668,-0.0054240205764207,0.0464699057626884,-0.0357519744791527,0.2920782106342344,78.7597219213626,0.1455393348704045
60,36.48037481653353,96.52511100930911,4.0,Resting,0.0346067906849991,-0.0276239204426519,1.041459248025835,-0.0217863461947441,0.0014478072563875,0.0005273288136786,0.2320557398122615,76.13581166047797,0.0600890369839234
58,36.66813086165645,98.04879324175538,2.0,Resting,-0.0349028120483252,-0.0056406006104926,1.03234907337337,-0.0394873105161369,0.0439750223240588,-0.0442365739695525,0.2353853390929133,65.43727174762823,0.0885576425628766
58,36.22316388782029,97.7725119022379,3.0,Resting,0.0034963539801265,0.0251552784925499,0.9527822711512554,0.0407136164158318,-0.0406498378610536,-0.03457927506946,0.2268964616972847,59.82164470886028,0.1211708171663506
60,36.82295697696094,97.13059069311352,3.0,Resting,0.0003130152333384,0.0336458663490788,0.9829286613340458,0.0449392250834417,0.0491708187122605,0.0245968087771255,0.3037364532970614,83.6951890415888,0.0562301711075748
59,36.31361271545,98.24602074661338,1.0,Resting,-0.0374167146139415,0.0351129154963147,0.9771062145509992,-0.0361306044840557,0.0358556892430156,0.0236035758205579,0.3296129291508675,87.80824840700585,0.0505982916355463
58,36.78306726680302,95.60059036499788,0.0,Resting,0.0198529479365983,0.02468823342548,0.9723221454722196,-0.0158102265785789,0.0234384908008648,-0.0318806093868805,0.3840667631997081,63.59066038303662,0.0287736406304548
58,36.362681910454576,95.04796508268406,0.0,Resting,-0.038191479564081,-0.0493697378139651,0.9889137767049266,-0.0026823531620503,-0.0382028112339174,-0.0029004261196304,0.3401871548935921,81.63059740636047,0.1107150421020204
68,36.30945098926668,97.9540605354726,0.0,Resting,0.0148199126143626,-0.0277979482045271,1.0348714272060335,0.0200877470544716,-0.0151607690225417,-0.0405028242781134,0.2387515768612914,73.64551085419839,0.1007530329838428
56,36.55267001071055,98.3613887167804,2.0,Resting,-0.0006642710498971,-0.0100042668754759,0.9843491433286086,-0.0228024596443396,-0.0416894846893032,0.0301753531490375,0.2084428526805508,54.20016454650763,0.0020099120498355
55,36.64293513453071,96.00090922369472,2.0,Resting,0.0231378857376562,0.0214159822307992,0.9791651213765054,0.0363260451481034,-0.0296279180927689,-0.0298038253376312,0.3617029877607519,51.28042623983015,0.0575748583666661
68,36.48114342616309,95.36415023623294,0.0,Resting,0.0148668480003478,0.0427361785459771,0.9965901944913046,-0.0114804214039858,-0.0164843406883524,-0.0248574211766448,0.2395428712565462,69.40880493673205,0.1349372181734169
64,36.34710669303162,95.66313490425816,1.0,Resting,-0.0397459484780985,-0.0376095591508558,0.9550032393121536,-0.045308727221182,-0.0269059106606777,-0.0358306217854542,0.2998572205199047,65.66486188814831,0.0252057183633961
68,36.52016732677309,98.88413142459012,0.0,Resting,-0.0114773360562378,0.0055165249557865,0.9770462434327912,-0.0017080029758974,0.0352154275070949,-0.0343529444764535,0.3517445475826563,87.73456881373343,0.1039006203410797
61,36.22882539417247,95.27115416480504,2.0,Resting,0.024629846523925,0.0239786694496813,0.9842598045932514,-0.0432045761649578,0.026343023394415,0.0427780912100904,0.3594145022661151,65.48895054791745,0.1432839653972802
55,36.98211114109251,96.8372681685356,1.0,Resting,-0.0235417297236289,0.0144724048543875,0.9599268999492924,0.0255071001216211,-0.0495368251089471,-0.0038526988330523,0.2904292643861814,80.84395354708474,0.1751507296456876
65,36.97290651968573,96.37654587996182,3.0,Resting,0.0058324575068149,0.0394433799759987,1.007908609959132,-0.0269569043975687,0.0107946655797887,-0.0107862226823896,0.2807739692345841,67.50777009386755,0.1494467641474016
67,36.59489648113705,98.50427890330351,1.0,Resting,0.0403368956769455,-0.018452540336334,1.0380760827860414,-0.0208169254093485,0.0364697425619818,0.0024207489462821,0.2572938824789199,56.21138161513209,0.0583089150810931
66,36.70739791746812,97.21923252920357,0.0,Resting,0.0315277108374424,-0.041467722072947,0.9609508465931792,-0.0350225021848382,0.0379005140609033,-0.0055496103931914,0.2491721194652454,87.63986112261624,0.0543392100230099
57,36.84738940384589,98.53509038023448,0.0,Resting,-0.0305172838097337,0.0074674169357058,0.9937807856154528,0.0256310468173344,0.0437112096329389,-0.0259603031851859,0.2292771283676743,65.65858851491572,0.0060673664803281
64,36.2384261510726,95.01208619882856,3.0,Resting,-0.0219270784940316,-0.0207133908600286,1.0285507331968142,-0.0186239857961365,0.0134137246924579,0.0078092116396156,0.3170783995639625,53.91217591691054,0.0802561768487114
55,36.26653331741232,97.00513132794138,4.0,Resting,-0.0343458636148897,-0.0445163556919609,1.0096449811945711,-0.0191867941404326,-0.0196630845333496,0.0340280330344214,0.3274117750085999,54.88437375401991,0.189395098558178
63,36.45579807108159,95.27050731786592,2.0,Resting,0.0403641896842758,-0.0290819336540702,1.0087935442257594,-0.0145752393391554,-0.0308571692787048,0.0195086038226924,0.228234468817001,50.22638747560161,0.0569368131497761
65,36.84922121825523,98.64051232368344,4.0,Resting,0.037770142058341,0.0144282539110023,0.950489796602604,0.0438353939671001,-0.0076511637118708,-0.0397737409307153,0.3910445458983779,85.80888017483456,0.0953371714604013
57,36.24064109291352,95.35663210610493,0.0,Resting,-0.0497759815565666,0.0273760136801451,1.04993896104227,-0.0093920044687695,-0.0437109459682692,-0.0231172392412292,0.329833348126877,86.33748518115362,0.1140539585138101
66,36.31300635669098,98.05854621802284,1.0,Resting,-0.003852471500711,0.0078085945780549,1.0481395478362567,0.0390316138569492,-0.0124191889017509,-0.0090579454838458,0.2362086958015505,74.94816386731009,0.0321740723666888
57,36.20780990704972,95.2863646334324,4.0,Resting,0.0487435062444521,0.0459521794735034,1.0240723024720524,-0.0279451371271065,-0.0496000660069781,0.0104693773088451,0.3950412158467182,52.97252923627512,0.0800846854345571
64,36.97778476121158,96.5423225528998,4.0,Resting,0.0259544281530058,0.0496140347752408,1.0311310474427888,0.0284203507971585,0.0472192229950591,0.0497697204336849,0.2948874547139707,82.69808817583913,0.1521840975601721
58,36.72263123165127,95.28237995380796,3.0,Resting,-0.007214389625572,-0.0326308126977971,1.048015743462436,-0.0230458081775243,-0.0282021649186686,-0.0076830563870628,0.3542603553367333,88.09868414995346,0.1781558635925868
64,36.42153888131103,98.31504103304503,3.0,Resting,0.042990393033091,-0.0222951048340271,1.021740948514032,0.0414012410017659,-0.029597425856591,0.0320222228900734,0.2046773627293784,66.53075902702935,0.1688242423008958
62,36.89661459916038,96.38731825593422,0.0,Resting,-0.0438109261355678,0.0231130622444215,1.0333432901432795,-0.0064772313223788,-0.0241008270901356,-0.0048253970571764,0.3470815233823285,53.91685657543152,0.0984373709815463
68,36.79818271756743,97.70005849343264,0.0,Resting,0.0462168968627672,0.0493947524070866,0.9781389979265356,-0.0010334851674904,-0.0358514086297364,0.0168728237009715,0.3715885368605561,80.75708827998541,0.031753836618571
63,36.22003436911778,95.90575292157428,2.0,Resting,0.0299376809218717,-0.0341260606308309,0.9562996244593064,-0.0115691563498345,-0.0362629555895239,0.0466860079353072,0.2740750458542513,85.67520298104668,0.1581400329567561
66,36.99660108401185,97.08531722095825,4.0,Resting,0.0354004866971283,-0.0398387767656183,1.001554471028636,-0.0107103406450944,0.0041856298102937,-0.0084359102277122,0.2234223438278223,74.16177787023554,0.0943306160993773
67,36.32888215111727,97.77900381709163,3.0,Resting,0.0499233776785639,-0.0040269797724097,0.981777644679192,-0.0186551689951949,0.0164982983475272,0.0108496500276154,0.3073184867164872,89.0816736040508,0.1031006900119301
67,36.6731100469696,95.21087013786963,2.0,Resting,-0.0089171240762186,0.0044670822775467,1.036496757954488,0.0220652430626567,-0.0250826112046658,0.0325610143248183,0.2168906398194665,62.728974235226005,0.1266825245943154
60,36.768568302031255,97.60772164511108,3.0,Resting,-0.0460245630753946,-0.013620383233595,1.0465053606668833,0.0259871080936457,0.0212017848254277,-0.0454409793896677,0.2044203537572233,73.12497030176749,0.1073354060747667
69,36.616482697343,95.48220165114402,3.0,Resting,-0.0014448805040395,-0.0376996051567475,1.0332349855718184,-0.028198541201114,0.0362609491018954,0.0039510271084924,0.2232330588085815,62.94686094274148,0.0413812260546719
68,36.89903494508355,97.2250956345035,0.0,Resting,0.002450646586892,0.0125527114115065,1.038711112894276,-0.0489869361243879,-0.0364447058112472,0.0150657643721037,0.3384286858401467,77.28598120391842,0.1587864464491822
64,36.53359688564563,95.26590413086286,1.0,Resting,0.040445565074094,0.0452702244798043,1.0047516141765702,-0.018668117059762,-0.0180797906458934,0.0026998672779295,0.2756027571710904,88.56156579282674,0.1592830555632936
67,36.30247449565131,96.08600010436751,1.0,Resting,0.0442333549522183,0.0310683705018442,1.001063554330034,0.0008344389986607,-0.0409819324039796,-0.0232431605640117,0.3248827525726722,50.57669569276877,0.106921291320861
67,36.61952452411626,98.1365343518694,4.0,Resting,-0.0411551966378236,0.0451787130732897,0.9759716335302764,0.0436002644010565,-0.0209445716099246,-0.0069092081136284,0.3065629761839317,80.55512627406056,0.0125973770643547
64,36.47208178651968,97.1771287514664,2.0,Resting,-0.0220093707934863,-0.0406234139131129,1.0000106448111747,-0.0019790739553969,-0.0079004542673535,-0.0093813528258295,0.2890777805651208,83.71935576171208,0.0834660321232624
66,36.815934761513454,98.97880910253804,2.0,Resting,0.0419589325322683,-0.0192763261906305,1.0486203324323984,0.0391429051148154,-0.0257535272205494,0.0443401070048194,0.2037743200149839,60.32804168501385,0.0888465555116933
66,36.54920881293699,97.77000791338662,2.0,Resting,-0.0461382033429512,-0.0462210235387628,0.9888435376021236,-0.0224794108546475,0.0301381686644624,0.0400984711559064,0.3580348960199474,89.49339311947497,0.113761664950841
61,36.885892678100205,95.4742526907132,2.0,Resting,0.0273972852840643,0.0124475924922796,1.0361971275570991,-0.0305489379613748,0.0325545747066345,-0.0478045443718472,0.3051060677227726,64.55490449955585,0.1680998895885274
63,36.53752322774531,95.16010820446664,3.0,Resting,0.0285167549904,-0.0151249497437429,0.954201219368476,0.0310152913202434,0.035325272189663,-0.0008869050916329,0.3927831599679309,69.54118296619734,0.1336539908977543
59,36.63857340813652,98.64655216789568,2.0,Resting,0.0030840334349305,0.0369538694282709,1.0453054237567978,0.0051024342754188,0.0240713927258073,0.0388265913491561,0.3004423600542796,83.56697059210975,0.1451177545721012
61,36.20404000502321,97.97381225884828,0.0,Resting,0.0258693514353701,-0.0299954990186781,1.046720931328468,-0.0144601906429734,0.0219437626190179,-0.0137099620425818,0.3820826423648878,77.34314343773212,0.0116732737530768
62,36.99949095742051,95.26267299443072,0.0,Resting,-0.0302073860706719,-0.0006725877081108,1.0372956593364893,-0.0491073452583961,0.0033123910436397,-0.0100240579644716,0.2021291133655682,72.30295917451576,0.0456364853358429
59,36.342888650770114,96.24028899545291,1.0,Resting,-0.0120653179491031,-0.0481458803830156,1.036716611592433,0.0358337843783955,-0.0457795140427027,-0.0188043376485135,0.3022772700245375,72.74466370821716,0.1632774217204167
65,36.97675272438053,98.3155932247535,0.0,Resting,0.0301286982534249,0.0493651973895248,1.0010306187135931,-0.038321422925583,-0.0254964889334921,-3.121598998141739e-05,0.2746041018251489,59.66984559738222,0.0090739149914805
63,36.56911349374654,96.27077205434456,3.0,Resting,0.0141790971250882,0.0485713956457737,1.0275617279209406,-0.015038805421201,-0.0050354761192054,-0.0246307645986704,0.3391276412996309,62.56726418529154,0.0272978414477787
62,36.786636179537865,98.77714489781154,3.0,Resting,-0.028272169971641,0.00345367847742,0.9748902342213605,0.0076662186903531,-0.0307282466883454,0.0456965216382078,0.2991952850749094,64.37046349165635,0.0405575094150861
66,36.594488408086974,96.12424619431664,3.0,Resting,-0.0128588044343285,0.030186415639794,1.0338737439559815,0.0201723628493749,0.0386373337487997,0.0376670396994748,0.2059604837299044,75.56883883134861,0.0746597118108264
67,36.38241688490499,97.12352680907024,0.0,Resting,-0.0444127441103843,0.0454390260052383,1.0026449457770918,-0.0292371598096186,-0.0158916942584146,-0.0224055277565497,0.2101910731686576,81.57538438270626,0.1842348852790238
65,36.52058452057855,97.28750017092251,2.0,Resting,-0.001502226560057,0.0099002144666714,1.0343783946475071,-0.0362391267498994,0.0281897535428053,-0.0128624395821008,0.3841871781586082,69.84314576083929,0.182564432913898
55,36.990966865827225,96.79698332732012,3.0,Resting,-0.0190611793251488,0.0214872657146009,0.9826982429639256,0.0420249278434929,0.0066921030859705,0.0072045182659017,0.286929190497723,72.17581351309008,0.1507383802758938
65,36.238755805089845,98.14453992918897,0.0,Resting,0.0440704037644158,-0.0308647323349725,1.013588886040941,0.0415570312057685,0.0068038081663761,-0.036101413205095,0.346623685446586,72.24584193512992,0.0424920082540222
66,36.560083340432975,97.540170843227,2.0,Resting,0.0265161268159983,-0.0140090171808647,0.983614384824744,-0.0317755713352347,0.0161015403958907,-0.0027909412818057,0.3470639048971419,78.60706695487806,0.0565289790158216
65,36.50921168015132,96.55560949107304,0.0,Resting,-0.0314022477495994,0.0284256836833405,1.0131363534499362,0.0161870721528851,0.0167680685951729,-0.0339185656377278,0.3018107179333871,58.46784989100013,0.0823380550279258
68,36.46348502011824,98.44158800336616,4.0,Resting,-0.0410518673072009,-0.0377417316471258,0.9726425192141592,-0.0414898082237508,0.0156038291088262,0.0236479522582934,0.2203535248418331,72.06426049220755,0.0714079281794366
61,36.94899890510634,98.27505282036674,1.0,Resting,-0.0373292707695261,-0.0396883102246806,1.0205811239825269,0.0416301078801856,-0.0250565905693091,0.0110738452420833,0.2590114131770319,53.05728586559775,0.0746110950128309
56,36.516570479348985,97.2208412937626,3.0,Resting,-0.0139119390474385,0.0428180942431995,1.0031124327650374,0.0068340899823662,-0.0422408953689156,-0.0399476407242919,0.3868676677654125,89.03915997665234,0.0082759139481932
55,36.38106606122936,95.5446710397968,4.0,Resting,0.0489551000558892,-0.0467841214745274,1.013751692205774,-0.0041663009458586,0.0266326285683815,0.0084791177342618,0.2331776462509675,59.65317979860389,0.0353949238083051
55,36.87789394427261,97.68573297164792,4.0,Resting,-0.0406434224181767,-0.0246922872116024,1.0308614647254777,-0.0218006853393155,-0.0126983693052987,0.0109672168022121,0.3683775915310279,66.30892324666095,0.1250403452017509
58,36.93596955910122,96.75290718253216,3.0,Resting,0.0312412889003754,-0.042826044343962,0.9525903456582608,0.0459814530076494,0.0345269742747472,0.0438979334609892,0.2345728306525545,75.38388716273444,0.1127111507230369
62,36.99788509995373,98.4661894920228,1.0,Resting,0.0278563626355229,-0.0200756378285321,1.0036394246981817,0.0132734458631187,-0.0245849362453727,0.0067778298097751,0.2155477936100333,51.30913808159988,0.0432848231689336
61,36.253450075315605,95.39547556560332,0.0,Resting,-0.0121550103206246,-0.0188362219173819,1.011474361561395,-0.014509810250437,0.0044460295844296,0.0132567545945162,0.3826495212132085,84.9289970854305,0.170472060966368
60,36.65643478013213,97.7282082857507,4.0,Resting,-0.0404197172482359,0.0102300813329117,0.9612369024027416,-0.0484252693139117,0.0222868887218084,0.0196259070225092,0.3938029587751329,71.33495330052106,0.131828542866331
65,36.930788269529984,98.6348523023242,3.0,Resting,0.0323816147194072,0.0193047246377616,0.9856203307722808,-0.0038719186309245,0.0238569345645527,0.0290764222487997,0.3870150233875857,85.6397862764497,0.0197420198778766
64,36.32954661005321,96.04129085692334,0.0,Resting,-0.0032073232557828,-0.0105747108900259,0.9808386003013632,0.0072899242350777,0.003679677946384,-0.0141845833025181,0.373740515186366,58.06701430784509,0.1135975467483467
65,36.41533751915311,98.7916003682728,1.0,Resting,-0.0114818259034414,0.0461461578262459,0.9682015827279,-0.0386269832004756,0.0310384987459305,-0.0252167820504373,0.2991425445129532,79.033544355549,0.0267732275690289
64,36.31976091907904,97.77212464521092,2.0,Resting,0.0168599180854793,-0.0205558158674579,0.9527219016599424,-0.0136576670404085,0.0276714027698917,0.017148374841478,0.2102254273056682,74.28626166557015,0.162459458842316
60,36.8037673175355,95.10346679686344,4.0,Resting,-0.0008795791035259,-0.0057912019200585,0.956353786009736,-0.049052989249019,0.0192741030888785,0.0112559899088555,0.3923167314063993,69.1850912613819,0.130144598771158
68,36.439879972986894,96.7919346921496,4.0,Resting,-0.0421340571200062,-0.0016375065496826,0.9759872724195312,0.0025440657207299,0.0109023901975352,-0.038038833205144,0.382310884816169,83.76025301698141,0.1527945911346638
63,36.359246518670446,96.64394835256202,1.0,Resting,-0.0455385771264064,0.0366830692069236,1.0054772091191548,0.0485433329391412,0.0251969203849554,0.024020815777478,0.3448116285085444,78.84739765940353,0.030001045833202
59,36.3690012963602,96.58187712968788,4.0,Resting,-0.0164359903744092,-0.0062575799537766,0.992904046628174,0.035843220505576,-0.0070659260627624,-0.0214604617913222,0.2384355709730327,81.83274198069287,0.1228425735322555
55,36.693723397717946,96.4460117335542,4.0,Resting,0.0481418158568038,0.0063372654155599,0.9842100423341872,-0.0262879221793706,-0.0492161974091288,0.03265640159317,0.2969546113334302,50.73699001109233,0.0658246402001734
57,36.39782896733389,95.8579550724438,0.0,Resting,-0.0367033078006767,0.0061863683167076,0.9632510215011152,0.0141147545554389,0.0385542720088441,-0.0310983657636769,0.2110087436098829,82.6888279288579,0.0234523231000907
69,36.79207540473372,95.90429999716922,2.0,Resting,0.048105724059049,-0.0486275592514176,0.9915627754412928,0.0204349616562781,-0.0243915568372158,0.006715620291254,0.3505528193665781,62.9688432194024,0.0770457554661913
63,36.96854675609908,95.03463261930976,1.0,Resting,-0.0185980376221992,0.0386084072012601,1.02090675049613,0.0011515936563885,-0.0011774254983629,0.0388956865906352,0.2070388774211102,88.48991583975464,0.004880394694319
66,36.82230634236864,96.52415602096188,2.0,Resting,0.0296119091911135,-0.0458563372872461,1.025961472725642,-0.0313014764695355,0.0369356159343814,0.0045962070015915,0.3562288982340709,72.59013131718153,0.0774890799473316
64,36.25650713939248,95.5066872959337,1.0,Resting,-0.0125601255080524,0.0409653241143471,0.9626194438243162,-0.0314820479898769,-0.0072249042010804,0.0417556764003802,0.2948766458246379,50.488574127061966,0.1629319459788526
55,36.38331337681552,95.78687907514252,0.0,Resting,0.0092798618398584,-0.0391634839424724,1.025558311528247,0.0344728360346493,-0.0006072549428626,0.046195876977465,0.3972049274785798,63.90639326954119,0.0898953792560314
69,36.91806220105671,98.84946127017676,3.0,Resting,-0.0068134718749619,0.0262136161115968,0.974907867000771,0.0171765749200046,0.011046606376326,-0.0004468266026517,0.259010838396697,80.99456337140687,0.017667524723138
63,36.55656012731811,95.88191263019397,1.0,Resting,0.0050203331604583,0.0471269432894935,1.0145847935743737,0.0373656884306308,0.0194729021554252,-0.0216743776772808,0.370911256324378,57.09492403047265,0.0426463347606919
66,36.779218271141374,98.955364191421,1.0,Resting,0.0246156066388561,0.00797143910689,1.0032846672510884,0.0174613733386858,0.0309233800574338,-0.0125772400139121,0.3245294036373893,75.8473908315589,0.1265164565232703
69,36.862471958136354,98.95269778324896,3.0,Resting,0.0387090629505713,0.0270710500102529,0.976157451576782,0.0246012606173981,-0.0034044477069901,0.014477958631049,0.3217136980526724,67.89017493908807,0.1074233647052873
62,36.741934828067,97.8882916082054,4.0,Resting,-0.0108325420393361,0.0149310442828186,1.0422789690186651,0.0291748117798067,0.0260315671843259,-0.0323410108996974,0.2936605830430953,89.95592673609177,0.0374680953408227
61,36.87599190509992,95.04299901795989,4.0,Resting,0.0217732434451183,0.0114018605128211,0.9504686857386496,-0.0012962801657697,-0.0167629785233131,-0.0200409019080189,0.2129950944759231,79.25900124983951,0.1878366790022649
69,36.93838272419154,97.8251170172668,4.0,Resting,0.0122514582474976,-0.0397976002683993,1.0087238965584049,-0.007323633898586,-0.0282218422389606,-0.0099398115353809,0.3520724507924931,80.1859370978752,0.1251125645481758
66,36.59122160573176,95.5265886565492,4.0,Resting,0.0295422850392394,-0.0140609980664961,0.9746800115010428,-0.0006237790029339,-0.003092084935761,-0.0026138070296414,0.3048981734901932,74.71965900407926,0.117519278694947
69,36.97453960972306,96.78313475115324,2.0,Resting,-0.0176082835397735,0.0429043564455991,0.9728764014769922,-0.0113417260714993,-0.049439980816476,0.0153180205126314,0.2727988991853942,86.25872963252121,0.0893356246906495
61,36.34480918344512,98.56198465284398,3.0,Resting,-0.0358974704625655,-0.0256070264296904,1.0305963522902652,-0.0147569296841622,0.0322855393751536,0.0492364542189979,0.3860214325035988,80.16539918467586,0.1275506892563235
66,36.71268258012948,98.11304270378162,3.0,Resting,-0.0134274352514915,-0.0158894620814951,0.9706422802265016,0.0340535242451254,0.0095657560732803,-0.0260632365941356,0.3800104317055693,76.470080063625,0.1853854401365589
56,36.41903323974497,98.28824461071062,2.0,Resting,0.0431856952135395,0.0234352795038801,1.0142519169037012,-0.0394291149341737,0.024771388743469,-0.0109181553106501,0.2818125360673213,58.16682036104927,0.0734080787086119
60,36.40776004341558,97.65640037348012,2.0,Resting,0.0334851471131595,0.0142321136646228,0.9515034568704668,0.0007830711775381,-0.0389690160642143,-0.0007691923781401,0.2156355125760281,80.32897542138514,0.0802441005478947
62,36.84367000693256,97.14505282598246,4.0,Resting,0.0415675852683398,-0.0130670451507391,1.042612670384054,0.0483132469017546,-0.0222782538386385,-0.042803570401177,0.297529144391836,56.74821147669668,0.0264438279446721
68,36.27394691059517,97.02858822334318,4.0,Resting,-0.0090150079740544,-0.0126966290607688,0.9975175055915712,0.0292781438725819,-0.0387956992373197,0.0257849810223452,0.253026202549972,59.6165989714368,0.0624225671074841
67,36.76718340036418,95.32844121430948,0.0,Resting,-0.0197682439673401,0.049250898467593,1.0482174823782913,0.0215370172187186,-0.0470501095173033,0.0313117553308904,0.3883026423373234,66.819482808672,0.1621610904283237
64,36.57693529324742,97.27241925713923,4.0,Resting,-0.0353602859039176,-0.040024625490934,0.9688730459311922,-0.0439207839767403,0.0123470436045305,0.0176178704764196,0.3699349638828643,79.73815577070305,0.1289360201657422
57,36.664741502166045,95.73641020670529,4.0,Resting,-0.0243759772934822,-0.0015498729137359,0.97448032841765,-0.0068214476091433,-0.0087401765614073,0.0219877041690707,0.2730850032996722,82.79150839158478,0.1562039543818565
62,36.27350649376107,97.7713854111851,0.0,Resting,-0.0111624896395302,-0.0048280058443793,1.044773115236848,-0.0162822989515245,-0.0237282151911967,-0.0337709552531257,0.2453909140575483,61.61843199514969,0.1144351206584313
63,36.82106331877554,95.76037321170594,4.0,Resting,0.0272693764019372,-0.0299894729742926,1.0345977077886035,0.0178730658134265,0.0442535342480471,0.004878091563193,0.3554771561128425,67.42701774376161,0.1288757528429555
65,36.92809634051223,96.23809342801968,0.0,Resting,-0.0079502437773616,0.0143598361085205,0.9857347616081462,-0.0441131361480784,-0.0319466778069992,0.0472081913140112,0.3313677946892354,84.95692677678164,0.0600009702443448
58,36.791916180804165,96.92572548196836,4.0,Resting,-0.0431431984858544,-0.0039364621048782,1.0499946684056445,0.0226988865523333,-0.0109486046672774,0.0062626657940343,0.2560094998447781,89.36057206911318,0.119684549839908
65,36.327844680258565,97.65181329513815,2.0,Resting,-0.0295275946280013,-0.0392782225692471,0.95215928550288,0.0450068080671697,0.0482373628661335,0.0176205175315672,0.2801679203806385,58.82618239497185,0.1769143347945636
59,36.566166966485696,97.97254107163222,4.0,Resting,0.0245278150846819,-0.0111619763976067,0.9934544114663004,0.0161538362199018,0.0303154169149035,0.0143756113511538,0.3545141992942756,61.9749285605363,0.0875744549061059
57,36.84226858849125,97.89262842268822,1.0,Resting,0.0147649933281409,0.0258852468094377,0.9596047115652382,0.0359421094635247,0.0053240719759149,0.0098407582034403,0.294050228608891,56.06607827947583,0.0281523659130469
56,36.225110205123016,97.12294260808837,2.0,Resting,0.0399486631380918,0.0374860429621387,0.96876055631212,-0.0249805473888182,-0.0001561061808127,-0.0388687174410475,0.2813072971156871,56.10258223801358,0.1572534243584445
62,36.90322055400368,96.35831319001372,2.0,Resting,0.0261408540531815,-0.0156671247357704,0.983625093551982,0.0342622155451724,0.0466772688376232,0.0331920474391705,0.3107202835622407,72.08992106195615,0.1758692334728192
66,36.61301402396987,95.69294684012492,1.0,Resting,0.0416361148050012,0.0423062997056836,1.0434259078945176,0.0185219471273727,-0.0352338948414562,0.0158783995447957,0.3433513051729335,86.5805371792932,0.0358559640518018
62,36.38706160846724,96.1158234806518,2.0,Resting,0.0412853837188636,0.0291506784479361,1.011018510909811,0.0074727336379172,-0.0321125702541658,-0.0126074629901443,0.2370556872836994,60.39478095603876,0.178333657693833
56,36.25227574840767,96.56283832984504,4.0,Resting,0.0220327960429937,0.0491149140520363,0.9814472509298996,0.0305009048682371,0.0278708886056965,0.0136110428804309,0.3667752308514625,83.43134623047723,0.1743450821564887
61,36.727235261613416,98.6055532779736,0.0,Resting,-0.0166870594799916,-0.0214168356680964,0.9760814769079924,0.0218096959001808,-0.0473233903657177,0.0173189239317318,0.3905966982177636,85.39160085042016,0.190221663887589
68,36.93630583144571,97.21264079913962,2.0,Resting,-0.0357455463128828,-0.0427334189052739,0.9884571841491402,-0.0200809389735792,-0.0075125028206207,-0.0172166979245037,0.3730020105777111,75.41944627219164,0.189574890772191
61,36.79337163237303,98.57407420631748,0.0,Resting,0.0044790102051304,0.0193789600348318,0.963959125977592,-0.0391106196389498,-0.0123771996105795,0.021611970582622,0.364654115181809,56.39188102541582,0.1539473266312974
63,36.5001090973103,97.23711269449504,2.0,Resting,0.0463780911365005,0.0120553710258392,1.0336695846837765,-0.0252441780678711,0.0441302536475847,0.0253568881774231,0.2381039944458132,65.67869822824422,0.1648869365142243
56,36.92520698548074,98.47986973508476,0.0,Resting,-0.0143630123045101,0.0003988049701483,0.990998054615635,-0.0346983919809043,-0.0249143252835875,0.015713913012287,0.2031802007398095,56.32375409645804,0.0555178208858396
59,36.95522655522844,96.39369186427332,3.0,Resting,0.0280669932411225,0.0477760095626044,1.0389160739643837,0.0121980646034295,0.0385657453407168,0.0070409562531158,0.3008900831279874,66.61017668710414,0.0853004441845068
61,36.81691082920863,97.36041209927374,0.0,Resting,-0.0468831627104008,0.0049848680606808,0.9808107205099978,0.043379811291499,-0.0490879826510607,-0.0325287088964627,0.2565351798739548,79.38500390849283,0.1625036215475956
56,36.69932794058752,98.09957468300728,0.0,Resting,0.0116055840327616,-0.0069483611987426,0.9851050525455476,0.0274222106815874,0.0120807443090308,0.0478095705478886,0.3128104324919387,50.91891805746812,0.1794343470921353
66,36.2891298940067,98.04693229373304,1.0,Resting,-0.0222290322253138,-0.0072576995296838,0.9709240069310552,-0.0269026955421014,0.027284208312578,0.0280632630738257,0.2409111198417085,79.61593022820026,0.1980356597230572
58,36.54621949710067,95.1339242309201,4.0,Resting,-0.0433556067930221,-0.0351322142604658,0.9914987060710576,0.0118204871357842,-0.0475779495376715,-0.0212953891236256,0.3089176786948265,74.07840037326494,0.1205707244319541
63,36.79500494704556,95.45613075230013,4.0,Resting,-0.0163558932478149,0.0367599256025253,1.0196597636890834,0.0071586895762053,-0.0239648773855733,0.0115390856479784,0.3104607943436887,66.1412818401854,0.0828860334900557
65,36.97113382426304,96.0612726225066,4.0,Resting,-0.0199736985054908,-4.8639109141344894e-05,1.0291132312362126,-0.020042090789707,-0.0240282364059328,-0.0491234598857923,0.2864389125169368,87.26423494296458,0.0655856186234831
65,36.81321887716644,95.02616274061876,3.0,Resting,0.0474029963087727,0.0175422954151833,1.0023134711965354,-0.0252917953026045,0.0475563400631023,0.0453503718038238,0.2853713972915071,79.82537254724829,0.1126175648440114
64,36.92280118123281,98.92263796688412,3.0,Resting,-0.0356265567241623,0.0085206088182403,1.0012875042075648,0.0129580055624171,-0.0242211653314952,-0.0269039288115253,0.2675967580681307,61.75644132343777,0.1914878937386848
63,36.95323998586532,98.8990338409003,1.0,Resting,-0.004416801486192,0.045070891566782,0.9877239090186412,0.03734545693021,0.0197203491930914,-0.0249520932689232,0.2216350813939313,68.39569025454111,0.0056301283437796
57,36.2573968353032,97.99945356595772,2.0,Resting,0.0305813713322373,-0.0115535774317478,1.041046072799265,-0.040098903390474,0.0350598213549468,0.0298577788591087,0.3176253050078132,67.20551726523453,0.1095126786734876
56,36.955395555118194,95.76732307797994,4.0,Resting,0.0164040111763063,0.0088027247816073,0.9805867892165347,0.0413322924411952,0.0056053900705043,0.0073599174463881,0.2273890940597455,61.92735054193045,0.0347326356425008
63,36.39848122810203,97.26425646060244,2.0,Resting,-0.0035920351998859,0.0196253717816831,1.046411803970916,2.493696488191366e-05,0.0390014598937274,0.0139027944761446,0.3544749232598145,54.40841391898315,0.1272781788810182
68,36.65260796358306,96.50214548444936,4.0,Resting,0.0192565840969756,-0.0040388936531673,0.9545874377915446,0.0284575561088163,0.0450393995328634,0.0085204778807037,0.2753432009481903,86.1934029074616,0.1904828293333848
68,36.54616644944467,95.49317355499774,0.0,Resting,-0.0100208199906741,0.0166312096597032,1.0370681027172337,-0.034842634881447,-0.0443272001533125,0.0314976485342603,0.2823666008328279,76.72222856227481,0.0279307001267832
62,36.47037726772941,96.80557068172811,3.0,Resting,-0.0022907199066548,-0.0095115589571368,1.0453793124933253,0.0084890665364471,-0.0080355748206258,0.018650532844175,0.2306200689356982,61.33622299622584,0.1655542417053649
62,36.886034341218426,96.7195532334644,2.0,Resting,0.0007279631140887,0.0371670517457171,0.9740941777477156,0.0125434455495318,-0.0372228485119379,-0.0459356810223712,0.2952467678236013,76.13825137385517,0.1314591866012937
56,36.23167156786116,96.34861742021342,1.0,Resting,0.002897094080625,0.0190781488153291,0.9510171752675692,0.0314901608436843,-0.0126928912430093,-0.0391625628326514,0.252688900562226,81.08878198817331,0.1576852319762166
60,36.643025150703465,96.08525984468714,3.0,Resting,-0.0108725792675447,0.0325083154784554,1.02505692732963,-0.0107039989128092,0.0305482236106889,-0.0197322971333517,0.3564773595647209,66.53138496877595,0.0329336897954513
66,36.58345012478953,95.19188873323311,4.0,Resting,0.0422978669324086,0.0484236458790771,0.9763232750520424,-0.0398773298110832,-0.011336409601239,-0.0389025135516586,0.2548714865001962,89.08607957504853,0.0560615038321384
60,36.50297020777477,98.70550598971025,1.0,Resting,0.0448218336463738,0.0314958287165794,1.0132676063236878,0.0189727340042701,-0.0170161302896199,0.0399818466160139,0.2222822440358176,71.71043152942767,0.1124598114850758
61,36.99097136752541,97.41039482837374,1.0,Resting,0.0098518890146027,0.0152446385731742,1.0132412562792468,0.0354740540236801,0.0207874159209735,0.0219068256398856,0.2208026163770672,83.86062607383656,0.0172515880841531
67,36.29823140007797,95.4992725442408,2.0,Resting,-0.0356200061381558,-0.0256087181640422,1.0256479625775394,0.0169464774190695,0.0079663241102067,0.0054221911024395,0.3756676775606549,75.58082489028277,0.0809353113491084
62,36.83577521508352,96.51668035550652,0.0,Resting,-0.0371117298610878,-0.0080751491033831,1.0094777604008882,-0.0080764938080645,0.0284678948827004,-0.0005495493515765,0.3363915495398015,82.97622175733747,0.1546631366644077
56,36.853383371229945,96.57063684244793,2.0,Resting,-0.0460486223385211,0.024492891206982,0.9842096557558326,0.0404631817040521,0.0402381037539979,-0.0103986144945325,0.3259289007491525,66.19361149604052,0.1080739028691385
68,36.62801267804058,97.14001817688666,4.0,Resting,0.0374850321624888,-0.0329680144000992,0.9740034950341094,-0.0084211895372137,0.0451702687743716,-0.0266672866174062,0.2900941103956114,70.74920900617028,0.1836511396088914
58,36.21456103656688,95.49997262106903,4.0,Resting,-0.0328145914254068,-0.0135673838886918,1.0241433136121965,-0.0148758946691027,0.0380729495251563,-0.0199416683787329,0.3218642674155065,61.99210541522281,0.0114804917265289
57,36.83015846337028,98.82381325302036,0.0,Resting,0.0455510728964336,-0.0244937480960208,1.0191959667621502,0.0074300940962579,-0.0264813445989603,0.0121334188742725,0.2713288142111078,62.38379003705587,0.1300985703797266
58,36.28918238118157,96.51958960006088,4.0,Resting,-0.0389547803626842,-0.0436487711799885,0.9975765008884656,-0.0010786514974001,-0.0125042750797369,-0.0331317484495054,0.2635286387653013,64.09710731435,0.1463591874885967
65,36.52412873346233,95.5334516199896,2.0,Resting,-0.0018140016154875,-0.0300041033892414,0.97812945373353,-0.0026112359940009,0.0181919211269037,-0.0364537588532376,0.2346785678141943,53.656347267712015,0.1007118570735959
60,36.52968227121922,97.33203639839122,0.0,Resting,0.026871429312192,-0.0179753040424028,0.97198510494198,-0.0007931969867923,0.0181122917654153,-0.0454714469864123,0.3584376844918434,71.65390980824064,0.1933364611757059
55,36.25111923419974,98.37827217973654,2.0,Resting,0.002105194242556,0.0037290044552016,0.9878018727617464,0.0212939253294825,-0.0148086172279702,-0.0033635790026513,0.2808907810314884,83.58685187341979,0.1315046171901401
64,36.590889344917954,98.10730090816377,2.0,Resting,-0.0456379386764486,0.0060567040219941,1.0494720172718337,-0.0009739368315709,-0.0300678969869476,0.0481686866150683,0.2795866055277232,82.11439177222022,0.1241513293410962
64,36.77192750693229,95.51987101594028,0.0,Resting,0.0055938209735384,0.0027506088161044,0.982668422970304,0.0369282186337365,-0.0411837267389704,-0.0447553488349257,0.2955960159538859,82.965533179015,0.069082397737554
58,36.24497128546625,98.04213090324428,0.0,Resting,0.0181460743829699,-0.0415654591048351,0.9943489546223304,0.013818605440558,-0.0364481705769511,-0.0328624205502424,0.3839233300324361,88.52813880858955,0.1946116131030698
61,36.739394467222944,98.61359844276905,1.0,Resting,-0.0003008463075647,0.0152645175037912,1.0393643166371884,-0.0048801550176664,-0.0050370197982151,0.0496888033273773,0.3338445820644559,88.36349873567394,0.0034026608112814
68,36.95949961008753,97.04579973239905,0.0,Resting,-0.0007793445013877,0.0205058331250687,1.0225246755149098,-0.0350622120047893,-0.0019762030139615,0.0494293840051226,0.3743478569200993,66.64577977556687,0.1907047032426724
64,36.70782127615763,97.06008012517904,2.0,Resting,0.016868304045534,0.0246034978908835,1.0188497645462664,-0.0001729939284872,0.0464853554988123,-0.0410187347246216,0.3482758531510579,89.90591439098125,0.0856916919932424
65,36.54420524378505,97.25781848182127,1.0,Resting,0.0086176943422316,-0.0473683592933113,0.9717879666410616,0.0073667836181714,-0.0016197752791919,-0.0366355849871417,0.3841922635122806,68.495997373837,0.1301009869004188
57,36.69529272032592,96.84270611141258,4.0,Resting,-0.0253351323122215,-0.0371760811680963,0.969008180584691,0.0039734118175138,0.028249092683192,0.0026599758670569,0.2904019714388238,63.667816450967536,0.1368107477032962
64,36.973601916556575,97.5376344030931,1.0,Resting,0.0113640633795506,0.0059032319689027,0.9520382509878816,0.0355219025886,0.0391754696000098,-0.0386996173745157,0.3824153195375581,55.14816401892804,0.1605529241130033
59,36.99933213704496,96.24688901829668,2.0,Resting,0.0270840897712685,0.0234327161893957,1.0070770492750023,-0.0421126753493386,0.0469871952166948,-0.014816296500424,0.387495169834341,50.29357652013064,0.0464833745751274
64,36.35353893762173,97.38513855120782,4.0,Resting,0.0401614856049595,-0.0421577870696256,1.0329360470429163,0.0247473255292771,-0.0428120103922027,0.0396463472201376,0.2555141971693443,71.3675286276907,0.1495626906229909
61,36.98652269739756,95.54367456524191,2.0,Resting,0.0467532404182925,-0.001170997186081,1.0276983766975556,0.0018044981953681,0.0099340835011266,0.0357540246017927,0.3951901376989003,65.55440820083606,0.143995648973095
62,36.80256919484691,97.47789914818884,0.0,Resting,-0.0074235363136644,0.0280462427782555,1.0030388863888249,0.0114064762774631,-0.0398268531043216,0.0152670343806723,0.2917404060014146,81.20895688838942,0.1055063484156865
68,36.35947046938576,95.3994501321462,4.0,Resting,0.0270566136200538,-0.0437147334799877,1.0109301795917949,-0.0043538229266392,0.0491906512163793,0.0347597819413884,0.3712622742403585,88.71679586438398,0.0546443593332166
57,36.73214815830103,97.94253072112076,3.0,Resting,0.0339728910871549,-0.0187420357820248,1.0481217094040192,-0.0205241867298936,-0.0116049773826286,-0.0136102388957997,0.2246750135629475,82.19229309098384,0.0999764557670836
57,36.93729856783746,96.96777818791128,1.0,Resting,0.0449263377953035,-0.0016136892072473,1.0484905973408594,0.0114592267678974,0.0088777706970571,0.0215218126685036,0.2393902159958,79.93737806879594,0.0850123672432542
59,36.6421842699413,97.3106952386605,2.0,Resting,0.0073900152795996,0.0089506488793619,1.0030988397295717,-0.0078708213044946,0.0118172627130776,-0.0248276088084885,0.3996948396445399,77.44629100565517,0.1826963112692002
57,36.472302295553895,95.50918655671282,3.0,Resting,0.0050437176994547,0.0274760086847717,0.97903287218459,0.0197363363941302,0.0039977316195175,-0.021365178595161,0.2032446568915342,83.98779167340668,0.118642221665818
64,36.23408582188383,98.3009238436019,4.0,Resting,0.0412097074293094,0.0294641287856783,0.9662520429443148,-0.0031856391922788,0.0004576671074349,-0.0293683987517428,0.202661582409146,80.39574523880229,0.0097442295692813
61,36.91255060397544,96.2645769184882,0.0,Resting,0.0409517499833378,-0.0412156151921307,1.039075008345793,0.0028343278948754,-0.0390366606846313,-0.0430589610371526,0.2228855531526307,62.81619200191459,0.1260296192555049
63,36.44127334622362,98.21641393235528,0.0,Resting,0.0175236335853491,0.0223185187351973,0.9668220270338116,0.0021596163548158,0.0267096134763397,0.0185985062731361,0.2728242862232616,65.83974817997384,0.018519389154628
57,36.57055709086254,95.850244854898,2.0,Resting,0.0153894968449019,0.0198845631293077,0.9922537371208364,0.0381400618041894,-0.0098707714637669,-0.0271861391358372,0.3696537829164623,54.73670904605329,0.1817882271465553
69,36.85416435996878,95.14064369894828,2.0,Resting,0.0169706078685159,-0.028199982741583,1.0030295816742367,0.0176329572074706,0.0024571206914901,0.0451299337733677,0.2626488823994206,63.44990619546189,0.0576627918219366
65,36.56234368259428,96.53757413352172,4.0,Resting,0.0403096721040494,-0.0181601481972147,0.959285046347925,-0.0262155496816701,0.0237104160723558,-0.0395664442928257,0.275812801197479,75.38537483773388,0.1149189519826602
68,36.2058392696068,98.64313633961082,0.0,Resting,-0.0204624671475411,0.0244113520011186,1.0118662840842043,-0.0410091462349403,0.0342627096306232,0.0351725658992949,0.3286165889056425,82.04174410194597,0.1652180602536234
62,36.99850691390092,95.18986209703787,3.0,Resting,0.0246568566709492,-0.0267260471297227,0.9629159216946632,-0.0287492033491331,0.0068826934176617,0.0475335092636806,0.3476935482520737,89.46455963209658,0.0715790458969759
61,36.57770538201521,97.91962497000382,1.0,Resting,-0.0177705540158511,-0.0321995240256535,1.0399366746844505,-0.0150879129094082,0.0484639556718053,-0.0267296817285726,0.3513403643013544,53.31496055982548,0.0009854383473798
68,36.30445986220779,96.19218805512402,2.0,Resting,-0.0066017282200628,0.002612389726119,1.0104782852141,0.0137049416300581,-0.0204144891633885,-0.0231574898259966,0.2447906707814021,67.07156634124476,0.0008437020247214
62,36.52771537649717,95.84441608836258,3.0,Resting,-0.0408854076540991,0.0203229698377914,1.0475994066334473,-0.0079949604140865,-0.0116743928810724,0.0057800840683471,0.3486433488030124,83.46428652239393,0.0496567824558715
64,36.56735625001204,96.67520696644416,2.0,Resting,0.0275651844786556,-0.0022251575251117,0.9566368826157255,-0.0252026670943169,-0.0073080224864933,-0.0251361743618048,0.3710874997733531,76.61135134859836,0.0192022942217849
55,36.77731684814621,98.28055512439028,0.0,Resting,-0.0257633693327291,-0.0445390161853534,0.9752830483927932,-0.0322308754012893,-0.0456172227708566,0.0337108624298887,0.2307544025793168,63.43265123356058,0.0714114487810541
63,36.20281975524741,95.21393804270596,3.0,Resting,0.0050103197547179,0.0117100051480553,1.0407759134936825,-0.0315181463693208,0.0499544982948215,0.0267728405080253,0.2178734819395048,69.35367370029039,0.1250718463810717
55,36.6638538340251,96.80182196083868,4.0,Resting,0.021837233851512,-0.0278914690366513,1.0189737441369535,-0.0440830813109694,-0.0092537452180459,0.0106239344450536,0.3174469953995608,72.42931199166765,0.1051469119770578
63,36.24936702008083,95.63942159166643,3.0,Resting,-0.0142355658169438,0.0037855469393556,0.9688891563885408,0.0398389825863754,-0.025434246647609,-0.0212647584646444,0.3465866279779541,87.92369136918884,0.0785267337210434
60,36.880863915182246,95.03545994747,0.0,Resting,0.0324011501027985,0.0345901743179966,0.9724034790399076,-0.0004487485842297,0.0300641422789688,-0.0432833369522459,0.2893837414732486,88.96565406614923,0.1863675418556213
56,36.78682973247575,98.40231568562864,4.0,Resting,0.0333978557316204,0.0187776095741738,1.0436860116348985,-0.0041249313953628,0.0490073928468946,0.0379763393881541,0.32448036589194,52.23037359513792,0.0611191153812889
67,36.6791162125019,96.65216000452835,2.0,Resting,-0.0244168774889693,0.0456017068922878,0.9646175272220132,0.0040879255815781,-0.0076364096744685,-0.0155645113971892,0.2193052213142454,56.23250759009805,0.0873183841725561
67,36.89262701759559,95.21036878693266,3.0,Resting,-0.0437819597097512,-0.0466008197467431,1.014538168926396,0.0249019971905167,-0.0177410947499687,0.035957507250204,0.3712100542032976,60.44622436513461,0.0304255148413008
58,36.293946594875415,98.25296212713944,2.0,Resting,0.0178867104440183,0.0014913785952773,1.0358003601399943,0.0149760339094582,-0.021045518178404,0.017214337103584,0.2061105603247994,70.09639176458023,0.1599164508577535
57,36.53428533720219,95.53252506968204,1.0,Resting,0.0420600799093806,-0.0110683976016497,0.9969186413956258,-0.0274237151198107,0.036187111753222,0.0494499570662776,0.2763562558221427,80.37229707912353,0.0989217153653708
62,36.411037592045325,97.1219552871936,4.0,Resting,0.0464595529096164,-0.0164925632192407,0.9505588570909989,-0.0310893635505962,0.0078766698709903,-0.040946788020069,0.3530015771575162,82.02063790391634,0.0418392199151712
57,36.58315742237486,97.72570816714271,0.0,Resting,0.0377457519819273,0.0111897629888459,0.970161772481476,0.0185456812095562,0.0208764162195936,0.0090883173353505,0.3506074973096825,84.8301202106973,0.0525983704691589
59,36.80761026402437,98.4189202148142,1.0,Resting,0.003804686316527,-0.0044514045986053,1.0174688934083658,0.0115044419793158,-0.0318607418555521,-0.0186452477260988,0.3852274028753978,50.695207519363215,0.1607612313255172
60,36.58633206379361,97.24161560318451,1.0,Resting,0.0194123879196066,-0.0485469290305862,1.033234807276594,0.0227605562635653,-0.0415580328756852,-0.0117180161232427,0.2519223721107809,78.14305882449017,0.0922824727579012
62,36.88673751121424,95.51187408863248,3.0,Resting,0.0418424341793003,0.0271079443358232,0.984690276601244,0.0404813445017951,0.0086654975618984,-0.0024042245986449,0.2050880747373445,87.88114679153685,0.1645374659042366
65,36.6215007086295,95.1160469561129,2.0,Resting,-0.0343398095992778,0.0040195326105271,0.9535271264709128,0.0229497248840757,-0.0401481407657284,-0.003294691150638,0.3049575334444603,87.82202365445667,0.0625086127098056
60,36.97569617611976,96.43674386525431,1.0,Resting,0.0410896602815173,0.0250096915779115,1.0089722221723476,0.0208202645507489,-0.0087719902904637,-0.0432624000354396,0.3642022426075285,79.30203811880273,0.147917318355243
66,36.30346616914208,95.56581882882874,4.0,Resting,-0.0232122253342821,0.0487745289467899,0.9799600082262564,-0.0382034275603655,0.042629277008242,-0.0104157161934963,0.3751515009998979,66.53199156035225,0.0192690037589509
65,36.248656391227,96.22082834251226,2.0,Resting,0.0384666332148089,-0.0219017436746558,0.9558563420410068,-0.0437733086326108,-0.0467711786091811,0.0102794525059821,0.2853560955009849,89.90141305394224,0.0497269917380246
67,36.23023325274218,95.44275757932532,4.0,Resting,0.0240044074017116,-0.0406878405010363,0.9994914547024368,-0.0069113186815859,-0.0065857693414927,0.0133853753397795,0.2371910736976845,77.44709243624214,0.0617640552306814
69,36.372197127573415,98.97006688921827,4.0,Resting,0.0367413489962479,0.0140534646690229,1.0069617426944344,-0.0312395942261822,-0.0030229453046288,-0.0262857818094982,0.2427634768784514,61.46747054535479,0.0628237163561643
68,36.73110224729135,98.10207304767472,2.0,Resting,0.0223578992531149,-0.0285854032058814,0.9803244262765856,0.0114953181756439,0.0384805599046117,-0.0474441344337335,0.3162670549379887,57.99304413252442,0.0087528902347854
66,36.32761012901487,98.0899269412674,0.0,Resting,0.0497043836243249,-0.0025329535630331,0.9985028568445024,-0.0246308979378222,-0.004241517938923,-0.0181545841662472,0.3639410912673008,50.94502796287021,0.0574446316640825
56,36.24086652699712,98.99526262303048,3.0,Resting,0.0124522100997884,-0.0210259922049137,0.9742565684567688,0.0230277678278271,0.021170625664637,-0.0122190863185196,0.2667352630719863,60.7602151625209,0.189954253494565
57,36.73718142306517,98.67919054738958,3.0,Resting,-0.0190520376451734,-0.0231049603191083,0.9775730355479868,-0.010711976912483,0.0052587847596724,-0.0439778214074817,0.2940240985317635,79.53497338738073,0.1482045551995061
65,36.72347979446175,98.810885174003,3.0,Resting,-0.0480245684609266,-0.0022052309469487,1.043131148199172,-0.0400607487748599,-0.0254245536394858,0.0049612268975911,0.3676350296451463,65.3170725945444,0.1579205495852659
62,36.214821983350326,97.89198677410724,2.0,Resting,0.0445280168566484,-0.0054083485549522,1.016164415605386,0.0093378088223161,0.0229932439230711,0.0263825720188444,0.2786511004525739,74.42267026702503,0.1802225970927576
69,36.36475577177604,96.5750169738956,0.0,Resting,0.0308109627845735,0.0093490998445984,1.0398898273905348,0.0066810147183595,0.0382849946517197,-0.0209565672717065,0.2810471301730453,68.1412810360262,0.1563722831813968
58,36.33014466723744,96.09904604079782,2.0,Resting,-0.0356079533919668,-0.0092792893043748,0.995706584928208,0.0133037159429184,-0.0365751920442492,0.0175086822685619,0.2362209036660829,85.46230587717008,0.1907331346326395
56,36.779696395875824,95.93161638216893,1.0,Resting,-0.0043992277076723,-0.038944344381945,1.0484810996547385,-0.0216878238888452,0.002435341807117,-0.0334782481142461,0.2129789251669786,80.20209052895763,0.1171044291572617
55,36.84111043339236,96.8040985495248,3.0,Resting,0.0332650830233545,0.0048664179818346,1.0323225637564368,0.0101548474835711,0.0046527354213436,0.0324339852550862,0.3515801084586989,59.251061070828186,0.1027695870375062
57,36.61862495209711,98.527464543813,4.0,Resting,-0.0437633518466318,-0.0406962967000036,0.9580280844602966,-0.0033392045861731,0.0453075218472517,-0.0313435578455678,0.3739221343485185,61.22505092989795,0.0716021436454764
58,36.846066825096784,97.12123810961384,0.0,Resting,-0.0479660443086902,-0.0111114207092447,0.9922968014372144,0.0487448526164384,0.0192326646022872,0.0399568688232444,0.2372534140504759,61.5608518014073,0.0184285954936087
59,36.41303674987475,97.65503730099,4.0,Resting,-0.0354353787088372,0.0435643149093911,0.9500127563457644,-0.0162660991983143,-0.0229487191252685,0.0205341378879039,0.2870094019255571,59.03782764832136,0.0360513152701032
69,36.71128122136266,98.72455205503395,2.0,Resting,0.0473328183019989,-0.0203875676635413,0.9626918262210938,0.0331199682812065,-0.0329439837687886,-0.0026195075043967,0.3596416366823107,69.59411554089174,0.0415415684776487
62,36.24914594021655,96.2513647613061,1.0,Resting,0.0031604875003392,0.0191684444650335,0.964421538954496,0.0421270730879058,0.0350042909983623,0.0121034625792725,0.3239004215665135,57.14835033768034,0.069183541135555
60,36.76666863115665,95.68431583559024,3.0,Resting,0.0189357121909862,-0.024775361300757,0.9731214216425508,-0.0347925586474313,0.0179165692822801,0.0105502208307258,0.3019234879804712,57.230574128429446,0.1136045282842941
61,36.33334724902851,97.1933973244336,1.0,Resting,-0.0187945975222701,0.0257173132262506,1.0462279192792143,-0.0459971175685093,-0.0479504196298954,-0.0430592282693326,0.2801663217561236,71.17638380701669,0.1653495457807387
57,36.40738741620679,98.58369116584358,3.0,Resting,0.0492352623134849,0.0314897524881118,1.036548739993855,0.0464825956376015,-0.0039547156559942,-0.0325156245783921,0.3763530581071324,89.92374243290791,0.1722655230482722
64,36.26901706294758,95.9654971222052,1.0,Resting,-0.0241679912997786,-0.0204986515770534,1.0477096711236813,0.0180075335147673,-0.018441872569576,-0.0035933489626162,0.3287859459382092,55.52919779052995,0.1859543861654072
59,36.93370037511724,98.36009626520472,4.0,Resting,-0.008973521087426,-0.0056924384576208,1.0326089199830013,0.0065522376917466,0.030625048664533,-0.0452135585604958,0.3825536206974407,56.540923379025024,0.0778238434460011
58,36.68089036179884,95.69986312918311,1.0,Resting,-0.0303803826235584,-0.021238025986877,0.9906218626774528,-0.0069705205661247,0.0355292873139359,-0.0380446055807883,0.2240350144185579,74.41069976235327,0.0870228223923986
118,36.55710750676357,95.33978675169288,186.0,Exercising,-0.0059254864956614,-1.2244318400038487,0.519570941185511,0.0391991825200276,0.0470778384237578,0.0154734714291257,0.5606217478875049,33.758869844789494,0.5901317962758327
136,36.63547442600392,95.92672680425127,239.0,Exercising,-0.431786698298253,0.5751722221745612,0.878731147513603,0.0035754852071767,0.0045492156681197,-0.0335864018575686,0.6888829314976431,41.399009153491065,0.5598071078338911
110,36.93550674217799,95.44834544117532,109.0,Exercising,-0.6880803207421908,1.0363239557620214,1.0966102833743463,-0.0060627952430185,-0.0147262859493144,0.0343843285400971,0.8000569057011162,42.37351033203028,0.7713008070060343
130,36.86790131245978,97.03397487463776,211.0,Exercising,-0.7533525766138729,-0.4417289265156701,1.4499073748025315,0.0327795250648302,0.0307954172656558,0.0209385857649339,0.6013052937190473,30.91980038110168,0.7719989115767005
114,36.75612907584696,97.97049350244484,379.0,Exercising,-0.7233682021199392,-1.1940902554619384,1.1920585683605078,-0.0427849299270494,0.0376902768995533,0.0001388409331795,0.519398317584545,20.796146181665893,0.7157778565047688
120,36.50547671506182,95.42025788010584,382.0,Exercising,-1.361208231932614,-0.6112157253044785,1.979813794255877,0.0287401265535125,-0.0493474935991028,-0.0199781421752167,0.6974249095567907,33.727234160837064,0.5688134332949364
122,36.58724961213163,97.43913577219304,243.0,Exercising,0.8686452176597288,-0.6315640173903062,0.8353329140047021,0.0217640816695399,0.0039761033323663,0.0050415423966971,0.8968664137403458,43.22101926619181,0.5263956154585374
114,36.87390932684644,95.66009942131502,223.0,Exercising,-0.3163292306358221,-0.5049197330269152,1.682725650181316,-0.0282367395956585,0.0226271751369442,-0.0149454872759738,0.7532562757852581,41.062401779013854,0.8548268609603475
120,36.747576385327775,96.26317394489536,380.0,Exercising,0.9860172641519958,1.2255111200388915,0.6837576119171012,0.0219307902329246,-0.0023789130656155,0.0435163777895451,0.7852347810921689,37.17977850159713,0.8973229049342997
112,36.86349777683143,98.41764262070554,310.0,Exercising,0.0024444620471411,-1.161935226875543,1.422684530810751,0.0365558166088255,-0.0184020428041923,-0.0032013871736638,0.6423068352147508,41.28883146344624,0.9499607153101944
121,36.66498379112479,96.31703295204764,323.0,Exercising,-0.5772558191627394,-0.8222847459286017,1.5381519011391838,0.0071232274187954,0.0065509421471957,-0.0173498384115309,0.6804405474802958,24.369249894371787,0.7534000971612702
119,36.61511733003679,96.85120985908316,255.0,Exercising,-0.3376174120490227,-1.154999190751305,1.3752106442624814,0.0337657833063771,-0.0244299458260233,0.0297128693933025,0.8855728158501861,27.96608550109355,0.5462634454971036
138,36.69413442565399,96.2228457592202,222.0,Exercising,-0.5712349306713481,1.1805304899176714,2.4504190126361216,0.0336029096762058,0.0189312893260802,-0.0255995006980517,0.757268374514775,21.78125660617284,0.6604075119220567
136,36.8506020231872,97.74020837084775,372.0,Exercising,-0.927205091599292,1.497885369728183,1.553553354384137,-0.049451295162395,0.0315412936836101,-0.0247094908808942,0.8397318526120808,22.76158467190415,0.8305644827607872
134,36.83388405524765,97.63373030923944,206.0,Exercising,-0.5049238241302613,0.7038125054369679,2.239875410409672,-0.0223338974666158,-0.0055829968456925,-0.0257063817319926,0.6339275987259271,42.4827245618716,0.6237138953442039
125,36.71448586992047,96.91884732128004,102.0,Exercising,-0.3026820275769002,-0.9139023557073792,1.935507690559664,-0.0393885168631733,0.0389365559870686,0.0003201294992737,0.5830651510475287,33.57764693011745,0.912294559914734
117,36.55969315715264,96.95479426539843,392.0,Exercising,-0.3597307961581131,-1.248089520457062,1.6030632704189036,0.0338264351140688,-0.0300889258503809,0.0333917190923497,0.8254861757549077,22.1291496947914,0.634942490882823
124,36.96628619889234,96.41147914984984,216.0,Exercising,0.3176009556569059,0.0232585559493339,1.790845630047185,0.0353224173194522,0.0248083549553436,-0.0433244546663525,0.6398519336514221,31.93099427067836,0.6400614936841666
144,36.74812699420029,96.79539552181151,241.0,Exercising,0.4072944242216736,0.6778245522265713,1.6368459524148795,-0.0099386749911724,0.037804128651857,0.048176987113707,0.7207516325762497,34.063576998999515,0.7649983858368188
140,36.94980896897185,97.22913320038754,123.0,Exercising,0.1980723850598595,0.2684327532256001,1.115200914353284,0.020924632913103,-0.0168604647016342,0.0407270865463281,0.7633532030577851,27.88904656943572,0.7139266693446099
134,36.968095132914925,96.9350047209756,173.0,Exercising,0.213911370474169,-0.8683645179800934,0.6924390261113971,-0.0372002663296052,0.0323136068363711,-0.0244762850180582,0.6451407997244915,37.101049884931776,0.6125012497384277
138,36.58335617793555,95.46398435841184,393.0,Exercising,-0.222697582016474,-0.5668366063317404,1.7715119223336595,-0.02037679737933,-0.0425699960446446,0.0277916290062389,0.5465850667777968,35.192674319976184,0.9003358930709096
114,36.79757102717889,96.53958780895825,215.0,Exercising,0.2020606901519916,1.199134310837533,2.133020732771141,-0.0057929095658553,-0.0161656575440132,0.0354023039432075,0.5971886754219148,44.86987159360132,0.5022560916552737
136,36.75896382679564,98.79255300896644,374.0,Exercising,-1.319750378040693,0.4009056586324837,0.9938411088342578,-0.017250450970485,-0.0206295900934144,0.0054464411078674,0.857824012768025,33.60297339967522,0.7360611425655146
128,36.5629657263928,96.71166924098137,207.0,Exercising,-0.2687789082437017,1.1648621560092185,1.6810375845467302,0.0292558016769958,0.0441087395222986,-0.0430682248748209,0.5331936979280499,44.43415309129486,0.6448198276601955
122,36.598052541067126,96.99159000430586,111.0,Exercising,-0.3538671570561758,1.1749816270701134,2.421215700626794,-0.0387301660563364,0.0436095048725305,-0.0138561417570575,0.6766919724869851,30.889651332432315,0.9629153597867924
141,36.83644123601164,97.26673177480048,356.0,Exercising,0.4587966003028623,-1.1334944803050555,1.01573856788039,-0.0036956408407305,-0.0445559507186971,0.0138881776355199,0.8088768467580143,28.68670460253017,0.6010039011255341
127,36.73586493428694,97.86035981555536,218.0,Exercising,-0.2254347373516654,0.3969728710409264,1.825964519278884,0.0053034690292387,-0.0227440678369648,-0.0025336404201687,0.7128444712758237,28.595091588522298,0.9513835373999474
144,36.92312932968041,96.64323209789308,241.0,Exercising,-1.4038724070810185,-0.8781283700499605,1.9723165278097143,0.0348921135915468,0.039761946697212,-0.0377059607978407,0.8562172831622576,29.45098711522015,0.5895266339771823
114,36.582103951373206,97.84691211975375,106.0,Exercising,-0.2028337028797011,0.0852718992405305,0.5188317004214771,0.0307222092545015,-0.0281852336714469,0.0350058648148417,0.6458147787493949,30.90227649389508,0.6908263269523796
118,36.565428624537695,98.25010399960418,287.0,Exercising,-0.7470832116241944,-0.2222546708824251,0.5168853320195548,-0.0297144960098485,0.0025630156830459,0.0364613632113763,0.5927873151921145,22.86892052983724,0.5921889063070889
122,36.71839879934304,98.95900317782916,258.0,Exercising,-0.1874121328459135,-0.6224030363554581,1.4518062827744542,-0.0147871693056516,-0.0448427152021789,-0.0373178007325386,0.8719280943533324,29.090644279091745,0.7759216764393526
133,36.903692605049976,95.0132160491362,152.0,Exercising,-0.0317040726037674,0.0389427255054906,2.2609047439214063,-0.0066505825761311,-0.0020923984340139,-0.0486949939521572,0.7151497935291178,41.10552686388488,0.6559201094607284
113,36.59979715317725,98.8205828748533,201.0,Exercising,-1.2625054493945325,1.3591986101636957,0.5483466675971795,-0.0024726500973362,0.045424042713102,-0.0087559936920827,0.6894606581352035,41.51279372491035,0.859712936226728
134,36.51537050813889,96.26325521937702,316.0,Exercising,-0.4535137447633217,-1.13394208379863,2.3286126845283226,0.0042257578963669,0.0487756905883813,0.0028762828181717,0.6008051509381918,29.2284492867259,0.5525840035127952
137,36.9796036020296,95.75230352488106,371.0,Exercising,0.9031479670413488,0.8385040634155883,1.522905673143371,0.0098753325888584,0.0039400182844736,-0.0163604427154432,0.8625698630813328,27.06599316826892,0.950726420606367
111,36.687284910384754,96.93017836222576,357.0,Exercising,-0.0505769760974739,0.8406855068505923,1.1295230352928358,-0.0203014372546186,0.0200768014079217,0.0420477245940107,0.5782807598640074,23.493117824491147,0.8160046305142308
120,36.904658249660464,97.71615865187296,265.0,Exercising,0.7734156565656551,-0.2841106411741851,1.0691184529320068,0.0416559371166442,-0.0426058163692935,-0.0481071457507329,0.5172833365320667,20.8919021949982,0.7001792739892991
128,36.878799712345376,98.66993508947137,167.0,Exercising,0.5820939358743051,-1.1778616987131176,2.3128146273258885,0.0338797532660059,-0.0157541919658412,-0.0471591888849964,0.5116337469101078,42.86969269176667,0.8628166577102365
111,36.58871565758672,96.9051045400752,261.0,Exercising,-0.1273316492652663,-0.6082949036912483,0.927060952169712,-0.033887072915479,0.0366756637584217,0.0279036850829203,0.7829106694010686,40.07772252334784,0.6066907631748057
123,36.55868335290666,97.99742414782853,332.0,Exercising,-0.6335674048996747,-1.1619791114443665,1.299998752033366,0.0285625168825426,-0.030102698288003,-0.0027230308861006,0.7509581884414902,27.39089176885495,0.50180752021691
114,36.64390597654757,97.78504203309168,364.0,Exercising,-0.1723827987549686,-1.1934411651453098,0.5974707761214044,0.039207574341093,0.0208740616518268,-0.0473508470452909,0.6720722450808584,29.94373062378186,0.7337067236051178
125,36.78119112467988,97.88418569348276,172.0,Exercising,1.3410772735768195,1.093530901880479,2.2445990864891106,-0.0043954287929669,0.0450890848460638,0.0347485655871809,0.6341343774922126,27.078901805826334,0.5571533216206924
140,36.88238499145539,95.21463676508247,200.0,Exercising,1.2777598212330703,-1.0504620709356116,1.585537294729169,0.001833678335111,-0.0412139776492353,-0.0010809914844423,0.7963132220764613,40.74665635684684,0.5729014556869134
113,36.60603335288309,98.1970432401657,110.0,Exercising,0.941064502512893,0.8220006681458729,2.4379995222302373,-0.003172839043973,0.0254438413765533,0.0101192063782394,0.8947930192488965,43.256800332553766,0.6198307300053632
111,36.68071862318584,97.0911244853346,375.0,Exercising,-1.4781064382751672,0.7977528785142667,1.0009582740547165,-0.0452663031326264,-0.0345638653593008,0.0263766670082097,0.7491387158814026,34.94927332137215,0.9233610547829496
140,36.74604040080641,95.26016630220047,116.0,Exercising,1.178788330621778,-0.3893181782416384,2.411370641167105,-0.0115100684529804,-0.0339854898343445,-0.0144492290860868,0.5473130810041316,27.281476694580803,0.7665930836834347
137,36.78785227215895,96.7171735545812,395.0,Exercising,-0.5038155314009884,-0.3560522622292481,1.7230226454383644,0.0147112568520648,-0.0175418504157996,-0.038642119214342,0.586283574109637,38.23156575853112,0.9887937398974564
114,36.72844711018126,97.50159939870969,306.0,Exercising,-0.4396071743221992,-0.1860182811747872,1.9749670961578376,-0.0497665482943797,-0.01903964820075,0.0471514508752859,0.8561935599976204,38.537488823745534,0.9357837020193618
119,36.56720210652927,96.85717570520956,329.0,Exercising,1.4885865274431929,-0.4897813485621127,1.5049971698694895,0.0216302936058049,-0.001929671172849,0.0308278155144646,0.7843654847145116,32.235449253181066,0.5696114638850021
138,36.878427700063305,97.67767033569196,322.0,Exercising,0.4814662397789535,0.4035096949457073,1.138550744883866,0.0400688612802287,0.0182024656916709,-0.0468049116463859,0.584711769188548,35.06847314199704,0.534938273163563
116,36.96689698787315,98.00256588914972,381.0,Exercising,0.162057451756187,0.9515952024008772,1.0998902528928096,0.012695707889877,0.0111799326527731,-0.0366396260413286,0.5737751509679315,43.27729667579156,0.96498746551115
138,36.88884986339512,98.69851513322624,309.0,Exercising,1.3086020624611927,0.1309656463654902,1.1020322176624884,0.0297987864314391,0.0161645799737467,0.0456983417950399,0.6158449646959084,44.40656070401974,0.6608256667610877
124,36.52512027540204,98.50871285553148,374.0,Exercising,-0.4521252842422218,0.8737124109897785,2.4315277221686054,0.0419883467607964,-0.0074472996549307,0.0285957328144322,0.5391377434388777,21.136412949229275,0.608227781342391
130,36.89346219953852,96.49461664227664,122.0,Exercising,0.1160996923962913,-0.0296385359152775,1.4459442215194294,0.0255701778268999,0.0326601714411523,-0.0132849817892449,0.8226730946120934,41.16976740687507,0.6191553515121369
138,36.91395124275142,97.85748237126752,173.0,Exercising,-0.727803737095302,0.7861713873105307,1.769550541483371,-0.0289584127838038,-0.0458744421638542,-0.005118624021574,0.5190100792113026,40.96717898172449,0.5665937499285292
142,36.72136864912088,95.25699781260676,196.0,Exercising,-0.8913200156998007,-0.9087495748813668,1.2925418520822476,-0.0382212531729503,-0.0156798172456226,-0.0006508681473331,0.6986086687877984,35.36356542192044,0.7823398257666183
133,36.80224277237069,97.24687010236885,329.0,Exercising,-1.2983843787627365,1.4363661686688611,2.134593570551129,-0.0372546784140672,0.0268536067172261,0.006482512390884,0.5144675056310353,26.70159674805034,0.9416137564392216
121,36.93746978395013,97.76877631777052,330.0,Exercising,-0.9992790126119444,0.1225872813213175,1.7175812633486944,0.0292618636425355,0.0101860382826823,0.0095668279662193,0.7796977035309915,27.225341254844807,0.5081155356239317
126,36.99232550909588,97.812881920736,156.0,Exercising,-0.6548495692029171,0.6417347213442617,2.168165547003456,0.0366199916714098,0.0174483247184007,0.0480905840081546,0.7918620374180667,37.8123700918086,0.7144523601611681
134,36.54290716401343,95.822602673294,363.0,Exercising,-0.7772713582571229,-0.9462309680430324,2.2278754604632924,0.0188291124090503,0.0103865886274904,0.0022351844532798,0.7044337078592372,42.29144504041278,0.5682929997319599
124,36.96571665503812,97.26088490377484,244.0,Exercising,-0.191826934372389,-0.667021725973594,1.183079764867546,-0.0280237201209771,-0.0443552535565561,0.0228373617095151,0.862529397170624,25.28709404005157,0.8881857278325045
137,36.68407165426146,96.21371548668508,187.0,Exercising,0.4281005489621203,-1.410537164980937,0.8150387176441893,-0.0135780262274533,-0.0154480562102637,0.0334313907882443,0.618329791623025,20.231076843118466,0.6149317323460224
114,36.66642235964901,98.7969227631858,322.0,Exercising,-0.3488325601179944,1.3380365835751005,0.6708712290880248,0.0241984274831025,-0.0151041614121528,-0.012770218951584,0.651043360049034,36.35953887429409,0.7767500390287954
134,36.72880874081553,97.08981182857464,361.0,Exercising,1.1074659394048436,0.4884887639477735,1.742343593157652,-0.0018698322149443,-0.0321831135327999,0.0495605951816883,0.7903635832130962,24.9635679547054,0.5544268964755001
136,36.701255049314526,96.99828974622557,155.0,Exercising,0.9917959491556244,-0.589290382674598,0.9695279691315885,-0.0403734989116676,-0.0399821160446184,0.0149001485835283,0.624109694282057,22.33440044338448,0.9637565254817646
135,36.75270604735631,96.64325706595274,325.0,Exercising,-1.3696717481374885,1.1016435838745235,0.7438970724046368,-0.0433798925893611,0.0329000136806515,0.0112296514962108,0.8657629064097244,27.22876562377117,0.8262090893305754
115,36.54307573001431,95.04831395254875,106.0,Exercising,0.8714394279523838,0.268911357662946,1.1081136554200013,0.0164853845666905,-0.0440153763370263,0.0093930847484772,0.5320439334892376,35.141131203702024,0.951284988990114
134,36.94196909382164,95.25324644013574,184.0,Exercising,0.8077011486361583,0.2758024154266425,2.066502076840907,0.0495165826783543,0.0099925744748192,0.0278059861532703,0.5721753469358754,20.951371855670608,0.8013206407174854
118,36.55014275500767,96.05825809326863,100.0,Exercising,-1.4827988994517174,0.2840592757213875,0.7600188315344929,-0.0479350969130789,0.0289452508526035,-0.0066222578940075,0.7745200167550403,33.84878643774255,0.5853369886859634
137,36.63830072806704,95.76964287965951,162.0,Exercising,1.3998610265714857,1.1343451862413223,1.0392685845924974,-0.0274079171797229,-0.028726341113232,-0.0331524330655745,0.8557291719539981,33.4594563890617,0.5013818475037184
130,36.69936920990428,96.83032731411782,280.0,Exercising,0.6604036158799076,-0.559137853536591,1.3855758138731256,0.021643209856754,-0.0142209812814764,-0.0090109605337998,0.6820279354442378,30.91885709372172,0.8770538886432339
138,36.61781477652866,95.46457199524876,309.0,Exercising,1.1527207879875938,0.1003484424024692,0.5880017071454553,-0.0314426060792998,0.0177727151537471,-0.038030971075379,0.5341588234112187,32.31112129337475,0.8118328481998829
128,36.74484099656516,98.52529495272933,208.0,Exercising,1.0522187161037548,0.3477143919539303,1.2476861017545289,0.0411386112520674,0.0028688219390328,0.0276452994374425,0.5058127129204355,27.25780823174688,0.6058328355862906
132,36.87732569364173,98.56852017842368,274.0,Exercising,-0.7662463677356882,0.3517258121380271,1.3999632874587973,-0.018342272999695,-0.0283329604895872,-0.0169415282364701,0.5368620928893579,28.23938385132785,0.8903089830337388
139,36.53409884951655,97.0293298583113,232.0,Exercising,0.7729191851082664,0.7469444674229537,2.494066226796697,0.0057153100531248,-0.0213980523817183,-0.0035813008378363,0.5081606076971732,22.541132409420925,0.6569540869890456
122,36.52451567820702,96.95001992353347,331.0,Exercising,0.1499167584768137,0.0582008367213853,0.7459805878044039,0.0047325987861431,-0.0409316286074968,-0.0376617433665307,0.6217555819431229,43.19323491696974,0.6627983610337882
137,36.74564362548751,95.17833737368872,213.0,Exercising,-1.2632687093180648,-0.2069310350441804,2.494958777028065,-0.0447228440088072,-0.0223725010315868,-0.039161442709128,0.6321764792583671,41.28575895016684,0.8353800007833361
128,36.98560254885075,96.74877180221932,235.0,Exercising,-0.8950811918576018,-0.4099462019652788,1.8863165039557028,0.044353343404067,-0.0128110503563687,-0.0039509175140875,0.6977435496521471,26.806379409453697,0.5232780286320196
116,36.925719062469966,98.66530272324476,178.0,Exercising,1.1135152942366604,1.2947484023003302,0.9683718578291112,-0.0138748275689293,-0.0374457964194679,-0.0331737643978899,0.665255766806202,33.798919800213454,0.691450618919604
117,36.59582505631247,96.48668425063408,155.0,Exercising,-0.2681000839431975,0.4613832721086255,0.9356192732015636,-0.0474435303126489,-0.0182301724758542,-0.0297711480416995,0.532145634697353,42.965148513086376,0.9675028737917352
118,36.94638526740731,96.47239167987934,168.0,Exercising,-0.4966114904879164,-1.0077241958264067,1.0516997843724922,0.005102438372597,0.0405534521943835,0.0120000478435257,0.7957094910272835,33.24228201400493,0.6305332917735332
133,36.57633813366896,97.51328220333454,204.0,Exercising,-0.4075948469134722,-0.5646743630644543,2.494293359558577,0.0324316101327697,-0.0389296558562335,-0.0131887578412739,0.848285195141806,21.53771598569552,0.5953049675695012
120,36.737187208871376,98.09034673329388,265.0,Exercising,-0.6752810434465619,-0.5574171021817214,0.9651251017748737,-0.0077935550665896,0.0436948627400106,0.0198478092243464,0.7763730757186098,42.5233141240622,0.7813268864667757
139,36.61612025084549,98.15819498478018,359.0,Exercising,-0.1430904097323471,-0.8832234921336887,1.929754450872708,0.0159572948804424,-0.0470292527632187,0.0283601941621702,0.7630574559178447,30.55686635560238,0.7528881474996258
115,36.83599383959764,95.718074873408,310.0,Exercising,-0.8365151624772988,0.3997740319333287,1.701865663781929,-0.0122229011744489,0.0211704882381854,-0.0368610191602935,0.678770281167053,44.41941170480396,0.7323228943864255
126,36.963494890422005,95.0726687750518,362.0,Exercising,-0.7502053431156852,-1.2441824113089428,2.4403312153005183,0.0007581063649347,-0.04592482948007,0.0174059219664906,0.6886485632126633,26.11227761232876,0.7202864324367821
117,36.77016883856452,98.2675064692646,135.0,Exercising,-0.405648402067956,1.497141906671093,1.1805820239847669,0.0071495390301858,-3.1655432513898185e-05,0.0163232980824441,0.8289611459320807,23.52328296881604,0.6120517640927072
121,36.69538781755519,98.69173384311368,273.0,Exercising,0.6442681865342572,0.3777129830284553,2.4765914902643704,-0.03032083372405,0.0448326935781306,-0.0031764421004886,0.7974866600482313,21.91666201135845,0.6231933786977636
118,36.736367102649645,98.16652290831672,351.0,Exercising,1.0415554639590718,0.0050769301404405,1.1793630374084336,-0.0210969868305269,-0.0137524926520726,-0.0086653554319216,0.6226212988116299,42.10363821279052,0.8981231908032307
120,36.8072812440068,96.47994830642288,186.0,Exercising,-0.8992169103867871,0.6586710624785006,1.9137609674960647,-0.0345823645444207,-0.0127372942337636,-0.0288151035801749,0.5844998607279013,29.559593250242383,0.5861981878507805
124,36.914519632723575,97.50157347292482,141.0,Exercising,-0.2990473902210748,-0.4440960784829482,1.2508934835988392,-0.010215427970509,-0.0270532039534256,0.011900471180775,0.7882018409990268,35.579020853763026,0.7219433772699524
111,36.66447437880655,98.8247143588967,375.0,Exercising,-0.071559329153706,1.419936527324864,1.508260759618269,-0.0438444488596302,0.0470058044676825,0.0415280443634922,0.6611517606037977,42.28726067834932,0.5678927965100533
138,36.98544529925616,97.31029975267222,209.0,Exercising,0.3800954516302852,0.1608638338020349,0.8629983347000325,0.0451180056715398,-0.0138316387674989,-0.0125890285425641,0.5541840234979099,30.04238054289523,0.6549110746375175
122,36.72044384862081,97.718282490572,312.0,Exercising,-0.4709584128944168,1.1085981721676943,2.4088135375606856,0.0495032142920981,0.0023147704433738,0.0111626115840162,0.6676734485423247,22.63667914982232,0.7542002336028562
131,36.96188801868685,96.14437112277834,353.0,Exercising,-0.4671950922228287,-1.3772882220978655,1.187784346935426,-0.0378598973708041,0.0410231675302424,-0.041408320569665,0.7967328284265691,42.547645407339154,0.6410231582845509
136,36.758709254123175,96.69896067761952,152.0,Exercising,0.5473806262841707,0.6476137922092255,2.2122820249844395,-0.04479053344637,-0.0410444706373745,-0.0026059216669906,0.7708149901822534,39.07035113962587,0.5628847917480719
123,36.57255975314047,96.1972988579018,382.0,Exercising,0.2698305690791787,1.0362873014239695,1.7667279434729897,-0.0417366232265235,-0.0386219157624023,-0.0246305881213212,0.5024424094329921,31.8184368756706,0.7622032748594763
128,36.553280714235896,96.78379319732,118.0,Exercising,-0.9907734873556984,0.4993268473004266,2.42460121497094,-0.0341522365375986,-0.047232108792396,0.031244462933795,0.5191825664579408,42.3329895591221,0.7195271517567488
139,36.92974744451097,98.1637885378828,366.0,Exercising,0.8952238730653401,0.3852860310127211,2.000900819936017,-0.0044391620889122,-0.0207226724855416,0.0058518615828202,0.7722053590940701,32.444206630098094,0.5936723703164717
118,36.99957680321542,97.29266030902708,133.0,Exercising,-0.7630945329885983,1.3525877584541748,0.9920588812239276,-0.0323916401425222,-0.0275950754195303,0.0252745640407616,0.6303111767607581,32.82049203788316,0.9685027851735712
127,36.63651638618295,96.50207109513286,110.0,Exercising,-0.7436945841161673,1.0255734915867951,0.868447087947442,-0.0296400533140153,-0.0085672481961806,0.0248154261653215,0.8755889609692658,44.00851160813457,0.5014616960366867
137,36.852974513312425,95.96174983387382,157.0,Exercising,0.525163453812227,0.7636352274932987,2.303667645255638,-0.0404995342449947,0.0392116321580492,0.0038272228642345,0.7536063200588656,33.74866870121201,0.7492072707878528
137,36.7597467019752,97.36754561630312,310.0,Exercising,0.7385578378461739,1.1387367671038335,1.3279019645987815,-0.0355993270331066,0.0471233429943543,0.0045328296165017,0.726894708892127,35.58351404151104,0.7320224370668684
143,36.85531691466769,95.32687028093602,292.0,Exercising,-1.4945838836437295,0.4642559166457565,1.4484821136113577,0.0350617965987088,-0.0495641100218221,0.0401312732698238,0.6121278077144249,30.76874593307369,0.706567044629566
129,36.80727730180048,98.70059172917044,217.0,Exercising,1.2299714280987724,-0.4207659609576961,0.9691174682365752,0.016187128251757,0.037929570568326,-0.0201602397916129,0.6038366728180367,30.015028316057908,0.7476028757373314
124,36.65550590607447,96.17614302258929,102.0,Exercising,0.4354003908602637,-0.4611323892771082,2.4422451885732706,0.02009093327053,-0.0070150691189717,-0.0432637662281675,0.5254539567997877,38.07376559808904,0.7494758039016348
113,36.70466332516048,98.30838644220704,236.0,Exercising,0.0118749032982579,1.0134890810560575,1.787975123562532,0.0077751848583775,0.0109148306252179,2.8996313557926034e-05,0.5674265838652582,27.93713548471031,0.9450673212561784
117,36.54209637605426,98.15314787625758,125.0,Exercising,-0.6727617825190676,-0.4561811261787891,1.750836129612816,0.041368220980751,-0.0129044977407854,0.0085621964023489,0.6897928912661407,43.23563038338271,0.989497524736188
142,36.70587917419157,98.0015947837118,261.0,Exercising,0.171772702745375,-0.4248617851653957,1.2228873779057872,0.0384867997371944,0.027391424283255,0.0050731771283334,0.749769356083664,34.42303017256268,0.6916244068711169
132,36.60005033665521,95.34958698013716,104.0,Exercising,-1.0549668256746776,1.1390834170421038,2.279212018042076,-0.0383360491465938,0.0336207025744014,0.0185273439367609,0.5050316676595024,42.05774580770554,0.8632786331196283
114,36.719956916723085,98.3685523042442,396.0,Exercising,-0.4300631248527313,1.4301322108542085,1.5352689660541,-0.0354655908763378,-0.0167616963653752,0.0476069930116729,0.6380513571241606,25.33548812779849,0.7243537799620645
139,36.79742688431023,95.77165739534414,173.0,Exercising,-0.1093874119335676,1.0968970791317023,1.9264700429210864,-0.0289994137881322,0.0489670344746266,-0.0068266280007016,0.7351978858077506,43.63353938582112,0.8286258107197297
112,36.69127173294093,95.11659276332318,117.0,Exercising,-0.9723203117076044,-1.1045842900362852,1.3505852558435087,0.0492454524468996,0.0215975625579323,0.0238621179073927,0.5013864915926527,29.00284902213345,0.7948932052160073
126,36.80872553150131,97.83615418212608,199.0,Exercising,-1.0842471425299915,-0.8357205410761619,0.96442910836558,-0.0200504735992532,0.0481649594986113,0.0128320352087654,0.510038412654303,43.536312263608814,0.8594904282966214
132,36.72382978041852,96.6216898502341,223.0,Exercising,-1.2784611689381968,-0.1835223818857858,1.4571405224376754,-0.0484115410925527,0.0473036777520132,0.0241019348170161,0.8252686113350292,23.630884557846382,0.5484775812726614
141,36.56599739431248,97.96334253753456,275.0,Exercising,0.9347963355775986,-0.6973193256183854,1.4428690480289128,-0.0465206333056784,-0.0289909639645026,-0.0425823584754968,0.7926293528160668,37.23803632345319,0.5299187571921322
143,36.92791250506455,95.78902697268626,216.0,Exercising,-1.327353697718531,-0.7438534336085761,1.985947474806249,0.0115724134042788,0.038324962378775,0.0340419571128002,0.6815055885917836,21.58325872942004,0.6248589358062843
136,36.63467952962857,96.330952197896,379.0,Exercising,0.1531126216704037,-1.3843675569405338,1.3314222482429126,-0.038627351400241,-0.0097945666525136,0.0303444720086586,0.7691838048404875,22.806926927900783,0.5478004331673223
123,36.64430776153485,98.5644306092166,360.0,Exercising,-1.1164340402608823,-1.2761727259186526,1.578947832191287,-0.0174848880237325,-0.0373560766719535,-0.0245495209402166,0.6117739726391901,42.547078912730086,0.7159655240652893
128,36.96957457126975,96.48429865218232,161.0,Exercising,0.3810810631325427,0.5434606675164662,0.8280528869285169,0.0220467707243668,-0.0429927164019314,-0.0259346147468274,0.6832484062228492,29.507775078650024,0.5470427684309311
143,36.82721640573156,95.23939849573952,317.0,Exercising,-0.612056399551458,-1.4083843069479982,1.914955913840048,-0.0188121792197442,-0.039608059949043,-0.0388701335056644,0.8282346011506501,33.306164674563234,0.6776499589558704
118,36.82934367336691,98.79607446561036,104.0,Exercising,0.0109094806792577,0.1883189311995776,0.6697643470781398,0.0006099752674599,-0.0087274881230784,-0.0370482610571124,0.613854206606124,36.07326271657183,0.9966515586488078
115,36.8756189677591,97.29551147080832,124.0,Exercising,-1.3761539242484797,0.2173705073091305,0.995069061348098,0.0159475852524011,-0.0193667269971431,-0.0226544908502763,0.8587399645630234,20.72393359578736,0.9381419755399448
137,36.686684264331575,98.81441767001527,137.0,Exercising,1.3107327366006194,-0.5351784310025769,1.959387853374293,-0.0221619887122046,0.0331744693942669,-0.0298616433988321,0.5177711974495548,43.462394113993255,0.9948379733072568
123,36.50171318751211,97.15912042519122,356.0,Exercising,0.6387247501068041,0.5920339766047711,0.8003945282503626,0.0118961925664455,0.0004909235950123,0.01222844822288,0.6252664631944966,42.02955488377711,0.9236020955014416
117,36.70206065197407,97.74262548495052,160.0,Exercising,0.041427602739237,-0.2646264063586803,0.701661717515299,0.0218195769553573,0.0424773324202894,0.0059767056732674,0.567443853805298,23.13523905986613,0.8468892425745514
133,36.55327100592702,95.09956190709366,101.0,Exercising,0.809900321430252,1.3199549805975566,1.815569279271579,-0.0283493572398846,-0.0398875305299556,-0.0320260794584351,0.6691714200995886,35.35754011944095,0.5741457180352842
113,36.706984910911714,97.84758527540392,110.0,Exercising,0.8734324581698183,1.183079929428617,1.446186114462169,0.0383551977575722,0.0157784885622898,0.0226975577986402,0.7605602115001209,33.32847330448639,0.6146930632207976
143,36.58161317590095,95.09304703855918,284.0,Exercising,0.336884341613249,-0.2121556821949028,1.5343848320574267,-0.0479207369248762,0.0453259823534554,-0.0162666471577963,0.8638068764600872,32.29048976469004,0.97047124313013
138,36.70976501558159,97.1914586956579,103.0,Exercising,-1.260196690344623,-0.5668840339703242,0.504203034175893,0.0187499040094982,0.0482044298820765,0.0383102202392927,0.7451024176436856,31.3403284147126,0.8973521592646874
126,36.61862413904141,95.79772772768716,201.0,Exercising,-0.4850481758404279,-1.3839490498642295,1.480056925581405,0.0494402102981103,0.0179131829535073,-0.0166535182292621,0.8516915297503191,36.53078498447757,0.5790605547559539
125,36.527663705649786,95.62471432630848,251.0,Exercising,1.2428562071955618,-0.3765461630252078,2.3915810599472414,0.0165768481308742,0.0482170577597088,-0.0390407976872662,0.7493219078022535,26.40492673882309,0.6495247180428314
141,36.63013070549472,98.54496607960932,336.0,Exercising,0.9756834090415784,1.3966526254880185,1.54072139698066,0.0175303655423854,0.0499589417364948,0.0425321480496677,0.5473845904319442,24.833046508254885,0.7880273301294716
140,36.78432666467518,96.25625001523824,295.0,Exercising,-0.9710358800266136,1.434815460729291,1.743216348900374,-0.0008848354231479,0.0431861612286047,0.0499031049860432,0.8275968850127033,26.93606032511406,0.5527702909442987
132,36.9527183483661,97.39215511273812,160.0,Exercising,0.2287713120820647,-0.8676305997402051,1.1997601866545278,0.0233525877184392,-0.0256111867820369,0.026484746570078,0.6283730146878179,44.29054558548791,0.7464265414477589
124,36.52276972538244,98.6243364320394,361.0,Exercising,1.382733982977685,0.7562005727800556,0.5346059519234676,0.0337867776690342,0.0423978081008257,-0.0260095624014928,0.7354095348581485,39.91559947520926,0.6752415503493967
139,36.95015433610436,98.50990682939458,162.0,Exercising,-0.4734226504396388,-0.9438843801819056,1.647190222563246,0.0333477917114611,-0.0336459018793196,0.0498555488080039,0.8818568135632695,41.94680338474461,0.6516213309213329
110,36.75358407389712,98.2707567847947,396.0,Exercising,0.2298353043470371,-0.4471936794309032,1.1656251200056729,-0.0280584206333106,0.0308439975121693,-0.0489673230537159,0.8808802398456328,26.40096792066047,0.7590616781231234
141,36.89659290970239,98.46105202876298,357.0,Exercising,0.5523959771640743,1.125998294989211,0.717211870427912,0.0204007719416877,0.0359502072418044,0.0414311111807286,0.8487675668004793,22.440769620321007,0.5981812654913169
131,36.56293646509185,96.10315315136104,100.0,Exercising,1.4418377075152329,0.934365916751565,1.0642314264359267,0.0340849005781417,0.0420473511150246,0.0235902159963581,0.5875590462357341,41.14532948637809,0.6141775666023717
138,36.679036815220506,96.93437199232112,269.0,Exercising,0.2042879455743298,0.8212930957642826,2.4598572287913343,-0.0482733358280353,-0.0344259259531359,0.0372283101854095,0.6894590688045177,34.34382421335263,0.9133557063137292
140,36.95134071406012,95.7261266746427,273.0,Exercising,-0.5287924749587736,1.4659784148427768,1.7834014691092992,-0.027394415635778,0.0017514810100652,-0.0227056037076374,0.5645869883311126,34.88370751549738,0.7973801362261073
136,36.80848976137455,98.549240556019,100.0,Exercising,-1.2925361823860793,0.3606038148793122,0.8006684307574172,0.0031141606081258,-0.0223051548054527,-0.0134305792616624,0.552934559929321,27.84054897468673,0.7478479549946264
115,36.98051806935347,96.62770954476416,358.0,Exercising,-0.8909583477969508,-1.4611771315560251,1.8092566117775544,0.0120303302419517,-0.0144359232843694,0.0301395644520189,0.8639024793206398,36.837245256181546,0.8919812782611319
132,36.78931249620767,98.53743808952228,159.0,Exercising,0.380869993187811,1.24644288852914,0.7054987563798452,-0.0382246954050688,-0.0379363312792645,0.0421440381648207,0.7472918485802585,26.23010174341685,0.5422477934217262
144,36.97332420110313,98.46026637698328,108.0,Exercising,0.1038673961120897,1.3459940489192783,0.8765397587637722,-0.0253123540163138,-0.0211919129746457,0.0433629010043128,0.7278745027588986,37.34755718716991,0.7794755147879899
114,36.69308453686646,97.44009532348043,164.0,Exercising,0.4784336491240006,1.4820405379684307,2.0678120003652154,0.0191361353425628,0.0272708958510915,-0.003149918294435,0.8549124186646317,35.28410464106965,0.5189481067355174
136,36.651169969877486,95.24023000898774,335.0,Exercising,0.748773770920149,-1.1060546616419515,1.6312390170769882,0.0498465220222991,0.0241046164624394,0.0489397123692079,0.5948252756469224,24.009585656400134,0.7792945074661397
134,36.99516745828944,97.79617114011675,372.0,Exercising,0.5998046184461963,-0.9608036514462708,1.8821074224731165,-0.0275823636934967,0.0017103824905435,-0.0156677340013573,0.6242378319638587,21.944217175221645,0.7129440165925884
135,36.831586610804095,96.21405866899218,269.0,Exercising,0.3958565666384144,-0.0277352954609728,0.9898004599676802,-0.0301599876510211,0.019676665213835,-0.0281249184544831,0.8528498824336461,44.70248138569387,0.6876780909013883
115,36.59495893719089,96.49251866382907,110.0,Exercising,-0.8868915402422343,-1.2390369507562,0.7741009472297049,-0.0117048185207416,0.0297293080847207,-0.009088991825439,0.8485571156492109,42.58315680616377,0.9743348396353864
112,36.98505977610452,96.6108077484228,248.0,Exercising,0.3732260008344663,-0.9448138969084364,0.9961518726992828,0.0273522384613589,-0.0134478484760496,0.0436664541534504,0.6340640426346744,30.371013395325186,0.6540930083083749
139,36.50790074385153,98.63023069888636,370.0,Exercising,0.4738596315065457,0.7464697240795797,1.551835333598351,0.0187533703850669,0.0482309102177337,-0.0073178710341384,0.735132154006517,32.02191345671983,0.7094699511628406
131,36.549829960274224,96.80653130022976,262.0,Exercising,1.2360851415091592,-0.892546224529997,1.0973169339646622,-0.0041718436771835,0.0190212496160308,0.0472201563905169,0.5543241505838145,36.90666962865291,0.7221823393835094
125,36.80440919983718,98.78399779808409,194.0,Exercising,-1.4398762330190964,0.589094892981973,2.416547725401233,-0.0440256169869773,0.0061915270639464,0.0056362856717525,0.7669570112186184,29.77812450374468,0.7087870740655458
129,36.64900423628189,98.9183167934144,328.0,Exercising,-0.8740890835871027,-0.3249437055807105,1.5929450358182098,0.0110088363232905,-0.0215576049903512,-0.009208569950397,0.6740049114977635,34.92969219145904,0.5365091623064692
111,36.77616632887857,96.17495659303614,228.0,Exercising,-0.7768403798926979,0.4391710061310052,2.382517899594707,0.0199850359930878,-0.0492532004096495,0.0431193925319369,0.5787509543447127,38.96473998780615,0.6193704840930756
116,36.59615610818732,97.7859151400082,350.0,Exercising,0.9464669686713548,-0.4293467929901053,2.1079642327632686,0.0364168001840338,-0.0104123653065879,0.0210352604692494,0.8653006764447048,21.62825717229749,0.5407512433603242
131,36.97520387095331,98.42936095065406,286.0,Exercising,-1.1125252678626605,0.7996886178935001,2.151676364516316,0.0413824863413562,-0.0319734130660191,-0.0399081809492928,0.6326334726492424,37.695064625865975,0.6616124350551544
119,36.68040194402999,95.31770220924572,105.0,Exercising,0.6584481777563074,-1.0169697802868938,0.8035212937924405,0.0017705583121233,0.0490536602460588,0.0303910773240731,0.7041080452597537,23.403396505461373,0.5089073664719135
143,36.56088084139724,98.81441076028553,279.0,Exercising,1.4966651080579425,1.4885171143454037,1.984739411245752,-0.0190801934418877,0.0302119435266998,0.0322044462600719,0.8344464757548111,35.13483224919762,0.7296997149499624
136,36.68623684368659,98.6035757658382,365.0,Exercising,-0.4394789252968838,1.2770658632623135,0.5158962601303421,-0.0115849741006939,0.0328662040640351,-0.0040884988019771,0.5576371880950208,33.41860018683792,0.8993167369178019
126,36.66796329646549,98.55154293213816,142.0,Exercising,-1.2119791822536468,-1.0632846890799617,1.733610672024665,0.0291542451056924,-0.0300082717562825,-0.001763141243974,0.7540751043279312,25.008338128299897,0.6786394415235534
118,36.67518379073135,97.63124347938349,209.0,Exercising,0.7042816948444126,0.2005984302016017,1.2965811889314738,-0.0087190203167626,-0.0400629100636563,-0.0078874673523103,0.5188459911857902,40.24413614030822,0.6278231495472206
110,36.79746863198677,95.15921522084945,372.0,Exercising,0.1981292128534733,1.380056347778039,0.9169333196468752,0.0004935447586704,0.0490438127166054,0.0495962976553771,0.734645646780491,28.219727954266062,0.8152284045244886
135,36.98730974136942,98.18255305393708,183.0,Exercising,0.5562764764956558,-0.2180715677670526,2.366416704485144,0.0091679776083188,0.0118450917540094,0.0202354511842629,0.7354879503041819,25.50187748292638,0.9974383590694194
134,36.95159586177353,98.17071493406227,344.0,Exercising,-0.3266522470969906,-0.7503734728491777,0.7819201544448648,0.0260629383466639,-0.0203676894569618,0.024375539854935,0.6601487751031541,43.38132374511767,0.6834608061892112
116,36.52783164156884,95.1545499747216,289.0,Exercising,1.159002447353366,0.7191174740507762,0.8570485382988586,-0.0295959744070912,0.0063289442208052,0.0282274977310506,0.6305447305466348,25.836870204091447,0.8454876907496147
139,36.72431660155278,95.04735489997068,226.0,Exercising,-1.387483653928319,0.4732606746788859,2.4818098490030005,-0.0358622989150036,0.0411141886384375,-0.032662442418596,0.632719726035314,25.43012788234737,0.6864566154442606
121,36.71378765924592,95.75022793927462,216.0,Exercising,1.3800076602154547,-0.3044737116822265,0.9105485721487828,0.0258374568727449,-0.0141860760949052,-0.0483604742776957,0.6074046790788503,35.80629196732799,0.7028345056526349
123,36.54558723070511,96.52695255721716,240.0,Exercising,0.1782973672717436,-1.33866543951522,1.786196385354914,-0.0499681615754357,0.0370147828445242,-0.0168207503776084,0.5069777711227668,39.25553226135909,0.9247355215440508
113,36.95882553134672,95.2384872187161,208.0,Exercising,1.2858134716568506,-0.3787893269281177,1.5466802416683634,-0.0203134366010675,0.0279958766153569,-0.0122827505665808,0.6213239634510006,28.510094972325547,0.6625922132068293
120,36.5050354482099,95.40523526320202,386.0,Exercising,-0.2043724243418649,1.2934971687168866,2.4364534803954547,-0.0119659879264801,0.0053412086799342,-0.0023593441813065,0.631905559888853,23.728750009086543,0.6589905898462292
124,36.666149772173256,95.39914812288656,113.0,Exercising,-1.2270858341258004,-0.5490666270818795,1.958709244117996,0.033682466954383,0.0147707876366032,0.0301838361332838,0.6712982799392889,35.27264135195188,0.8236691969774711
119,36.64190701800808,96.06901436024134,101.0,Exercising,-1.3367312438844237,0.1239298235411725,1.377878362873767,0.0001938359618689,-0.0261582258450735,0.0280896662594234,0.8896751554029039,21.10342062729429,0.7995313821761945
140,36.93551979076712,96.56553176065223,230.0,Exercising,1.3932069337176922,0.750032423771223,1.866276716688173,0.0390704790549774,0.0271592196883494,0.0337078197468694,0.822508694170851,44.89735755396481,0.6420467143997743
140,36.945380964530166,96.09859051645336,145.0,Exercising,0.0571520468925079,1.062933096505425,1.6912211157709771,-0.0018572095751142,-0.0242181449139914,0.0114721473345297,0.6093322542065294,30.029597149886698,0.9012465095011716
120,36.59124995230776,95.27929668699568,181.0,Exercising,0.9002832167537704,0.4415281590399518,1.053085000332065,-0.0264033244249922,-0.000917110704492,-0.013247679042534,0.5093370732233586,29.58150757651768,0.6379329433100652
110,36.68763588737736,96.9615128123682,396.0,Exercising,0.455775027309317,-1.1677671963718887,0.5124891728651029,0.0361101939300616,0.0308291645887934,0.025114908176097,0.7318922673966766,42.72360215895862,0.569345666567501
114,36.74129059182648,96.91269072670826,165.0,Exercising,-1.2673334951955226,1.338591552945254,2.2722220393698214,-0.0150733731533796,-0.0303643079731432,-0.0122844829353405,0.766639651435272,42.09648068800102,0.6652479556831066
123,36.95559152710879,97.80449467032048,252.0,Exercising,1.1772000750843734,-0.6216203804966458,1.445218182360421,-0.0032746707168963,-0.0017717777864892,0.0232377136787,0.757219198810337,38.4776648749498,0.7703709994507102
123,36.749012175878406,95.53998927716876,206.0,Exercising,-0.8716397555712966,-1.307424534814858,1.7257198815223016,-0.0033113418188634,-0.0460989491512497,-0.013122824542983,0.617925515782584,37.54056015490921,0.9508431534356078
128,36.56681092906046,97.25703454323536,291.0,Exercising,0.3473704453616819,-1.158131950445266,1.0857421589516874,-0.0257914845977185,0.0358553010708756,-0.0251706041203513,0.7424027929092696,21.56426313074689,0.9489361982909104
117,36.94254794892194,96.97654805529884,263.0,Exercising,-1.3075337117568957,-0.3089918812361238,1.039627098322141,-0.0292098265883458,-0.0379335188359879,0.0404735210293234,0.593875911624715,41.78920129375473,0.7036199623362718
144,36.72473353492981,96.56159489500794,250.0,Exercising,1.0945113254402612,-0.6510787616194097,0.6106198906690457,0.0207851801942557,-0.0185940477716572,0.0172652014137989,0.557835241162779,44.58155804886508,0.7797496141513824
125,36.74416555794056,98.3719902016268,144.0,Exercising,0.6888139204930765,0.7145929690132604,2.1647864237502024,-0.0433073346066578,0.005087499367583,-0.0259116118213421,0.6549654952917925,21.07128358768087,0.9662843853791956
130,36.58346435135774,95.65424344988404,153.0,Exercising,0.5045101123739113,1.3230494270312532,1.7397708622827968,-0.0434712965177804,0.0341738523832808,-0.003632138469169,0.798320055290696,44.933145815522565,0.8061190251859869
141,36.5677977489891,95.80513444346812,177.0,Exercising,-0.295386361967298,-0.9919259754752674,0.8048369921693759,0.0411556445262021,0.046321005834838,0.0495989282068919,0.5689666644912563,24.348993879230697,0.9329914202379934
110,36.5636685492092,96.24174039382753,280.0,Exercising,0.7505032229321262,-1.4099616351730415,1.583123896187062,0.0049384688117774,0.0486333849712711,-0.0486265193376964,0.6772288490566265,26.44696257992768,0.5070862144286585
142,36.9341899406925,97.92762710762892,277.0,Exercising,-1.1904632303745362,0.4674054365941154,2.0169161160807274,0.003376659038056,-0.0297919466518437,0.0311962886659527,0.5858144836000838,29.81606478107996,0.9394029293246136
121,36.675289619358594,96.08426045540996,371.0,Exercising,0.165895958249914,0.3760128303218029,1.0222881620531734,0.0094808825093112,-0.0207444462432444,-0.0383456976898965,0.8464456648991756,35.96466824220538,0.5292468365518918
132,36.63761431699396,95.1804707609303,355.0,Exercising,0.4950956984175843,1.1453199343003178,1.1107208525450856,-0.0244862739477866,-0.0093947169204069,0.004217442210749,0.5516122587886046,35.52051640009159,0.7526302456014964
120,36.51209487875182,98.08955665124896,119.0,Exercising,-0.7423005662477495,-0.7920035800333195,2.2696405606991394,0.0367222982758843,0.0052586559398337,0.0432522525528546,0.7484555748091293,41.05143408510448,0.7189191108873015
125,36.79793174369417,96.22097168276755,342.0,Exercising,-1.074924296193354,-0.0026214598769471,0.6726105099558715,-0.0147250268242112,0.0334351308674012,0.0126454964573222,0.8992961155723682,29.63902385949829,0.6774865915129975
118,36.81207272320906,95.55088268864152,269.0,Exercising,1.4159405212137657,-0.5456493738431785,1.0885229153100713,-0.0440251089762776,0.0480121987051383,-0.0298635739537164,0.6720903487047556,35.76281153841869,0.5322835884672616
113,36.94136454396385,95.8537303694862,138.0,Exercising,-0.3407231535612118,0.0394767886139026,1.418879486529406,-0.0398213041676676,0.0027232610346374,0.0473526532121457,0.8651020189023257,44.48110506690488,0.6102330941329985
136,36.68335665340603,97.13167501471632,218.0,Exercising,1.4672499476262706,-1.2941567122609414,1.747253679622677,-0.0292111729949954,-0.0367674976463057,0.0452573548359184,0.6119337055457555,27.00107692672769,0.509088154619161
126,36.72698159769267,98.02099843577928,294.0,Exercising,0.3859188738298176,1.4416860525704491,1.8632966896662069,-0.0384639073490295,-0.0450343143599074,-0.0268059616317529,0.5373011826448175,40.89273893819451,0.6243249271176762
120,36.8488129952072,98.74523130129542,112.0,Exercising,0.3097427111310229,0.5237450494944342,0.977285547958274,0.0042383804956464,-0.0403408734848514,-0.0218858856282726,0.5210656915600699,37.96447576110809,0.7241924427378105
122,36.7301897885312,95.01352829016186,272.0,Exercising,-0.9856314740100146,-0.2442539204256277,0.6673209371335123,-0.0040999056783056,0.044470081219209,0.0328730136397752,0.7509962926647306,34.62872040413337,0.5383349514253633
136,36.67721805103734,95.55080619630536,134.0,Exercising,-1.3874724030044598,0.0868166048100524,1.7712504580268726,0.003236952615814,-0.0029837206479968,0.0352745328766956,0.8370241355765664,39.8417647517812,0.7827772137898955
115,36.70708037717297,95.09563605730784,350.0,Exercising,-0.544308214193926,-1.3584179321306222,0.8916688963422299,-0.0181131403999123,-0.0122853021990043,-0.046347812667514,0.8004391341479709,44.20186085946705,0.6181405038316763
128,36.6419569169667,96.11685928866244,138.0,Exercising,-0.8178673782913252,1.1143480794469598,0.8019063773162098,-0.0214053282881818,0.0442556296933103,-0.0090785154181682,0.8213393142484259,40.6316515898405,0.5122085111157904
131,36.727755906708914,96.4435849712766,385.0,Exercising,0.1846490716380455,-0.5193479767643324,1.9357973013627177,-0.0132359910459473,0.0019536397713888,-0.0120025531530022,0.6954878333297729,39.9612622028912,0.5084149430309914
121,36.785526575456565,96.25289123037244,290.0,Exercising,-1.1527710167337932,-0.0939942520246202,1.0306058723308775,-0.027090024601824,-0.0397705658626207,0.0371001268078642,0.7968355842827854,44.00687995706897,0.7405403778241222
119,36.66050922413706,98.22438430438504,177.0,Exercising,-1.0598688434595005,-0.8377342717640347,1.3085512150687904,0.0223938515611055,-0.0043172286198871,-0.0118231909533481,0.8942722916263929,21.60386278176151,0.5697670252202234
136,36.56314576248459,97.98508455961668,266.0,Exercising,-1.22627585225307,-1.2303531735559934,0.6045125648695615,-0.0153533911560756,0.0161151408511195,-0.0131226587988537,0.8781832526113951,29.176676333644245,0.8744139285423673
142,36.81538839189051,98.71194863917938,313.0,Exercising,-0.279848196434326,-0.3833563893063227,0.7870974110356725,0.0269607632181123,-0.0184587813546431,0.0436694491743949,0.744792331451229,28.21081544372291,0.5244473606524811
118,36.77373812637124,97.6858136333678,100.0,Exercising,-0.4382754765721373,1.2680419181318876,1.7750737772759353,0.0416704685419748,-0.020237535431611,-0.0273865557516633,0.7396870522265631,23.933372172143287,0.7709249435425306
123,36.68147749123578,96.89986806293972,240.0,Exercising,0.7400666226092354,0.6139068891460191,1.8092103523288965,-0.0117712445578645,0.0465776824749601,0.00920891594732,0.6797070828281645,20.96012784288008,0.9743457082939035
81,36.522582983938655,96.44798998497488,95.0,Walking,-0.7844221760216437,-1.1521228460208055,0.878808214556723,0.3245359302490985,0.071136998179094,0.1938310795082274,0.5302446446135499,41.24849763649553,0.1351557629153453
88,37.1842033793138,97.63195684598011,149.0,Walking,-1.1319896382324512,-0.5686583599698306,1.0125547252183646,-0.1662218587984006,0.00623489493062,-0.240196735813412,0.3527024654054144,41.912812173144566,0.3388777076598184
86,36.92508723100973,98.48635355632372,138.0,Walking,-0.5944980998822315,-0.2858178359403542,1.3049361044625938,-0.1926543729458851,0.2680273972623479,-0.3435303531695361,0.5792921153219169,43.14397701086443,0.3369099451451737
104,36.48135582297544,96.51715056101366,144.0,Walking,0.9738458083710232,0.3530961313843563,1.0173776373715766,-0.0407394317818726,-0.3857298213196325,-0.3959284617413214,0.3377759780205228,63.4213496821825,0.3769484515175874
80,37.388945557177465,95.67011342015344,112.0,Walking,-0.8569391952141703,1.0901050488114647,1.1446962692394085,-0.1741035586817059,0.1643431438607973,0.3202935096032265,0.4106824130006256,67.1420570425661,0.3776263873312446
104,36.42745015181499,98.65875882357884,111.0,Walking,-0.2610290303775283,0.0916714087704042,1.3424534679237436,-0.2630938294055293,-0.0282143337207811,0.3687771440300343,0.3985444119596578,63.73669716365407,0.1404425912545021
100,36.70018962100552,95.31343948011826,63.0,Walking,1.080022102742068,-0.011786669996169,1.0900998271369633,-0.1678517280659542,0.2394414039421135,-0.2074128335326771,0.581238011279307,61.98537330105857,0.3118109379409985
75,37.27038077173392,94.1592649906913,121.0,Walking,0.6553524005791413,1.0041681088543444,0.8731581930522857,0.1237310225249337,0.041797981082068,-0.3964849509129396,0.4874774091298637,51.17449667110788,0.3260799668607005
104,36.90216930448359,95.43045862408508,118.0,Walking,-1.1658120006455546,-0.2901692888151547,1.2775581433189622,0.3472338986120202,-0.3559732019275788,-0.076287730853145,0.4841695687960659,43.151824894130215,0.3199495487962095
91,37.19341442780936,95.67030288143148,77.0,Walking,-0.2425302406612168,0.3254386724227198,1.2877908163893856,-0.2019656898734777,0.3616613138647254,-0.0586087290669189,0.3498430063471713,59.8798169144133,0.1883721098081088
102,36.692395309051925,94.18918902481045,80.0,Walking,-0.6659758745681263,-0.7592119845897929,0.8833944099662844,-0.3890124610407364,-0.0459868698310009,0.2961484451585998,0.4351686711101653,47.92172209187899,0.3137802196186927
78,37.37362236792154,98.7875738395102,154.0,Walking,0.1831833339467365,-0.7561369814387584,1.355615194813626,-0.2955774395865964,0.3313846459602136,-0.3316599336841958,0.3753919368261949,46.5989208198325,0.2061016469662582
87,36.301474145088406,97.39781988427367,83.0,Walking,0.0328378215178681,-0.0781430894312495,0.9419413582172914,-0.0202846276825591,0.3998700964192933,-0.0628790383000003,0.4819439092807253,44.62209237359192,0.307667961248626
76,36.32707842279646,94.2178691002934,108.0,Walking,-1.028800153804427,0.1247943824318666,1.7428540202350185,-0.0472773067666607,-0.0537423297291925,0.3756715367855797,0.5757402444108295,47.54326904054335,0.1895678340623966
82,36.77858417200522,97.51911658060142,135.0,Walking,-0.6488542019915156,0.2157064971702571,0.8966325655689308,-0.2347039260088553,-0.1472274244278898,-0.1782180353103992,0.5135244430973912,64.37524739532202,0.2139177676346717
80,37.219796589544536,95.1855418385459,152.0,Walking,0.3029657342988159,0.8961263433916915,0.8171083135483868,0.1378900222092712,0.128933934787741,0.1551147371753101,0.3024518234909077,56.3988036892936,0.1832910948440936
95,36.54751832854866,97.61761748879658,89.0,Walking,0.3853975571868981,-0.922766252966732,1.6398884515214205,0.013967227932943,0.2009750587605491,-0.2757063824686658,0.5806763758869206,41.97867016395211,0.3207628426021835
78,37.24126397166934,96.34809808837096,55.0,Walking,1.060581122495614,0.7595644630016962,1.0716803057774484,0.0159240377581151,0.0880132313651621,0.130778252680532,0.3442629296371802,53.13912166713549,0.3017415076673784
92,37.02512613554247,97.50239078775093,147.0,Walking,0.5625428638006051,0.8642814632791971,1.5681523690297705,0.31024751224388,-0.0176692334047719,-0.0905633576811103,0.4487097901681826,58.47577892995352,0.1450646186590543
97,36.30800480000104,97.3550878204904,42.0,Walking,-0.2575295084424626,0.9664221883496682,0.9696450495299848,-0.3798199644623171,0.0619851909723972,0.224280933863514,0.5985009310742944,45.281742937167394,0.1868599984403514
75,37.315558791746895,94.11343454952907,46.0,Walking,0.7396304329252108,-0.0140235721540991,1.212416197861875,-0.2289505193543627,0.1402628194606459,-0.2890988598226751,0.4749694461157909,50.95428011256414,0.27931716564449
100,36.629230300924725,96.63481837960202,137.0,Walking,-0.1037314865116489,-0.4883688862778644,1.294499132432489,0.1654291586792784,-0.130112567429424,0.3538830801249307,0.5943923944567153,54.222246135593394,0.2029395817210931
101,36.70167302779524,98.60974606435194,107.0,Walking,0.7576069319685441,-0.4188748465146761,1.4846718292070842,-0.08579758845225,-0.3737457018322146,-0.1994418380090118,0.4965621051161555,45.19556588252164,0.1467149116491976
96,36.70352734555966,96.67229230851235,157.0,Walking,-0.341643234095057,0.9149189988192548,0.8439765354688065,0.2855983808300381,0.2504592713991015,-0.0128413929412523,0.5407791187225244,56.3978835425141,0.359189469957381
97,36.94197453967724,97.88414194967903,116.0,Walking,0.1371846872430819,-0.2096403114042062,1.28321448713439,-0.078161846097517,0.0465162560815429,0.0856693472144384,0.5902465440973177,43.66305046502331,0.281173683209203
92,37.09505550632616,96.2940809585561,82.0,Walking,-0.735589759878623,0.7878329600249119,1.7925427698888452,-0.2937973962986279,0.0752031514405888,0.3348762353390304,0.3162149810218785,47.15690114829804,0.3742300280679219
101,36.62597615073204,97.26831971155586,59.0,Walking,1.161508612913812,0.3512493055425796,1.6005616025903795,0.1621503180343886,0.1947347558812957,-0.0843430853493944,0.3753880710864056,65.29914021085008,0.1414226665276175
79,36.94411482692132,96.82295090146378,143.0,Walking,0.2474125447554982,0.3608055216861074,0.948014656843592,-0.2447949202066771,0.3805069943812779,-0.3554341960235117,0.4974139559708246,51.50971392922439,0.1938883820022782
100,36.95455325963358,98.12216896759158,93.0,Walking,-0.4168959950429524,0.9362213561830102,0.9290569639497744,-0.3968364958338541,0.0189927065871559,0.1161943988658762,0.5389238478535283,50.29404532398409,0.3980258570838467
77,37.39337483740836,95.77690781806176,112.0,Walking,0.8353528359941904,0.6407505743625073,0.8097479068498515,-0.3154826162767352,0.0703064223490475,0.2373917167285262,0.4684120187822284,54.05256972842466,0.1520976462696542
91,37.28840391844562,97.78997378975502,126.0,Walking,0.6315752396472127,-0.2227229305156999,1.3807998003278574,-0.0782110591788928,0.2243556399340337,0.0923855467989041,0.5428896603942422,64.68940057432249,0.2103380417243783
94,36.781449402467736,97.0529994560466,111.0,Walking,-0.1816523599693871,-0.8108266680967566,1.4399138254588046,0.0416036287779401,-0.3544422881135793,-0.0238324382986818,0.5711184793896441,46.7291018697425,0.3317627511466007
101,36.39593364358112,97.37226201836742,42.0,Walking,-0.1678563206263483,-0.262745771819772,1.4399421386087885,-0.0989064724335172,-0.3534287331540185,-0.2479766118825707,0.564554697058435,41.17822388512577,0.2912443090279177
92,37.0577626969179,97.68979130649298,124.0,Walking,-0.0525195589086551,0.0138675999544299,0.9934592268711524,-0.3781102617796821,-0.1150986350729805,-0.1615187410663179,0.4066245542899497,59.70447356229745,0.354532044050183
76,36.8829080772501,97.23301296199836,73.0,Walking,1.1181270564318957,0.2782863513286853,0.9868274796048976,-0.0004134901374845,-0.1021168542485652,0.0425272580063753,0.4564807251361101,45.91823721834259,0.3347951754558068
75,36.34916763323052,95.78788807590811,97.0,Walking,0.72852510218007,-0.5541394305133807,1.5719820987471804,0.3479636056843136,-0.1813664389864555,0.2525646344769433,0.3903586441877893,55.28889605934381,0.2504514519885268
86,36.43865538207317,95.278181186985,80.0,Walking,0.3674282380846236,-0.4199453249660211,1.4056614459497745,0.2487695294623336,0.049492056057686,0.2221743786677641,0.4600409923456924,66.4989251330455,0.3164499328156439
98,36.47162379901789,98.38816732739298,141.0,Walking,-0.5489101131320029,-0.6876531351972962,1.7667956777232994,-0.0196022297642908,-0.3073619123445764,-0.2865288657258595,0.508702390458369,48.3602358260109,0.3046604379746757
82,36.71121265459041,94.68130822478857,138.0,Walking,-0.651926005968596,0.2463228156821433,1.662818071976648,-0.3289318228954199,0.1858350958807458,-0.0874246509853238,0.5487812468798293,57.81449606187788,0.2293671107800368
77,37.21889570731223,97.32519362860572,66.0,Walking,0.7007530506099398,-0.9769788486775068,1.5041643271560925,0.2002636711808536,0.2714260321724427,-0.2317043666213123,0.5824884538517552,47.86198455247171,0.1342054875264162
98,36.87400203293711,97.21688078249716,55.0,Walking,-0.1291086702081794,1.1827096811240645,1.082312367613767,0.2735074634849161,0.0265007616425531,0.362438907549991,0.498611146409193,56.13661669119362,0.3649964587183648
85,36.83903566013482,95.13107932254668,72.0,Walking,-0.1927707748852067,-0.3463680994631699,1.7264963005769791,0.2713418873498641,0.1011342529434677,0.3705452079081431,0.3638221049946316,55.64599179792919,0.3835823172538796
101,36.55456462805062,96.01625993328356,87.0,Walking,-1.0400265657519785,1.0877275508393864,0.9724905188196128,-0.1508118681295054,-0.2355097609098525,0.3239089465553159,0.3535667075236894,57.58551366370742,0.2887191092910766
87,37.22751268652113,95.71864298423776,80.0,Walking,-0.968720066281413,0.9397598423187674,1.5902815808439277,0.239957510091279,-0.026151604724174,0.2277457772714416,0.5849793920017374,44.3280754959496,0.1821235694953689
93,37.30301561085587,95.32841395685624,125.0,Walking,-0.95940231216901,0.6906573333003132,0.9935087854098028,-0.0931630282718714,-0.3781294626745364,-0.0889728755634269,0.4380613486053634,47.746179149127954,0.2861988816966611
90,36.54941259966419,98.74070357676872,90.0,Walking,-0.252982963852735,-0.1640521406333452,1.645717386040737,-0.3298651272634403,-0.3418269233452749,-0.0867637150472592,0.544810589242459,55.52918064544571,0.2284915986673729
77,36.60505823604912,94.72353596722576,102.0,Walking,0.4154807038110957,-0.4483801189933405,1.1449278077381253,-0.0076000542087634,0.3239069681467073,-0.2469932870717672,0.5763669198081669,59.488143002416,0.3342476168066977
87,36.82146599405691,98.38203527991432,48.0,Walking,0.8293528443817821,0.087605500332228,0.8242417474325779,-0.1430457622355511,-0.1567416809726088,0.2251179611910998,0.5317140829901331,60.39711101811876,0.3935503641292702
87,37.34497556700356,95.98342444601734,45.0,Walking,1.1817736750252086,0.337715950602597,0.8616306594017235,0.318948236184172,0.2395237819930894,-0.3097553879838581,0.3959390000860608,58.84952233993676,0.3280576567161234
86,37.067472339938334,94.08804862253947,54.0,Walking,-1.0585334214351734,-0.9903782124102436,1.6568055410400735,0.3880115051199454,0.0792506601267428,-0.2365600893341797,0.3625972072272906,69.04946989019264,0.2966721944130202
93,37.37662129070014,98.8868745335525,105.0,Walking,-0.4058524189859447,0.5834860010412877,0.9929386441004636,0.353344947193538,0.2144584629252959,0.3235154639874525,0.3972262385686898,59.39320909591858,0.2252452526629117
83,36.904507224950464,98.51667072248432,155.0,Walking,0.1974983574973023,0.3944920541793482,1.261860533007929,0.265929198435454,-0.1899485783349531,-0.2224919579699485,0.3100193730021146,60.5552137734288,0.3157812708714795
89,36.60069456778304,97.4749825551021,108.0,Walking,0.8487755627464029,0.4647227500669535,1.3511650741035397,-0.1051115215878514,0.2544969329475225,-0.2779551865762789,0.3461217333848705,52.68964984095273,0.2007084551740502
91,36.65434772602952,97.39590836907529,63.0,Walking,1.1192900119407347,1.1501253261898852,1.6381490678416033,0.0134925376179969,0.2445659414245281,0.3569467942125647,0.3922811670367776,58.27920711115707,0.2331966443619195
102,37.27529955381367,97.05204776754366,65.0,Walking,0.398628102739176,-0.7628031710146502,0.806085288121939,0.1661431017236436,-0.1144765691172362,0.038750913663575,0.5108010545023516,52.59899326831747,0.3574734082069448
85,36.38262964523774,95.1638220288298,97.0,Walking,0.0926456100401496,0.7887872186502112,1.3843505303269898,-0.0874216259741643,0.0338922657794834,0.1629727303490212,0.4016259491473873,54.913814874488615,0.1607504122536918
94,36.99336661212757,98.48955183274954,66.0,Walking,0.4931992814783279,-0.3487497372735368,0.8042725762856356,-0.23220783925913,0.0480434110167217,0.262640203436827,0.5656942217334775,58.250523126215086,0.3277416055079462
89,37.13282350557126,95.81728060257288,61.0,Walking,-1.0883023165306325,1.029106754568042,0.9512675398941752,0.288939924566426,-0.016541173878361,0.366774241767379,0.5939055290454319,58.69532538775822,0.2273759204518684
84,36.99988940177595,96.86286230858347,98.0,Walking,0.7604737512924731,0.4205562851367721,1.5692068026970205,-0.3238283357043416,-0.3913994021728749,-0.0907222518375442,0.3344077879118853,56.683485913760585,0.1783475982427908
85,36.965542261466965,98.38335687360728,50.0,Walking,-0.7513347649406995,-1.1509653596746248,1.001777269828933,0.3833583442600269,0.3276031929842297,-0.30044910742271,0.3724782676094164,65.97530680068499,0.2893075063525019
83,36.7246650690373,95.81573575313976,137.0,Walking,0.6609406861498892,0.6961657946122213,1.3371094588629844,0.0472680579268198,-0.232805858596145,-0.0974699636476775,0.5334970625003643,69.62549542137583,0.1899476493129741
87,36.46283970015194,96.88951490633076,76.0,Walking,0.4958563302222147,-0.9215127272148396,1.1564565334258292,-0.0162185721589102,-0.3533050807005121,0.1199905537346518,0.3045865882029039,63.27477057190137,0.2220924489250894
90,36.6055900633679,94.00163492446212,110.0,Walking,0.7029883827676904,-0.5931816975577504,1.7585413081409684,-0.2416357250515141,0.0503264140052815,0.1028975050217091,0.3270915922599683,45.09411914824169,0.1937550781579177
92,37.03094544225437,98.80079214819392,121.0,Walking,0.3373090212491609,-0.2406664666602174,1.6408982673321035,-0.079016296710719,-0.1606505267645783,-0.0684130920071849,0.4737819001524758,56.447841792877455,0.2239908159477133
94,36.77520938961182,98.60919930352786,64.0,Walking,0.5335933576961209,0.2131033278469702,1.431266148695772,0.019252857293862,0.0802870247011759,0.179094128815063,0.3917320920318029,41.04879553383854,0.3714578160440654
85,37.0414466809826,97.98800292523754,135.0,Walking,-0.9846470111078064,0.6598106508731838,1.7833749007367747,-0.0720873953181578,-0.2776142666888418,0.3427702413679244,0.3877392497097757,51.88508918939632,0.2810074312871718
102,36.352922467422495,94.82611323673866,64.0,Walking,0.0270561640906441,-0.154952753933496,1.3326165643304178,0.1716016047823947,-0.0103583091020794,-0.0603926146959604,0.4187960584801153,49.01474829160907,0.1872178681805073
97,37.09480625257241,95.97178731794396,88.0,Walking,-0.5252420152545786,-0.3339433691962967,1.2525271546709695,-0.0289139758038506,-0.0579935661095843,0.1507321727147315,0.4197450096808626,52.77131091919465,0.3465462053823833
89,36.88174940596498,95.86003623125872,140.0,Walking,0.8025676194862068,1.0041925987210691,1.6742239310841254,0.1056733149972888,-0.380060706088708,-0.3151182506285315,0.4211736370465224,43.58555215797475,0.1428216719894809
80,37.06765191377993,95.61141159449284,106.0,Walking,-0.3804483635675091,-0.5828026367038885,1.2354413426006254,0.2898319773327111,0.307504013392963,-0.0217717273095378,0.3275441684675499,44.08469299596148,0.2744122905183772
84,36.63738296183591,95.69866345560868,144.0,Walking,-0.3860023490409339,0.2980414338001715,1.6236349738985183,0.2459506830424563,0.1047407929762027,0.3886823816359149,0.5616277650561778,50.682601696201786,0.143115013395919
96,36.97104269452232,96.0249609921564,124.0,Walking,-0.5498364985205628,-1.1056717115695551,1.1703441491064166,-0.2843079815893159,0.3273016920693828,-0.1887670641028673,0.585786728876607,50.432099366521285,0.3974796686396006
88,36.44562823347292,94.42626727458754,51.0,Walking,-1.1992923344015358,-0.762865562104531,1.4609014387503394,-0.1327437613879175,0.0133944164475018,0.0883903775845287,0.442692297717988,49.16528952302475,0.3971120195816638
91,36.83525577330212,96.80971615293,113.0,Walking,-0.2223323191698184,0.8953017177116982,1.450952189604632,0.2146317010250161,-0.382046313554248,-0.1347605802226129,0.3303597602960536,61.73282608671075,0.3068036716784513
91,36.90785066124463,95.38291935765844,81.0,Walking,-0.5713411207787613,-1.0123840689544263,0.9402425100923684,-0.3579225631661429,0.2652618417341787,-0.0362999805341884,0.3103968256105622,61.76763887874088,0.1328143852699389
84,36.66083812799445,98.74263735523178,41.0,Walking,0.6742994891744261,-0.4102021313407994,0.9763790532614064,-0.0607219896567235,-0.3278665342203502,0.3125311526413087,0.5988088033712997,48.8151851845789,0.1992785133792417
93,36.33736578339626,94.09665540051752,119.0,Walking,0.8500347952232483,-0.7714792603005809,1.0955254875860647,0.1032866678790835,-0.3824881991879826,-0.3273245442956864,0.5253373733268715,58.83231977857794,0.3217652004221005
85,36.79444302203734,98.78985653084884,150.0,Walking,-1.0826009492038575,-0.2679903718714701,0.9035951074144632,-0.1059402784400401,-0.3521101327183518,0.1405312792468585,0.3896277638769517,51.65636064772669,0.1833569192519898
104,36.57469628306636,95.50031381279568,40.0,Walking,-0.1253003620304063,-0.3929616876664579,1.6277629348200593,0.0209442859000035,0.033648068369409,-0.1297706068088935,0.3784852078402314,53.98427808547429,0.1681962574657816
96,37.17467217553236,98.7260697731633,110.0,Walking,-0.2634985387326293,-0.8718091309577946,1.4523870550304887,-0.1925851433655867,0.0099790847223955,-0.2477210272205267,0.3414056037599745,49.5320139275389,0.3021466782801366
83,36.91237382226432,94.10477828321318,59.0,Walking,0.5887793685564817,0.0057633738018314,1.240170980503251,-0.1732297130861362,0.3532520611747639,-0.1309055664730355,0.3202081466545737,68.94537977633453,0.3675067968325046
92,37.31071544525438,98.73391196277348,156.0,Walking,-1.0114956670396984,0.5800540911464871,1.579012900020847,-0.0125840095188565,0.2277465205533335,0.3269677370215794,0.4633140995747935,52.23985576511449,0.2768256284871694
76,36.518983982461656,95.54833263629082,98.0,Walking,0.6818186203967467,-0.3464693171173726,1.242310498799141,0.2838242617781848,-0.3225136115993522,0.0324372634540907,0.3502718543455328,51.01395337196459,0.1078383194814479
89,36.85645419417388,97.03120549310226,126.0,Walking,-0.3662550654768949,-0.2571667153136363,0.8022199729922953,-0.3203955994669806,0.3819730950905643,-0.2001497929171363,0.3388998137886945,64.73613614911183,0.323304228560171
91,36.35713168513757,97.9617617629389,130.0,Walking,-0.1108341679754567,-0.1807184253096876,1.1987697975314424,0.1390193502212342,-0.0065084159366608,-0.3407201508610837,0.3678738926381641,64.99504193163793,0.3453739920304949
89,36.86933518327076,97.8176187953513,109.0,Walking,-0.4855056857393977,-0.8917295264714853,1.5537536559539622,-0.1615386008982448,0.2701474766158982,-0.0913281554329141,0.4425945695679456,64.03749212196267,0.3401435060274331
99,36.81922825708795,94.0512726462068,94.0,Walking,-0.7832027290975527,0.1171432964367218,0.9487374393036552,0.1152709569905618,0.369261716840383,-0.2209886987870485,0.514570974098626,58.13148188754835,0.2687301023710693
102,37.29219770760473,96.62053235088722,76.0,Walking,-0.9545152580288097,0.5203238726969603,1.3173685343311714,0.3716129582714286,0.3353564862331804,0.1929714794676446,0.3630823453451795,60.71570166396833,0.1439596339010464
89,36.74162319146053,95.1943738433342,142.0,Walking,-0.0246032275541572,0.6627534515681126,1.5258359911915649,-0.2132844008057096,-0.1409398097359614,0.2314173549188604,0.4670816326671696,58.41344266696613,0.3345045329853736
76,36.50995220364651,97.6652721546451,142.0,Walking,-0.0220929577262691,0.1058455377967604,1.464528665661332,0.0638127614276568,0.0789565829334377,0.2575023996850611,0.5464797488476123,67.66650271164406,0.2843296095768564
99,37.00808970034723,94.65081192297636,137.0,Walking,-0.2628816171318245,0.3514756225239934,0.942387695453902,-0.0988934083444069,0.1329900918379642,0.2186109626825992,0.5866255182251514,63.57875322986119,0.1292406726379306
79,36.459248378386434,94.0464344258859,129.0,Walking,-0.9443683860361424,0.2517130159130014,1.417100632514649,-0.3059247405230245,0.1964196429028325,-0.2029089977273582,0.4353389655168935,43.47150846164411,0.3008267687130669
78,37.39319434316209,97.2169980822907,89.0,Walking,-0.0928319380803144,-0.8173106400381451,1.0903057438998447,0.0532502431210139,-0.0679147144504678,0.039242512222064,0.5287675727484725,46.69364739163888,0.3893584425538371
87,36.76706981807718,94.27690635785235,73.0,Walking,0.3463709885652677,-0.6565550812811748,1.4453939529698694,-0.1602707330088091,-0.3418180842450218,-0.1119877101212323,0.4186693392415938,56.7475946723398,0.1997609440610049
91,36.59322900629064,95.25631422631692,40.0,Walking,-0.4875699957214034,0.1619449277753357,0.8155316418098203,0.2254153220005416,0.1694599461443779,-0.0767196323799691,0.4870180590991624,49.65643844390723,0.3133501057555534
101,36.83383441602059,98.13882980088168,110.0,Walking,0.3263742176932798,1.0628974601830157,1.1925478308626256,-0.1056474718716486,-0.1898654145289453,0.3137516418766712,0.5544770976590728,40.750550371700704,0.1790262436583406
79,36.98533015852071,98.340195327361,100.0,Walking,-0.1680936553249283,0.9247506644888042,0.8205174699799063,-0.2760888318644467,-0.0209249847803666,0.338709714597237,0.3756923233409143,66.35637780348301,0.2805360372974257
75,36.95328005614217,97.100850137555,132.0,Walking,-0.9674138973371073,0.3753227671034915,1.2524016381064889,0.0904959245700451,-0.0344557309571413,0.1807552275206793,0.5383185029311124,41.90325711069044,0.2277566201764748
103,37.34622396228072,96.53425445085824,65.0,Walking,0.1172473917345486,0.0357114274262835,1.5855702304152528,-0.3659851175729423,0.3239553248435222,0.0075242643494546,0.555832492122924,43.95157271182629,0.3992586203970881
97,37.34043369050442,96.97010377667668,52.0,Walking,-1.0110403096101943,-1.1169114295966598,1.4518936094938746,-0.1668290334089557,-0.0224517353551531,0.0048344370625469,0.5742158815175735,50.81931498503785,0.3108931792491604
83,37.00704279515948,97.27666214629411,159.0,Walking,1.0149710490843684,-1.177691777432451,0.8322521229061361,-0.1532163468836573,-0.0434386293941457,0.1126550570620454,0.550409301138306,49.41536549297109,0.1319471557688328
96,36.6447636116092,94.96298666526305,93.0,Walking,-0.1908377560731868,-0.7787092261494524,1.7290063615561992,-0.3123490445612314,0.2045787614796681,0.0778624418200165,0.4641283349878711,68.63921502751882,0.1096848574920553
85,36.44473620773331,94.93304572396056,44.0,Walking,0.5313380539588737,-0.8248109526760152,0.8074339205565779,-0.050976442690651,0.353056398553677,-0.342788806948241,0.3804403065610524,44.8751500978509,0.1478246629330907
80,37.15590684935504,96.44334472430194,71.0,Walking,0.4088972188022759,0.91848255767426,1.1985530717658004,-0.0074961322872926,-0.2097331063253443,-0.0605038744255416,0.5316432569887721,40.06634010590183,0.353424460347238
93,36.747752856065205,95.6926338560605,68.0,Walking,-0.4176652731766377,0.2293086796725223,1.5011545534253168,-0.234935475568988,-0.3558020608568209,0.0913592707654859,0.5407599706537615,66.43761763557397,0.1195169381405007
103,36.55931231977585,94.93445737176272,139.0,Walking,0.8604214428067871,-0.1699242269620502,0.9792777963685694,-0.2916164097834233,0.0106240354498132,0.1463225151874362,0.525025203548223,59.97342948111162,0.3506608537180855
81,37.10260646675559,94.55378673918318,58.0,Walking,0.325426798298134,-0.630205549769819,0.8187739356267426,0.3316068697532688,0.2583181254707177,-0.0900199538429218,0.5118106394298733,55.42866357090477,0.1374026812381479
102,36.90721193165015,98.10130737877095,114.0,Walking,1.0388367727686851,0.682213988907886,1.0690895712061157,0.3053703052937475,-0.0164205352592897,0.1423143165384951,0.5346896861743295,49.82699841073792,0.2902595707352766
86,37.36191516772705,96.12997725976813,48.0,Walking,-0.8173659538152169,-0.046424413922915,1.684212333985552,-0.0619579894726083,-0.1928977258503817,0.2228768746963703,0.4947018446187345,50.81376544941719,0.1819481135340205
78,36.868203183664974,97.69374679565482,132.0,Walking,-0.6118905716214321,-1.003611117369822,1.3344799815888255,-0.2506100091369562,-0.2414946289328856,0.1896582235156436,0.3542829159256933,52.546097292885165,0.3032577419245545
99,36.34308420636889,98.53173543816838,100.0,Walking,0.666214463480687,-0.5603110083148005,1.5491118596849855,-0.0034366698578087,0.0646776804541406,-0.1736759919856871,0.4505997963234874,50.22552876099424,0.1166646150728336
97,37.19184966302956,98.05004794582251,137.0,Walking,-0.0442674670222005,0.7025730720579269,1.280334490776843,-0.0898893822537682,0.3052722442141812,-0.0789586670987289,0.4402071929123952,42.33294718858908,0.1734429196596721
89,37.07417015133221,95.9600567977476,109.0,Walking,0.1117189030833218,-0.0802312644656073,1.3560423597838334,0.3088740515908615,-0.0383243316376134,-0.1669710751560973,0.33473235525908,46.5203641028245,0.2435050504173168
85,36.89101013511648,95.5104007155128,113.0,Walking,0.0662675259733647,-0.506461007112678,1.6235569365751954,0.1161776880636364,0.2374167319654613,0.2334828870612096,0.4463099102620053,60.53705260403284,0.1566112730141208
104,36.39612116789319,98.98687459353428,148.0,Walking,0.1009313883818661,0.2657769588819043,1.339529041772807,0.362619988056587,-0.1984266576046972,-0.1181346327528365,0.3020680190354817,41.254606283916594,0.2426184414624089
78,37.077738063787216,97.53993807300238,46.0,Walking,-0.0678749614345444,-0.862097927122189,1.417852085192702,-0.3928886079575913,0.2249910001929838,0.0378470164808388,0.4606896043487453,45.20894261062925,0.3749755902368201
98,37.37940750907164,94.69986194077708,146.0,Walking,1.0733894487858455,-0.1422760119758084,1.1090863630062238,-0.1215886152068009,0.3109607285211915,0.2693376060531997,0.4426118574499946,62.26796173395849,0.2632693618180454
87,36.68496063103901,97.60081309628691,66.0,Walking,-0.2505044513073086,1.1227165638187702,0.8597141769318757,0.3616801383914253,0.3441538111062768,-0.2855717124344175,0.469558340182962,54.57749330542762,0.3658868388522798
97,36.56320167805951,98.0068513545644,126.0,Walking,-0.0736726844574391,-0.7275339194777819,1.6216130350154945,0.2400016356045222,-0.2943185416125656,0.3326268193567094,0.5704636515199137,54.05571591934501,0.3891120676753443
89,37.142024456679,97.76584489653962,56.0,Walking,-0.0744592258427114,0.7469826337181396,0.901787283045369,0.106562775158876,0.1076148449522378,7.964803169036028e-05,0.5749473293870808,51.30750816353385,0.3799539781207979
83,36.52050014290321,98.43946066858184,139.0,Walking,-0.5187515904891878,-0.6845067907533205,1.533880810375769,0.2438395892179725,-0.0542038532928277,-0.3226317481296284,0.3087803530413042,62.38138145744523,0.1805495376853948
86,36.35520204168481,98.26383650996064,158.0,Walking,-0.1705797057822584,0.3941648210063968,1.204384886190191,-0.1025766549592805,0.3386593568152639,0.2951522183605023,0.4751124796274433,64.42837974542667,0.1406353923454936
80,36.56303027420341,96.67218202314868,90.0,Walking,-0.2521772178143744,-1.0096202141337116,1.586930397608937,-0.2501895130920365,-0.0650929629969169,-0.0326299180938283,0.3405900600575862,69.52694626359312,0.2471357383722356
91,36.38572906602956,94.19068093807049,77.0,Walking,0.900492977600827,0.2484019295548096,1.2596532401925882,0.3079798373831049,-0.2301065034353723,0.3677555463104268,0.3596078978799223,57.3460191361876,0.3694773744388953
79,36.93685633090388,95.448834440166,101.0,Walking,0.8040215638538084,-0.8451993953549237,1.1609228554188378,0.3299233133886896,0.3637416265771364,0.3683383251129777,0.5479914451378984,49.82721393422416,0.315192694520744
87,37.28220664149076,97.88392801402128,85.0,Walking,-0.534441795920763,-0.6801895002510108,1.200233295220665,0.1895875401807559,-0.3901141624533658,0.020854371327792,0.5687528375113756,58.46598045219973,0.3421461204032009
90,36.40766830007947,94.6122175722842,118.0,Walking,-0.3510603380764642,0.4749930541292744,0.9265555711698508,0.0973371796177088,0.0462280157044845,-0.0872574783876342,0.5598479656698372,51.28371041066151,0.1015303869091132
82,37.33303984238809,97.9315751111568,122.0,Walking,0.273576933035266,0.7425858186168677,1.2767767699338657,-0.1383514815202743,-0.191046601242266,0.0032117101235812,0.4762408287494569,69.12325854191033,0.3791842458150277
97,36.46718204531901,96.13925853742624,77.0,Walking,-0.3627244047985619,-0.977180554902096,1.084537543247727,-0.1985925960289593,0.0480256944337275,0.3818845350125129,0.3762779411600379,46.8538764518397,0.3899661680133407
76,36.64472284770225,96.74945233082312,90.0,Walking,0.5719597053799039,0.5665907329291351,0.8062522175805649,-0.0448009759075627,0.322017446140783,0.0162420041078775,0.5781193064698091,61.12431040701173,0.2836756034788534
83,37.03586468053564,95.0391731308702,145.0,Walking,0.6501498761257587,-0.5018558386892877,1.094588107637951,0.3082159210597245,-0.3422952993407464,-0.1270356846990991,0.3651460160556282,64.16406040734066,0.1875603525962735
83,37.04193202077551,97.67311615590664,127.0,Walking,-0.1264546206460723,-0.214642116436684,1.1485419232620946,-0.3921925317746075,0.2224012590987677,0.0730460507579853,0.527081723329758,44.003794562562,0.130149716125643
87,36.99210716430411,94.32292413946988,99.0,Walking,-0.2366787824928005,-0.5744318163424741,1.4451399140831196,-0.1219555393763817,0.0171731589606084,0.1483485367607351,0.3809794982189661,50.76180653291604,0.2364481560037122
104,36.89408265483547,95.29628431864325,153.0,Walking,-0.0820718736882695,-0.0815924818041207,1.2048965560037588,0.3905267398468454,-0.3890450515957759,0.2535484575722931,0.4898646188888924,43.51133801016896,0.249277564529452
89,36.89377557551119,95.39078840657211,158.0,Walking,-0.4136405535627711,0.8282802710640389,1.1333681292883022,0.3421679854468071,-0.287392855115721,0.2311100463649497,0.54791406919927,51.11508452700069,0.3276193483978987
76,37.35409548327509,96.09008048218584,45.0,Walking,0.5477305113165691,1.1123151614432236,1.1258475288643082,0.3126663514502561,-0.0043264840694319,0.064400188997914,0.4871453649829639,54.01281239687745,0.2410949828282662
78,36.61900887467773,97.9970951861348,71.0,Walking,0.0010351690367471,-0.3585781479808798,0.8223877991327342,0.1355748908937337,0.3489557722192287,0.3794397267508228,0.3320584153662066,54.90263342531368,0.3468955498363918
84,37.137549104177936,94.77856069108527,135.0,Walking,-0.1771510380680725,-1.0572749114767006,1.407680184659096,-0.0989542111735402,-0.0291756031330598,0.2202925647242974,0.5967534517081209,53.269664200586845,0.1062463324574977
79,37.2647489917776,98.64110287327004,115.0,Walking,-0.4781609711482028,-0.0170361925791122,1.369460564762761,0.1458471119624345,-0.193263675912495,-0.0977022516953575,0.5987184337864733,44.86765916233214,0.2302509840577841
102,36.75343673684284,94.46815854029389,134.0,Walking,-0.5643093270802583,1.1872217409396948,1.5997378526930632,0.1486044821235268,0.3512379671914095,0.2585677720007444,0.3565505992897624,69.80356831615764,0.1264515855199272
103,37.01584789797197,96.0165647804932,49.0,Walking,-0.4414732730526852,-0.5332646074217939,1.3674161921147532,-0.0290119277879629,0.3792186944498418,-0.3607955288485085,0.3884199129507073,60.05096881424646,0.1116182676367095
82,37.02431494252277,97.1199757898641,107.0,Walking,0.5792676195493618,-0.8131110672572701,1.0848219127404333,-0.392861920566224,0.1709306244858849,-0.0419667558403396,0.471790771220219,68.23581803139506,0.160970992879912
91,37.00304645089305,98.01132812594662,120.0,Walking,-0.5942177671108203,-0.4392363525409913,0.88435395181714,-0.0244955048589009,0.0510465089291215,0.1686883089363623,0.5436363722948871,60.13727587923035,0.3753515466082536
92,37.067370383108205,98.87229108162808,85.0,Walking,-0.8412363134955719,0.4870014816996948,1.2310390184249678,0.235886872730157,-0.0802526918012396,-0.2118861801474528,0.33494620454747,65.4712047211602,0.3985825137017352
84,36.90992289988153,96.19460145446844,147.0,Walking,-0.989302724465746,-0.8584049574649381,1.4210281790847636,-0.207239321110052,0.2966506606255399,0.2247125427587236,0.5174842914799356,50.02423227468489,0.1571065706275628
100,37.09536285756376,95.9800541381927,69.0,Walking,0.1735079130222521,-1.0998379969632246,1.0350191329177902,-0.0728815405609008,-0.3896338768533727,0.0068504069274191,0.4371300559808345,44.9599506493869,0.3091202848477207
103,37.30429219121938,94.58199347030812,119.0,Walking,-0.2392402391637746,0.6183966254427395,1.6935135338569047,-0.1764845576117829,-0.1578530828794307,-0.1502941616235785,0.5155039383922556,43.201708185349055,0.1087083243734567
89,36.95252214396486,94.17741145815168,115.0,Walking,0.994586524493256,0.8643750458836401,1.028905003594843,-0.2551514036552694,-0.2237887453838969,0.059048687802418,0.3371822454139561,55.00757457710385,0.2141953565686446
81,36.71968631033291,95.16009679113068,99.0,Walking,-0.3346632765849069,-0.1054378326642626,1.3835589442945784,-0.1509264377133602,-0.3043415224557471,0.1697459397677685,0.3103429099514285,51.45389688581412,0.321829212395087
99,36.93381631045371,94.37829474730717,77.0,Walking,0.8606596575655778,0.2540907483757881,0.827633235556262,-0.0954753777477046,0.1829184954740197,0.2368181385444738,0.3036299546642463,63.48246189478384,0.2972310817532168
75,37.37141882847597,95.27531136315817,148.0,Walking,-0.3304888283925887,-0.8177345835677989,1.3416111732724576,0.3781227030297976,-0.3110567122873835,0.0026683453371757,0.5605577496705749,64.87314824755185,0.3506389624087087
100,36.95874703117489,94.79241150834352,83.0,Walking,1.086834170646804,1.085184767842122,1.7777527211996518,0.1134646077240474,0.2349519976322895,0.3953338713576454,0.3016612117246393,49.73247579036546,0.1065455877280424
97,36.57475532014535,95.52490259267978,82.0,Walking,0.6753465548552133,1.182015991645567,0.9750346316531028,-0.1215752141237144,-0.103920299158619,0.0960360856502833,0.3691037587705419,42.465848679170925,0.2663093028177698
99,36.75816056407795,94.4021818489619,53.0,Walking,-0.4180223320802509,0.9903707041986328,1.1510544274303798,0.3080530398881947,0.1978741406288138,0.0419678402685395,0.3927748327477386,53.74215314723257,0.3498502554306303
80,37.05606179050537,94.99346429673204,157.0,Walking,-0.9754933726993438,-1.1431472650814645,1.6695161710783089,0.2517484925735865,0.1605945549727996,0.0256728360987946,0.5046997677533235,55.980551236523866,0.3210483101922621
85,37.21313183009199,97.54526738533166,123.0,Walking,-1.1465524950565709,0.308434032205749,1.0974705690500692,-0.2794553027689702,-0.2543326395101473,0.2456458035120042,0.3004222815411709,49.260288105804925,0.2858470950962476
101,36.683777915071474,98.46344867895846,127.0,Walking,-1.0753598812005596,0.7368130048315422,1.756542380417911,-0.1994942693316268,-0.2232463582370128,-0.232383306063858,0.3430645803462998,45.38502761007064,0.2044192435666463
80,36.70613928935728,98.634857674327,133.0,Walking,0.2800410610766057,-0.5323370756661634,1.302258642339445,0.3636685265998226,-0.0969751509254449,-0.3241274012365022,0.4102668805390603,59.98378038960996,0.3627322072227573
82,36.651918852829134,97.48351634739912,104.0,Walking,0.7395377322336165,-0.7069441071141997,1.45851534662755,-0.1261619229267768,-0.1062352085062445,-0.035206802794569,0.5059189915762927,43.15808854697384,0.1012702379717802
97,36.72686534082384,94.27137800034266,43.0,Walking,-0.4726953097404752,0.4060825339968399,1.0058204856754718,0.3658399760545435,0.2981845863746661,-0.3043563160085999,0.5867841944593031,41.17709107493107,0.3720847721805486
104,36.87722608165334,98.00183537384724,103.0,Walking,-0.6114501592155569,-0.4362038421139381,1.518284999999722,-0.0594336509206898,0.3047210344408028,0.1022445253257327,0.346338059137428,64.35973586814049,0.343041303823755
78,37.08628954914192,94.64376273457349,127.0,Walking,1.1677992764495717,0.9834201216937946,1.2513677803234726,0.295856084672674,0.017164181607418,0.041150133546931,0.4097959121338061,51.2013174841966,0.18446619311981
86,36.5246490878252,97.29796024119102,123.0,Walking,0.1922691130467966,-0.5010388680480203,1.119936647189706,-0.3188184400655244,-0.003345444471732,0.1716329951004999,0.5453016961121376,43.96365546075686,0.3390554356895634
95,36.56953302223676,98.227699151071,149.0,Walking,-0.6246503156238825,-0.8496912582834555,1.029861976989777,-0.2272547793932032,-0.1003495370987152,0.3006268133364774,0.4953120330569202,58.412614472990114,0.3120964738797909
97,37.29465390411707,95.84116031957709,155.0,Walking,-0.8029524839959803,-0.3697664509316798,1.6852332861581203,-0.2634086930308566,-0.192677460012686,-0.0355907947756152,0.550632740252772,59.32280461951668,0.3465063491485552
93,36.62165739247615,95.63779417133654,114.0,Walking,-0.000437001149941,-0.5594303208528223,1.4826654495689096,0.0279680385784186,0.3135981711649007,0.3770087912807838,0.5008604964925971,52.74280146851976,0.2003560588572893
99,36.3902004224312,95.41307271508236,112.0,Walking,1.1919256541214285,0.7007603828147002,1.3478142855365416,0.1887851374715119,-0.0538323824307626,-0.3838896347337577,0.3283377263459618,43.88344780637262,0.101297787765859
90,37.11947435809092,97.32533105885028,85.0,Walking,0.5722115957810212,0.3456882218824613,0.8662056224992196,-0.0559942508535312,-0.3517235718357085,-0.1977798064872777,0.4917725312912529,61.17472594689637,0.2814922658258436
81,36.749103948015566,97.21850425512164,73.0,Walking,0.801466967923038,0.6173107939008791,1.4911911093490264,-0.399337638976847,0.3030980568101603,0.215349447369156,0.4641553776437256,58.295432148095,0.2750632583779306
81,36.9295723752648,94.6588392992857,47.0,Walking,0.3509431828116269,0.606458192542995,1.0647353713581382,-0.2421790017287228,-0.1277375452022073,-0.198307580280851,0.347373023604263,52.35896923012261,0.3975462416745673
96,37.11315792842217,97.64555148986636,83.0,Walking,-0.0595760466614632,0.9958827312089876,1.0971584616512242,0.3530921869446254,-0.0410359727410905,-0.1866732830714192,0.5080746599693144,62.532645561630574,0.2302682041721269
80,37.24903785535975,95.46932826611211,72.0,Walking,-0.7991436356481476,0.2430925184131103,1.699500756753952,-0.2282535277104051,0.1374743763985899,0.288127923093267,0.5848763281616788,44.41727026919818,0.1315473888072575
103,36.67615904223625,95.19778045633711,103.0,Walking,-0.8333706976230422,-0.2814675538505605,1.4686800649390608,0.1937967340929609,-0.386244827649789,0.2680946480228433,0.3815236402534489,49.01342978005305,0.2892203284856698
91,36.86068531888394,96.30992149565115,107.0,Walking,0.2864194313346762,0.8101179005315309,0.9269522264490688,0.2517947671514036,0.2919295171901004,0.0601270680618702,0.5215969261075997,66.61121983878922,0.3699294422480497
94,36.41295917932853,94.22020546653876,74.0,Walking,0.891381525468556,-0.0695935758264987,1.627018812337933,-0.0231698195508401,-0.2726235918274431,0.3367771562066431,0.550808507908995,57.56499817302676,0.3238280164764155
77,36.38369273765003,97.4162637976978,62.0,Walking,0.7939172462344872,0.0713558232060216,1.5465518348922291,0.2949400049476899,0.2617135334966554,0.2160293749120575,0.4135053761938908,52.480317018685376,0.3474105783068972
94,36.52747423939654,98.79121371036086,140.0,Walking,-0.4288336154640397,0.5181166964853721,1.0297749783407326,-0.1416644983638686,0.3819817904853864,0.1781367876959847,0.5152211780730531,65.00897943721947,0.2753679059073027
79,36.314302656010085,95.6207791983711,107.0,Walking,-0.5938649530849768,0.204652013074039,1.2700989998647496,0.3678543877642645,0.3144637013513804,0.2411014605826524,0.557484056650978,46.6554473972442,0.1455982884603603
100,36.95530291016614,96.05366069802724,100.0,Walking,1.0529453359396632,0.2617659321979153,0.8995510044851565,-0.2560357977394716,0.293215687084998,-0.3043404342768083,0.4869696201037079,59.076363824954456,0.3709233083787706
100,37.19847521568756,97.27890311330243,88.0,Walking,-0.6474734942291401,1.007088010129585,1.107156157246634,-0.0398355966911058,-0.155932249720813,0.1055319249745982,0.4955795270720785,54.75627131535561,0.1625484152394813
100,37.385526941934,98.23415972105435,118.0,Walking,-0.5206407142108602,-0.9680761627075692,0.8141858590277115,-0.3485127132688613,-0.2349863001531837,0.2054721687039803,0.5445950594603619,46.342790573250326,0.153570227956285
82,36.808060801576126,98.05702478901205,55.0,Walking,-0.9785469851720436,0.0351412717440899,0.8595323450720327,-0.1648205952068488,0.2761902200098157,-0.2392454089316486,0.3263193738585497,61.81828347481688,0.3299860947322963
84,37.14889817261115,98.36846749350916,88.0,Walking,0.0256730392123007,-0.0106524115504549,0.8229669036373506,-0.171139001015764,0.3539867653664144,-0.0424046882513857,0.4508773820071645,50.989570110212746,0.3779026459876526
85,36.68699760585787,94.94281718700756,99.0,Walking,0.0998805265758953,0.296540655685787,1.1108184448041742,0.3836338193786502,0.2805070080889349,-0.3417864156549739,0.3463587132021438,64.4730457668777,0.374922952290791
80,36.36843819683108,97.556215073927,146.0,Walking,-0.4361148104395455,-0.7458429242547342,1.2836705423590322,0.3385380645352062,0.0617887992843993,0.3372641763429338,0.3224236530416268,66.13708760595857,0.1552742515025559
94,36.321174270203976,94.6525144029164,145.0,Walking,-0.7321802910853592,0.1894449458374318,0.8546482077599789,0.0103062527653267,0.0184214874464011,-0.2531019549929846,0.3419246021833723,59.87699065497858,0.2934677109765895
84,36.82929927239769,98.6599179027732,128.0,Walking,0.3822956231655885,-1.0244856472730997,1.5319676761805,0.0980190515192057,-0.3410625629959138,-0.3398175361438996,0.3832018265895571,46.43508035227518,0.3562480044121675
86,36.88283551724289,98.37950996505602,115.0,Walking,0.4788469734449039,-0.5977458409656361,1.2413453709245206,0.2045444551159662,0.0857795812724046,0.1570666162552305,0.3925268201755511,69.45681149783545,0.2950205170420527
88,37.2326424539641,97.2520892634767,44.0,Walking,0.9375621886306816,-0.27171067785755,1.1088397041560776,-0.0871917889401577,0.3397141585560564,0.3051368201998431,0.5340164700186016,62.93184354587178,0.3298697506392695
84,36.68470422718032,98.92463682232209,59.0,Walking,-0.5619326839124598,-0.1639936147316014,1.4531150855816344,-0.0905936938350658,-0.212664007067914,0.2691845766586711,0.4020504707595242,43.575960674529966,0.123222374592175
86,36.66494901946771,97.12429975442892,66.0,Walking,1.0577703023280438,-0.6398243340827788,1.7358666558501374,-0.2947165138625831,0.1320161129795825,-0.0738610362258925,0.4018341439994969,52.18540188796528,0.2217726020170558
100,37.1892341732211,97.24940457442084,132.0,Walking,-0.2309129561932473,0.4406870833496046,1.3629347255723907,0.2742934112262077,-0.1816571305567776,0.0458548475207428,0.3969065564354841,41.76905552286321,0.12364692152939
96,36.37079901761216,96.1324717899534,79.0,Walking,0.3720724131427066,0.8927256535540471,1.7673017532093578,0.0995890446940719,0.0049254389385796,0.1061008100492563,0.3125757778176264,46.67776882299193,0.3261955067863765
93,37.32649313722378,94.6197106912582,105.0,Walking,0.2439797416434272,0.7098653841444258,1.4004576079511304,0.3364360188023315,-0.3632692424180082,0.1787498660287179,0.3739916242014173,59.25822594854014,0.2523890442281249
102,36.49538452199331,95.83365651114391,51.0,Walking,0.0602229389581983,-0.3570683107811653,1.249303216352289,0.1269510292458412,0.0574818582541875,0.1074580441672732,0.5625930813942099,61.85206113518583,0.208474743468749
102,37.06019018805464,95.21599230991306,77.0,Walking,-0.8767245583045822,-0.4008908237488168,1.5762675863074502,-0.3737341166963386,0.18209702345224,-0.1699193777417586,0.425063215459142,51.449995937597656,0.3820780048721534
80,36.70986292800775,95.87925859237647,136.0,Walking,0.3609008046965409,0.404229961375022,1.2881883496730877,-0.1771435536402261,-0.3820456943169951,-0.2422896691689882,0.5120760932017439,68.39985727634587,0.3446001039190933
81,37.22201134299922,96.46251210889892,60.0,Walking,0.9264978635956396,-0.2434051986175613,1.197439277881006,0.1624036289697161,-0.1243127597949969,-0.3756950336897973,0.4582929694054777,54.18452369837863,0.1735769137500678
92,37.04514810904424,95.03149594162495,139.0,Walking,-0.0902906911520671,-0.5047874158638589,1.4486331386676696,0.2707321309743994,0.2129996138752562,-0.2377884783785371,0.3500045891059433,64.02653563418947,0.1939119046770667
82,36.71952316429278,97.9396666310537,50.0,Walking,0.1848373722483074,0.8566225479381828,0.9941806736505758,0.2316926312741806,0.0395169407404011,0.1158807106432611,0.3747521960443225,50.50585577681984,0.3940134472882058
76,36.87232009923316,97.73610876360084,148.0,Walking,0.0090758272148512,0.0055978155947202,1.0023962021790709,-0.3945600059123834,-0.3860647904275541,-0.3942257324559526,0.4396329825279134,43.643339647990096,0.1563861115306993
100,36.6547422086052,94.17314997715104,41.0,Walking,-0.7112436760486778,-0.2671314092168487,0.8473260343078928,-0.0458132909525724,0.1393386862495238,-0.073592606183153,0.5810056064720895,44.9361811105049,0.3098036449165074
90,36.69388492892296,94.90499259821082,63.0,Walking,-1.1959941846158104,0.2339131893819419,1.1330496354687245,-0.0639626987885567,-0.1517219956185526,-0.2854995494185227,0.5380518571588484,56.06902754655686,0.1658425251763051
100,36.78697474942975,96.31724984903828,98.0,Walking,0.3582392506339744,-0.548304020329056,1.7812850315041873,-0.2612026770214911,-0.268517994678601,-0.1051196883520951,0.4781267846362986,53.04869238376671,0.1902571635579086
87,37.34079326366224,98.47089282937156,135.0,Walking,-0.6084282925988276,-0.9823921997860352,1.7845589815585627,-0.2461420288036149,0.1700602967298891,-0.0667405576533275,0.357437596768287,50.74937375581317,0.2144366238406476
85,36.63763627053288,95.50824508440388,100.0,Walking,0.8640425383006607,0.3624679112761289,1.28259666898892,-0.3475960274568075,0.2838457403810173,-0.3269142672225983,0.335060378945515,58.29780179329996,0.3994839157904007
89,36.37263678522597,94.72738936923828,133.0,Walking,-0.7991917995944773,0.0027321076150135,1.190629712207926,-0.281153679584908,0.329948821306115,-0.3404257318404275,0.5150128813768189,61.05074475688286,0.2321719153938523
99,37.26229989683425,96.92782557336592,127.0,Walking,-1.146903491489598,1.002867262630461,0.8572489641768222,0.377864388936818,-0.3351568297222335,0.1469565531216684,0.3546088333291091,69.77559546716624,0.1452827572964793
76,36.31447238925467,95.19115999386662,122.0,Walking,-0.7347867495200102,-0.967252360084358,0.991833457392342,0.0853467852442803,0.0708822312115535,0.2474078163799328,0.3853929315027945,68.73801069178148,0.1465645592685471
82,36.83193664291515,96.75449043341617,103.0,Walking,-0.2758953415257564,1.066497939439434,1.3816013807193124,0.3665726341577507,0.229895003457609,0.0609735029009663,0.3964814297157037,67.1796871186975,0.1902982404631517
93,36.77273915238081,96.16555062334145,143.0,Walking,-0.6380538781322956,-0.9357325816926484,1.5676462758666925,0.1136285430200865,-0.0026994879508886,0.1288210996682161,0.4045236716391385,57.831476917153125,0.3627041490527039
100,37.01671028194349,95.85423714593075,147.0,Walking,0.3752499498547519,0.1068519535973513,0.8560530218616796,-0.0764269667360757,0.2029720393546995,0.078551528632378,0.4009890097151581,57.6678277481555,0.3817836351144034
99,37.11359654587946,96.04795853195937,49.0,Walking,1.092534492836364,-1.1677698298372514,1.0452214919547491,0.0106850489764959,0.0327108408652978,-0.2244263877573476,0.5203470597517108,47.85496708946842,0.2052945972718728
102,37.03459614838312,95.41087217910125,87.0,Walking,0.3198208677896721,0.0545443806425611,1.7668513023945536,-0.3951153537929206,-0.0396257497610983,0.2830112334971655,0.5630220179706639,56.01659578137398,0.310288611452714
89,36.83355678163395,96.73502525745194,85.0,Walking,0.7810726619722961,-0.0140648654254365,1.587267110106883,-0.3391817440664079,-0.359985634416359,0.0384404506090317,0.3990909430294417,57.26279582002586,0.3379152190559189
102,37.16675630715161,96.26661417065525,63.0,Walking,0.1618965705227708,-0.733826531611574,1.598124546214716,0.0911495302665011,0.0004477629142008,0.1919296547439478,0.5823666113850465,56.84666886844066,0.2647975987713786
96,37.18642075532567,98.72047229490876,57.0,Walking,-0.1750696555972206,-0.6185412188462089,1.4114913701700171,0.0622808551805196,-0.2980668030129184,0.1491759819188806,0.440579092343052,51.58743985509451,0.306410855223402
91,37.13390309237238,97.38028318933188,51.0,Walking,-0.1968857445819489,1.1138581121330613,1.6072902348075713,-0.3049753872803953,0.1365462251522387,0.2947517984822466,0.5131015179931702,52.6491140403635,0.2171748656244436
83,37.15181114025744,96.1715996020024,122.0,Walking,-0.440369115317087,-1.174583403792578,0.8514175447560511,0.2098459752056775,-0.2185518366280339,0.078478020018235,0.5164607646290372,51.79187633451672,0.3305413511064018
99,36.56630933002664,96.35754506066117,110.0,Walking,1.1430413476804662,0.0759392882382588,1.1813630485287565,-0.3531787742979837,-0.0591168872594614,-0.2027611521491722,0.4071650699070035,67.62001991777093,0.3933857430265066
82,36.73944834600172,97.04083569151976,122.0,Walking,-0.6357302980382645,0.7535682423094412,1.643269416491798,0.0380528917355491,0.2290696780865629,-0.0701388603464169,0.3775474086730631,54.88461129655144,0.1107482865231818
92,37.12822717153164,95.28393816249807,148.0,Walking,0.327633155608672,-0.3611199476268794,1.5232472387854514,-0.2340423806191586,-0.177367182710141,-0.3721524543641859,0.3187874124639563,54.46530988258409,0.2909514161941701
88,37.29578968813393,96.5036270462768,79.0,Walking,-0.5142093499247707,-0.2343448905267128,0.943938054157025,0.3232756865000628,-0.2531898924648981,-0.2026124872822817,0.432929225695298,57.20458556193566,0.1867840829866817
84,37.0422335231958,94.13974788595092,68.0,Walking,0.4978007488330462,0.960692162160041,1.158659458131413,-0.0793452045137874,0.0358431585016675,-0.2217478524988878,0.5662232904838731,40.3678969365963,0.33423872264436
95,36.80569435353479,97.5072627905322,91.0,Walking,-0.2495899951474213,-0.4926661091916245,0.8560196810509737,-0.2647645553398744,0.0699627623608125,-0.2836151535904815,0.3612885436389017,57.21903690807673,0.3646677860037401
93,36.54116330589794,94.8089759132624,105.0,Walking,-0.4440422291139826,0.9301427949059022,1.6600770087434864,0.0066275938234374,-0.3735152322432508,0.1596712487473132,0.3043778847240081,69.37614826510035,0.3170597711772918
94,37.36518588059978,95.514271019145,124.0,Walking,0.4648129832654715,0.3505042089467429,0.8613870433768904,-0.2638411777857647,-0.1050564645284454,0.2917088065300595,0.3680706184038921,66.01665611528625,0.2271338540781482
102,37.11389151994887,95.30754972565067,159.0,Walking,-0.6105650620593748,0.1825552675258845,1.6828945864500688,-0.3030101774386422,-0.2399514582816975,0.0457884470990453,0.400622954037358,44.36263629464388,0.328864192270369
83,37.13580781192612,97.45047114759848,91.0,Walking,0.9906675472297268,-0.0524833458466615,1.2857195593434536,-0.3232944276126935,0.2220515366328523,-0.1232127351338409,0.5971457609374857,41.783730000891175,0.2516915005739222
78,36.48756196152823,95.97783980995806,94.0,Walking,-0.4313733241817383,-0.9493244633889664,1.595723346481106,-0.0041198749552921,0.3375498032477694,0.1448311687979364,0.4005779845992555,44.40913088044381,0.2856039247518142
85,37.21542909932124,96.47062215277852,84.0,Walking,0.4345661983776339,-0.3970720372676259,1.2670997684107177,0.3738330109421294,0.1560925833324747,-0.3088595136978787,0.3462045749607597,63.92400151547449,0.2723470332214481
96,36.38243515415358,95.8275538384202,58.0,Walking,0.9577041611989404,-0.736310887559771,1.6271489631373794,0.0305165884627044,-0.2966123174854858,-0.2678887950455507,0.3027505108657312,57.34693883764465,0.3519396444190716
100,36.31277423980405,96.67630054246264,83.0,Walking,-0.3260577692770897,1.033030226384619,1.63775900212586,-0.1101202134295108,0.0998159234924875,0.20057905758205,0.4560533918571277,67.20370487473039,0.261427608793722
95,36.678254852578974,96.1205979905359,113.0,Walking,-0.1864019325963093,-0.3414503089966557,0.8418327285226523,-0.0738517070770128,0.1947047863615498,0.3801269445196674,0.3271189065786814,40.3207179449516,0.2662567720596528
92,36.816458497199896,96.16714731962963,84.0,Walking,-0.374698171979843,0.6366909935657554,1.592472138775026,-0.2610805886070899,-0.0208830891044505,-0.0551133119077847,0.5065795345717927,45.70632153895515,0.1781071746092304
101,36.962825139491656,94.37229018101137,67.0,Walking,1.1396135731731725,0.8777860182068287,1.060995716207062,-0.0954914672610312,0.3703758503260946,0.337733833210318,0.4033562947032856,55.34836888461886,0.2077220775587661
97,36.42029925304359,95.42964956675128,87.0,Walking,0.7092961971677174,0.3573819735518175,1.5349966144173697,0.1341275301168323,0.1927284117058975,-0.3396905084034392,0.3041322939069845,51.18700328302533,0.3254598677369515
80,37.20412983773748,98.99979729982856,147.0,Walking,-0.821345164350196,-0.9174306509233364,1.03845351278293,0.1929055730701552,-0.3369393213578497,0.3038519894762775,0.3525269558371016,52.00674221029499,0.3282324802216552
93,36.74065834481255,96.56558452581748,150.0,Walking,1.120184979129722,-1.1288793572223186,0.9484472095389704,-0.2605733819960807,0.0385677934300724,0.3498091871078751,0.4313108446366577,42.75780088024906,0.3517426583619553
89,37.28885363449167,96.77213751975808,77.0,Walking,0.2171651324009504,0.6616417312482625,1.2280047653818729,0.2070648288015503,-0.1781827325062557,0.2700945504060941,0.5665492655406277,55.07525446391118,0.3542924664323839
91,36.94623623330207,94.7004889743424,94.0,Walking,0.703595614890719,0.0828484892765997,1.6571280086599698,-0.3396039086447526,0.3642371578930271,0.3737410556779577,0.4762569955319804,49.82486545985702,0.2650004538038172
80,36.44328620483355,96.30722258214152,61.0,Walking,-0.3261721236167798,0.1558217628405473,1.6402750518355385,0.1341397718715014,0.0210465519663364,-0.2108970522893988,0.4589474359712518,54.02282782558933,0.2305155239577366
76,36.971268511239536,97.04359916276177,62.0,Walking,0.3080611902357737,0.7682605891156054,0.8175689460633205,-0.390923369246542,0.3166399171398407,-0.2789893463189249,0.4458779533429123,56.30001908212042,0.1462952475347028
95,36.87832716754139,98.45038854209588,109.0,Walking,-1.051709901870824,0.9598792131109252,1.0287752604585532,0.0576072458461628,0.0016118526342976,-0.162903531953503,0.3487638786290246,51.30168757333898,0.2692571345802468
85,37.13133796704981,98.33112884410876,99.0,Walking,0.396339717943897,-0.6265884122264614,1.0701077147924445,-0.1277547629623254,0.2019417947663185,0.3346823974071408,0.4435151667379819,49.35148875238424,0.2020129412688833
85,37.29832347311356,96.31632412205064,50.0,Walking,0.9883822377076112,-0.9727298289631304,1.3563159509934533,-0.1623307774524334,-0.270558545921431,-0.2317570280729201,0.4596080294548142,59.155944693373854,0.2337273546355724
82,36.94284324478701,94.69230587984396,103.0,Walking,-0.4669702719763747,0.0316609394620279,1.3787145600838755,-0.2861223126779917,0.3518596273357521,0.116973690789887,0.4180660928792413,65.43722628351577,0.2318097843739966
79,36.86472105853819,97.28289456426774,42.0,Walking,0.8209840257138616,0.8931959280783521,1.4117839040645943,0.0692934245647401,-0.0271102135464069,-0.0495848902891705,0.3674693198604675,41.81082057406327,0.3074961499958413
85,36.416223486752976,97.31564041804266,68.0,Walking,0.7498418517634227,-0.6939694098014871,1.5643970761814332,0.156913453296997,0.3568351672464676,0.3473297213223489,0.3962770703274304,69.61635059795182,0.2903588331526812
99,37.03567834101884,98.0504564146829,136.0,Walking,-0.6388456097555891,0.6192019666894633,1.0355996774100789,0.3530620428430973,-0.0854212783233577,-0.1330542614928156,0.3728929112893287,51.27880331678167,0.2070181539872528
81,37.194412012689305,96.35668025124129,102.0,Walking,0.1706785765917586,-0.6340335815191881,1.7132411517312816,0.0999852604304383,0.1134967892235081,-0.2673377275931439,0.3279061026537613,59.87537978287562,0.3238026824780894
89,36.74981828245286,96.80587431633867,83.0,Walking,0.7876254900560342,0.3297190256467468,1.4537662808428675,0.3775473104044139,0.0030971638490108,0.3172667100121135,0.4504613838821359,59.86895917462944,0.1900384067573622
83,36.45406864724866,97.10707789542786,90.0,Walking,-1.1666215116034893,0.5292319412998134,1.2567211324367675,0.354319471121212,0.237872221034104,-0.2741139551151366,0.3787924331627716,69.46364091814276,0.2420491617927176
77,36.868482270566936,97.6899119114836,114.0,Walking,0.199185659412836,0.7490372999432526,0.9276485466586843,0.2516622367130947,-0.0349857047920901,-0.3283432162064005,0.4906087035918646,60.67036701120398,0.2217682331682748
84,37.13040478548507,97.97440978755988,157.0,Walking,0.7466063661006688,-0.9442189335673156,1.2158220173602723,0.0673971597257978,-0.1050088143258214,-0.1478322264565343,0.3987349022685397,53.42937413174673,0.2616871957198449
100,36.969856612426845,96.87313093011116,96.0,Walking,0.7603495564388221,0.2117281285835588,1.2905352140905233,-0.3268228994480457,-0.1944186330803237,-0.2548667131216348,0.5832174707131288,62.69971743807872,0.2048649413283817
86,36.74039542057521,97.77285688906036,127.0,Walking,0.0122266538354625,0.6491746088179411,1.294968466073815,-0.2049900072064811,0.374178303652209,-0.2341851860390447,0.3967634522045524,64.3772562809723,0.3456205918634243
94,37.380489900159326,98.4513980097149,82.0,Walking,1.1700987095047035,1.1718664571318078,1.3168858825838052,0.1691479559206855,-0.0001431391821291,0.0170862369165119,0.5022184126743561,62.42832809413535,0.1662363523947503
84,37.2513702729353,96.21130991476711,49.0,Walking,-0.9284702057129326,0.2103755652209569,1.1389436103330066,-0.3548950089522662,0.1034492487696405,-0.0208936880029931,0.3985553129555228,42.86329756549679,0.1640811254583464
98,36.92701585813085,97.13471836682696,109.0,Walking,-0.2741880658176826,-1.127867517813627,1.1859697011193149,0.2269698698447927,-0.0992049083404359,-0.1014918904113544,0.4323762206134098,62.49583880400599,0.1884488066366216
85,37.21018194330499,94.75885659625712,120.0,Walking,-0.1078226826574071,-0.8206049412307423,1.0417986561464776,0.0327870859140963,-0.1037973328582872,-0.2499422012195772,0.4139432029602707,40.42977912477825,0.3602709134543922
94,37.06745848364941,98.73539440245452,45.0,Walking,0.9629494355338476,-0.6642066077982476,1.680672860883318,-0.0326543902255882,-0.1239399970363201,0.1816519540847897,0.5386617516649312,46.89095698732167,0.1853073053594702
103,36.89953017842949,96.12735372664343,54.0,Walking,0.7163498797659513,-0.6897410479431084,1.354787922183938,0.1678491713039556,0.1761732972440756,0.0793201411414138,0.5884715662685418,40.46412745690328,0.1926382118449941
93,37.0655183881622,98.70598550476512,48.0,Walking,0.3910431784939763,1.186912987630732,1.1257463034749622,0.0637101954470932,-0.0046796270112439,-0.2828487313228693,0.3681513855970068,64.12228217982066,0.1600521972446947
102,36.448974199475366,97.6981315509376,88.0,Walking,0.7111608776332001,0.0565997372750668,1.0742916601871002,0.287583586483446,0.1179517885028131,-0.1789603495789488,0.4020299988752354,59.35130463518935,0.2919039688785165
97,36.836715612003566,96.05359113132036,108.0,Walking,-0.5588364230336084,-0.3798223761155236,1.2474156301729766,-0.0857270152313492,0.1563010870588658,-0.0669390062283812,0.4566506953546311,53.294697492428966,0.3900359483508793
97,36.566480703055646,94.4552350769159,149.0,Walking,0.4389758293758192,1.1996178442671803,1.039770680271762,0.3375800085220937,0.2656865926860549,-0.0693821713165097,0.5682471124287496,56.08770712729951,0.3070065411762526
89,37.27720315565789,96.96100954205994,91.0,Walking,0.7697406614532054,0.6679289240735582,1.0172614277193412,0.1752128435524471,-0.2759871654374846,-0.3345337484820568,0.3777737577066448,69.54446606026883,0.1294112055992058
89,36.31454198990512,97.10521929391489,118.0,Walking,-0.8364524495094399,-0.0603797289456107,1.2309384331345887,-0.3476449629945234,-0.028906606776258,-0.1982916591954007,0.5938410074832828,44.407886471854496,0.1261648636135017
103,36.59946750326421,98.54573203648968,104.0,Walking,-0.008054695107998,-1.0128894392287648,0.9138392195777182,-0.2449626165957748,-0.2161703162608098,-0.0845649384998231,0.415016097028431,53.40383211603023,0.1189351631670693
90,36.51929224121165,94.979989291489,108.0,Walking,0.1510361726233511,-0.2360420149417298,0.8982341020246717,-0.3034731254045824,0.323565759885691,0.3759549126480926,0.5055160814131903,69.14637293937467,0.1943448513182994
79,37.27855616530077,95.20551886567227,56.0,Walking,0.1873610770281737,-0.9336149451051146,0.8858158361630021,-0.3362832367489239,-0.1789570250702172,-0.3991999790773775,0.4974818414351297,40.4437164145963,0.2475340743103271
86,36.74645965179495,94.82720104433636,118.0,Walking,0.5706784179361737,1.006214433516248,1.2472507538229722,-0.2774432469622584,-0.2645410017808791,-0.3650424881583389,0.550486395421345,67.14002645224234,0.2414234473609332
75,36.36521308296855,94.8734075216572,150.0,Walking,0.986024132471363,-0.9142834377030712,1.0685246159581705,0.2589432298245767,-0.2552938454735936,-0.1128708891517754,0.5838692044649214,58.11037034133311,0.1051612534952149
91,36.528121267383085,95.65287114381096,112.0,Walking,-0.4321067760655472,-0.1628337127465737,1.4014416049847551,-0.2210782357246691,-0.118914268269924,-0.3546631408826921,0.5558591300974125,56.37053559729005,0.2945161062917046
86,37.3078552084817,95.5757289549356,52.0,Walking,-0.5666288702214893,-0.8544134471987228,1.773383265938203,0.2077180340784674,0.0032019905929012,-0.1481361144202653,0.3762102490886837,65.6087428586654,0.2473022496553102
83,37.35502643176297,95.10615143078584,63.0,Walking,-0.7065218546704402,1.0563093642484154,1.7840889940365918,0.060121652090565,0.1145377236632637,0.1081795773095074,0.5628467530876259,47.43299895560821,0.3551633991072176
86,36.984141675740176,94.88988037953646,155.0,Walking,0.0496728297287913,0.9106139262713724,1.2038978031029202,-0.2300957603458266,-0.0805486714006089,-0.0477656046435935,0.5682068166235807,48.63726158660289,0.3840732167476932
88,37.26111753917609,95.63869646471424,132.0,Walking,-0.8513029654848419,-0.2634685005697981,1.1268543939936992,0.1500452884287472,0.2950701395071372,-0.3128530278667063,0.3877531615691028,40.26280639663834,0.1276527639422558
80,36.31726568164279,94.73989048178105,67.0,Walking,-0.9273510851617216,1.0543451492972784,1.0674571462312237,0.2594195093856626,-0.009272762737127,0.3682781745798803,0.5705034350412175,62.02421385893936,0.145872360308744
104,36.37071830302091,97.49540550529758,146.0,Walking,-0.939159588179773,0.0126182490940536,1.5901584268112288,0.0536914304106986,0.3391557111723532,0.2297859253831048,0.5644882515734526,58.44736478478123,0.1354007425793745
99,36.62150029369276,95.72212799260298,67.0,Walking,0.2996019100214222,0.5732161454809606,1.423746503988046,-0.1774504084178179,0.2663298227166727,0.0392172756315417,0.5170279989549943,47.516401860319306,0.1698293305846756
99,36.67570597407879,95.78630474056789,91.0,Walking,0.1648113880773674,0.1880874263997205,1.2372946655843935,-0.3818965153421125,0.1959184286127749,0.2812303662004946,0.30684966258747,61.23941214978771,0.1755795664637536
81,36.67786871200564,96.59426106080971,102.0,Walking,-0.7253061265974082,0.724231220837865,1.6113332324782244,-0.1244951740622498,-0.2706488534480432,0.0291544463998278,0.5789772955401464,44.46993948164027,0.3958551908653036
86,36.31113769168289,98.9788860472973,79.0,Walking,0.4156335804210422,1.1589527888122058,1.558486278395352,0.1889820423488377,0.0838745499322085,-0.2370654041469265,0.3092684048125303,43.49480518761886,0.3399012502253046
103,36.708154397296106,98.76441148859988,52.0,Walking,0.9248015391432294,0.9045950170695318,1.2482658341497632,-0.1756296461905127,-0.1176805047054627,-0.3499343754812607,0.5474735702188107,53.52080808425636,0.2025867933598562
104,36.473849329196895,98.2630369128783,59.0,Walking,-0.6260397710987246,0.0611493764168407,1.7902188960979104,-0.2696106437442405,0.3804649614540675,-0.2281837251821306,0.3589953396356516,52.1249424592915,0.2486788597579518
92,36.7587731170373,94.62138784789722,126.0,Walking,0.930617113705899,-0.9368793092093513,0.8466148744219737,-0.3983351302144975,-0.292908494799643,-0.2614645254882575,0.3934252462798668,41.80001363618142,0.1929105066883046
86,36.916469852387465,98.37054596664612,64.0,Walking,-0.6403795963046673,-1.1554992407036562,1.405927770198185,0.1427815980509698,0.1257256423042979,0.1441448305309769,0.5033391784895442,66.66984710505614,0.1580770550880558
91,36.780427946585206,97.87323152107744,57.0,Walking,0.4077927119025073,-0.8333409024911383,1.6544776093150504,0.0706865681366272,-0.1713198203264474,-0.1447992105254492,0.3578631723913337,45.95760446491539,0.3373362603063113
83,36.64650368806059,95.2565806230454,102.0,Walking,-0.2752715312783441,-0.3041361505130805,1.2320461260416875,0.0602498374942273,-0.2437515613173766,0.143403034679719,0.5667344020773529,41.34533818122389,0.3307618932502353
86,36.67922297413886,95.34309336309477,122.0,Walking,0.8925940580527068,0.4361574476008187,1.0965569724375723,0.1996242966780073,0.019279756808107,0.3626988884614476,0.3432236372282707,42.53832434629216,0.2248120080301496
90,37.09531132138617,96.9195975721839,88.0,Walking,0.5428027046100734,0.2548578964943822,1.310338693414303,-0.1801796932495802,-0.3154754637481433,0.2105257119683246,0.3138857692803565,69.59878707352982,0.2738443230455121
92,37.02467444192583,95.06826929288562,48.0,Walking,0.9046481650313034,0.2583638946173705,1.7852851834288457,-0.3129808519190868,0.2008165174612993,-0.179013009250384,0.407943462917968,43.79760710543884,0.2439955667229316
77,36.7543192690918,98.07005354138614,142.0,Walking,-0.4712951078622237,-0.4780089867005624,0.8064803008533288,0.0454913995487481,0.1126141958342878,-0.1394677696667948,0.4039913917250611,53.05006342605871,0.3871347990024902
83,36.35355005583503,96.83078194949222,99.0,Walking,0.3387820615917427,-0.0153634869137793,1.5876690744065418,-0.0287584776841413,-0.2962357639699687,0.3918910338732936,0.4028438626411624,65.41256479583159,0.1284241732554087
90,36.472475394228525,98.1835615170824,54.0,Walking,0.7994198505998116,1.0342229865348826,0.8852357210414687,-0.2948968843633694,0.2036690315437245,0.352189703499602,0.4088249545975631,62.435201324671446,0.1690605933336647
86,36.98071566123268,97.08041960069146,95.0,Walking,0.272075607134584,0.108706443440008,1.1710503810726274,0.218962303641256,0.0176930267672374,-0.1266694971916873,0.5808248549522395,52.372118866307815,0.2194544365617783
95,36.920819329809326,96.67881184663264,147.0,Walking,-0.2610344522901539,-0.234125245261073,0.8561949934436667,0.0995779759659254,-0.2185782315510065,-0.2015366674478918,0.5437666580136845,63.08414911630753,0.2151473264829243
87,37.20953277345205,95.93591552967123,75.0,Walking,-0.4492633229019167,0.8248387258242345,0.9615035386691866,-0.1324844895084208,0.3491427603605718,-0.0911839125464165,0.5509470759822326,50.69438742473999,0.1665135800637478
87,37.08801436168079,94.82001460153823,111.0,Walking,-0.5146108289492435,-0.0792993423561363,1.5374773834748003,-0.1288693286361499,-0.0667487516281755,0.3144546558247559,0.4785810756956473,58.72507936944172,0.2257536462102294
75,36.33712562416636,98.59060405007916,156.0,Walking,-0.1937207296119967,-0.4054811982186247,0.8519790914793551,-0.3496949625697965,-0.2545676906392694,-0.2897459672405568,0.4296366356720418,46.23109307969548,0.3255216131889813
80,36.90591051037819,96.60570294682776,103.0,Walking,-1.097809651346395,0.2806992401510577,0.930953984160334,-0.3145789306709832,-0.2538645730460384,0.0906911158622182,0.3479399439345969,56.65264304449866,0.1103329013130124
75,37.0629737515025,98.90482849535832,127.0,Walking,-0.0187349024584859,-0.4778985609031111,1.393096401821904,0.1999657667166223,0.0137105387235164,0.3659182401800932,0.3573833529772641,60.07390489662411,0.277995144986578
83,36.319539723834815,95.964174183529,146.0,Walking,-1.0588654770400996,-0.5742573869136532,1.69719875444399,0.3743450720858681,0.0697133386074272,-0.220782824761402,0.4251382467839323,54.07264502353,0.1048323598612884
93,36.72309842998754,95.7512767059428,130.0,Walking,0.9550923014649092,-0.0421005558445894,1.1706805929536488,-0.3368086660841334,-0.3559499225387861,-0.3763349134210509,0.4773530578166528,51.42223371073122,0.2619980558372958
89,36.72733668109189,94.22736987054606,99.0,Walking,-0.2770259110570633,-0.3552825275445023,1.1444045413845123,0.3110365241925058,-0.3475401598833242,-0.2662897269640998,0.4495140321248952,57.51561704582292,0.2123210799741662
90,36.531530697812144,98.72369420670216,76.0,Walking,0.827510070961347,0.4845321804414257,1.413401177446206,0.0518554989280481,0.1069132260314795,0.3980200940969889,0.3880137880029769,52.77403617370332,0.1873774939025609
92,37.13761060503013,98.03288469118348,102.0,Walking,-0.6134853519288136,-0.2381037562387017,1.20886440339132,0.0963805250380365,0.2167526475589514,-0.2882460766260111,0.4723381872330837,57.05853946889469,0.1672214649766047
104,37.02380240424646,95.07515408625034,150.0,Walking,-0.0776234237047364,-1.1381151672204446,1.0579971996267536,0.2388951413534873,0.2055062362818284,0.0036321656785999,0.4630998129908482,58.66202867985503,0.3740347673506916
96,36.95433546420105,98.33097647860444,156.0,Walking,-0.6282817343412318,-0.5392451509422426,1.4653106385811698,0.2081126183339524,0.0221085030281975,0.2863995379447475,0.5850666916922558,66.96407260859206,0.2685956560014114
101,36.97550228681519,97.85021410125673,68.0,Walking,-0.2511520180875976,-1.1847622985706567,1.1116667731279946,0.3309249750958196,0.1452026099938448,-0.0672622073918673,0.4753950700406104,41.676852269703154,0.1460675620284017
95,37.169252903088086,95.34881903224677,50.0,Walking,-0.5659669306785119,-1.0589915532939014,0.8213056616973279,-0.2778233793965048,0.0638182531796768,0.0816382553822102,0.3455191820324893,62.32921911504887,0.1968130757710544
79,36.621302623853374,97.30540007061904,93.0,Walking,-0.3954365601816771,0.9312251690674966,1.61684654188242,0.1141410877112965,0.3542942423201597,-0.171105142285062,0.5593838562927274,69.17667800871769,0.1939602373234415
100,36.801910525108845,97.8318622965706,70.0,Walking,-0.5098005822970573,-0.1456843330766142,1.0551727265035535,-0.12686658791139,0.0419937721712663,-0.2465000688449988,0.3029725700232266,40.56407344373923,0.338154143793865
95,36.93888830403541,98.72324297652048,69.0,Walking,-0.2485053105603386,-0.2870993928023096,0.8350768155025317,-0.049565790906146,-0.0520980049759237,-0.3426163267275155,0.4219344193299172,52.05906827675631,0.1860277295706161
95,36.334087244275175,96.42577566775964,118.0,Walking,-0.5060757165525193,-0.113163530697615,0.8608177231755305,0.0684321854876614,0.1771650457836719,-0.2561643941747683,0.5067357008728547,54.01674694652911,0.3433486033688472
82,36.52446293792094,95.2404962003806,129.0,Walking,-0.399911803760922,0.5219058520581321,1.5494090416580135,-0.0099150692165481,0.1911114512476814,0.0945978739118728,0.417475331631239,64.4009256173166,0.1114828458056269
96,36.81415205201623,98.759675008994,87.0,Walking,0.7597382376875403,-0.0779516124151296,1.0897320603032836,-0.3537765339586057,-0.2058372247507307,0.2631445498142336,0.4269785254309728,69.58388227407329,0.3226170285736633
101,36.89730574335782,95.54319807658132,82.0,Walking,0.870884333209651,-0.5747338713376202,1.7684957411615407,-0.3415566245266881,0.0424216287763939,-0.3709641526682153,0.5170755193444302,62.31367612184266,0.3271625589518644
75,36.43781490799893,94.51128870713538,55.0,Walking,0.683526572544706,-0.3176194362078068,0.9938137257535792,0.2282051525258439,-0.0479268059580166,0.1317502179144037,0.3777893948286784,48.057167459509074,0.3232721207742112
97,36.64395756239736,95.6156656895443,144.0,Walking,0.5429708232514225,-0.9624227667384648,0.8118161564238269,-0.1589580307903759,0.2053064721226042,0.0127867239058443,0.4746890746094607,48.04213845629515,0.3640215526328433
85,37.3640136406651,96.9257480852162,115.0,Walking,-0.3601683181552622,0.3040520223476393,1.4673577631795252,0.0619637200810884,-0.1913899820229589,0.282723022262872,0.418493106108492,42.84581754265525,0.3877360504655609
77,37.32038511863183,95.88139657898,56.0,Walking,0.9056069206466766,0.089632770345698,1.0740582296197592,0.2935391237764039,0.2330795647252909,-0.0890924211421078,0.325360877684556,69.099541018515,0.2385952368268553
85,37.10714866662915,97.50332240940962,103.0,Walking,-0.0336690689473213,-0.7657281615875291,1.6395487103228628,-0.1095407198478706,-0.3004099324845837,0.3592380869648947,0.3824248362222197,45.19129331179303,0.2940841669728453
145,37.88339642779811,93.56596280514688,566.0,Running,0.7281647077276348,2.3443447757372207,0.7714380712199091,-0.1557267462155656,0.0560009277080941,0.9816086985634837,0.6180591865364085,24.64910902458125,1.0541343479332652
131,37.80348005310374,97.73518011594471,454.0,Running,1.4330106323440233,0.5708048383202957,1.4404360704708423,-0.5974091651071933,0.0127865428186888,-0.5532170764361002,0.7751572062624128,30.438086378288386,0.7841489614543353
130,37.58466933199232,94.50864728932272,649.0,Running,0.3213740117091026,2.1271665993117344,0.9550267670484052,0.4931811825556385,-0.8601922697550692,0.6816076558518107,0.7556083305406257,21.364035790366337,0.9873253278291492
125,38.052416214534446,94.0737520126899,384.0,Running,1.2514873153750723,0.3319175235092069,1.169158187601011,-0.4128795367801889,0.878574103518206,-0.987111291940515,0.7379011402198401,42.71496141835165,0.7715811257703069
123,37.54148324621687,94.32079928965123,543.0,Running,0.5051819669740261,-2.243990258084525,1.6055202091218352,0.1668945307880567,0.1216375568813363,0.891639582651677,0.7099219909283103,35.63384982039264,0.6371463413452945
133,37.94587423658148,95.83663332734496,437.0,Running,-1.45155506027566,-1.0971420996881305,1.4589548756996435,-0.2348096672094577,-0.0923574181050217,0.5880798221871344,0.714588902395505,25.311968813438703,1.0061845348599998
122,37.10081157973915,92.48597689690132,593.0,Running,1.9295617522356137,-1.4866715351245268,2.204692205489009,0.3264121866187415,-0.9825276801113516,-0.9501188528543764,0.8121523642543962,25.762490761272467,1.1792794664401445
134,37.71623114935806,95.94153762128502,397.0,Running,-1.8919097007202323,0.9578828637717756,1.367369888395166,-0.5931901949062204,-0.48699939628739,-0.9674893675513908,0.9950996011564254,37.32782853179706,0.9541418661781148
127,37.00754471758607,96.37712432484798,454.0,Running,-1.3802101886450928,-2.404246288428716,2.3609773970944548,0.2071926591078163,0.9134168270686078,0.477887279799627,0.6711462116216697,34.3598533502048,0.7560595286583397
153,37.1884003682932,95.07897859144752,470.0,Running,-1.6175091560299708,0.1164201768597621,2.9403538622445207,-0.4087915493496799,-0.941649029893756,-0.4485057478767373,0.6027771595489418,37.57948038479427,0.755168051038123
156,36.85509362283298,93.34925501776084,510.0,Running,-0.0817480698194654,-1.7844492674455448,1.4951034211327336,0.2764727894689953,0.1658459171602249,0.0794413493600973,0.6084396607200369,32.468472131903,0.6502515700506981
128,37.36538153752417,92.05492305604132,414.0,Running,0.853419347201283,-0.9579206494438868,1.7718449198456592,-0.992534062445882,0.5315909866185109,-0.7917122036938147,0.7476134940500587,40.10811340383178,0.8978527362117512
155,37.29267185727887,95.2656268728926,263.0,Running,1.2612137754048924,1.4911017566512212,1.487446698374771,-0.545760288385249,-0.6498028739894055,-0.5403684683665488,0.6400655431803834,41.664935188241785,1.1624678647422295
151,37.62551673353718,93.9712100088936,488.0,Running,0.1226009661425791,-2.3979493328057515,0.6652513323411917,0.8671204300398123,-0.4982536245880857,0.2084484131922233,0.9164878260813965,40.431897845837725,0.9291082510607964
161,37.18052833984232,96.9224459163497,342.0,Running,-1.653352863605516,1.2272989374270624,2.4017121462990416,0.3167099337118126,-0.8688897530747515,0.9576413257478162,0.7726706130395677,21.40775384106608,0.993920616364373
132,37.73360620040683,97.70506385037652,410.0,Running,-0.2522315487218463,0.4236115498117958,2.1725527600891,-0.3496647491819327,0.4726772385704425,0.0648171084949311,0.9135456408304776,29.609490684671112,0.891442241217455
160,37.81901189269952,95.21147418026176,595.0,Running,1.22457992198304,0.9318777867341675,2.476284906080542,-0.3660002842684724,0.1749335661227842,0.4840272304936885,0.7637145889680483,22.57271902819033,0.7266937823423918
147,37.10877003872747,92.36462455651602,616.0,Running,-1.739805072482555,0.4073072402757676,1.995595839458338,-0.1583790113883212,0.0509913993647226,-0.5713492974819525,0.8110056544267059,37.14741296727139,1.1390106147712045
140,37.59845147736978,97.6370865667021,428.0,Running,0.5023169976287596,1.459623400725813,1.3075843055498817,-0.7736927213825082,0.7080587448538136,-0.1465622306245129,0.9931096482958756,38.117541417722215,1.1426920238983418
150,37.18368587666367,92.63558466218342,504.0,Running,-0.4854262833081311,-1.5286323402844393,1.400258293795089,0.2870597177882934,-0.2171236211903333,0.1659126419154519,0.6982819337115479,42.98344721088553,0.8830155107666442
143,37.60103574708758,93.01750673380532,426.0,Running,2.233385972474734,-0.1742254288021221,2.683117242566765,0.5685309027594925,0.0481428954786955,-0.9662564625557788,0.9441519474002416,39.33078331009039,1.1551576268812649
123,37.755452742558965,96.12868979993289,555.0,Running,-2.247485394708313,1.506989522410513,2.631646386926242,-0.0789169151605002,0.3932999675895459,-0.7531020668406163,0.7423534210464675,20.09083676267401,1.1692349739745098
140,37.48731721931466,96.07705223046474,422.0,Running,-2.437191629127641,-2.109161545428805,0.931485299127956,-0.5146721346719969,0.837431893719575,-0.1385395718170126,0.6886713706885015,34.387021117031736,1.006724326576912
151,37.557881191408654,95.22960178048815,639.0,Running,2.0850973968443736,2.164916978091483,1.8835014267805223,0.3367011661430588,0.1187205934520496,0.9566671454646812,0.6355169640913794,44.70295873319096,0.7546720798423913
126,37.886776992146345,96.54043949777828,483.0,Running,-1.897378245258148,0.632349969224145,1.9588946423088929,0.4426563644407426,0.4568527645005047,0.7077197671765028,0.8683761975425681,44.252370240168986,1.140627541000518
122,37.34191698378496,97.35616744099204,604.0,Running,1.1319367864523056,-2.2188796069843497,2.8934230135803327,0.8159183760947213,-0.796716033917005,0.0520178998601772,0.6570633020899719,41.77518841733929,0.6258621530836156
146,36.93684808056982,97.35614322784002,512.0,Running,1.0374551221061408,0.93336008754493,2.686598951355504,0.8703670728880515,-0.5863255559931397,-0.36189157917984,0.679068697335132,28.69191036668873,0.948577072925413
125,37.00084530442975,95.91280353740486,344.0,Running,-1.956838402612812,1.6247693535996994,1.1494369312523516,0.025714395166857,0.5410859486074531,0.6213943147763497,0.8267417985054354,29.68135381619121,1.1460796347021551
123,37.86117123624395,94.74212865802724,398.0,Running,1.700152863536566,-1.0027844390129288,0.9049939918960024,0.8397740878810214,-0.8249967433610359,0.6527981685734998,0.9562694759840482,34.84425455653762,0.7970979534504267
143,37.05610374939386,95.8636485738063,592.0,Running,-1.2916147608977135,-0.1666273002706777,2.965884818337472,0.3665690044984195,-0.1979450499647568,-0.2019446808441432,0.9388233811073252,29.836394889234903,0.6147613977869559
147,37.85982401879437,95.9123643102692,505.0,Running,-2.376040731259553,0.024341061373307,2.2893856083545665,0.3629490328520113,-0.4835310658921015,-0.7996490832542384,0.8961769051545543,29.061635927734205,0.9267125670736068
135,37.90974398250333,93.8172958922686,630.0,Running,-0.5850235149447851,-0.8295862513640728,1.1598319865845048,-0.1221472612404965,-0.1127309092119612,-0.3851177546049549,0.794201882062311,33.81963811294368,0.9404331364383888
155,37.53964078582221,94.5058904546231,323.0,Running,0.4926937333571395,1.674179961063964,0.6426616728382821,0.5067661173546618,-0.1522337438744041,0.5087770648567538,0.8864714448557321,41.36019055323764,0.7434157701767163
145,36.83822327390988,92.93049043213236,427.0,Running,1.6327809021803272,-0.2732026938697354,0.692721559760447,-0.4096864558318696,0.4732010146452183,-0.3064275109771761,0.749961974842245,27.52220875952684,1.193181075009938
143,37.99859224552035,96.486449991397,461.0,Running,2.4595554753313458,-0.5845810784075112,2.0737235816599675,0.0023867864571591,-0.1069567161525024,-0.8177410282314561,0.6414418030494238,20.344246830645428,0.6772988022758936
124,37.39968160205978,95.32102468555772,384.0,Running,-1.901723165813492,-0.6609910949465587,2.493928578063364,0.6749010625157437,0.7793316985172132,0.733240394003112,0.6120342882759903,20.34345603532553,1.0342365498636938
157,38.065436144300406,92.64280762626588,371.0,Running,-0.0834337952237218,-1.4475908889138334,2.8568167734438816,-0.3873191886400939,0.6448804268917201,-0.5509921623426526,0.609242442178237,22.03600597885741,1.159281558354576
136,37.071019680831085,95.222244758404,632.0,Running,-2.1433499978431145,2.391193844004979,1.1551613463211925,-0.8092016469935437,0.7417149244459871,0.7863904450670738,0.9409125493334684,21.53656413800774,0.6706163217061523
132,38.02234565125721,93.16807873468674,494.0,Running,-0.8115622604158901,0.4949617737472329,2.483874329354207,-0.3483011265831532,-0.2725003809416391,-0.853392423657521,0.8109085801533291,29.514908689903244,1.0111995059087922
158,37.1211966637701,93.66937805741853,462.0,Running,-0.2564154136096079,-1.5113607518031136,1.4771348857640685,-0.971212860763388,0.9302633387879392,0.8330033586449217,0.9286786797216864,27.89157674375721,1.0283213157464817
145,37.46273852841759,97.44949331385324,259.0,Running,1.044252216385504,0.3465652983908902,2.424668280076715,-0.6630732966545791,0.8948406661275754,-0.3954717648125077,0.8486749895198942,21.94157010253174,0.945572588342138
120,37.72075785939841,94.0924539763122,367.0,Running,0.300586598258449,-1.8368690987627807,1.7928755856100238,-0.3131257829929998,-0.2992371585530033,-0.480522671072711,0.8729918821643611,33.69326199515746,0.7144313952216078
131,36.80962396903766,93.32881662481736,632.0,Running,-0.3141992724372056,-0.0242675148876503,2.444939649795084,0.6429714220436784,-0.8664286837854851,0.7376787757714551,0.9757007939839638,27.07800395096573,0.6390426976440852
141,37.32199386356793,96.19076370385768,406.0,Running,1.8300402446043105,-0.2540708656525674,2.5043072023169826,-0.7550475013963402,0.885532562830907,-0.7304026676138662,0.6666979840691274,20.616407265071143,0.8184876780792397
139,37.95184325875231,96.4879315207274,425.0,Running,-1.3809176100154352,-1.5128203557354445,1.3052550225688917,-0.8639736567364937,0.1834152360651599,0.3332578287045227,0.6371086465817671,43.59358764674987,1.0050876763171304
154,37.197395073068094,96.55066160928996,558.0,Running,0.401765444909719,-0.0989816181396263,1.6163946457082454,0.2923077114448111,0.9407340124541776,-0.7581024880765861,0.7361848923316149,38.29565926595967,0.6026283282415119
135,37.190998083075456,92.95108383579432,272.0,Running,1.2281167840740692,-2.0454109071932387,0.5373756490222077,-0.6904613942138915,0.120617806488992,-0.7819353275846495,0.6541785995658475,34.59933291835511,0.9149522602046394
158,37.54648595808098,95.05693336128029,401.0,Running,-1.7360268430973005,1.567841427478852,1.0218915012249008,-0.2331215930863297,-0.0651072671712413,-0.1551748636953982,0.6161091723804105,39.49683178684808,0.9229543174072508
134,37.86013171353546,95.9292788711594,496.0,Running,0.0579008456762251,2.4889910716912604,2.088706012321723,-0.2037872876302142,-0.7081177977305151,0.5058796311031493,0.8297810695071349,35.4907322961865,0.6629950851508591
125,38.10843400148482,97.75910598113649,307.0,Running,-1.28047783753362,1.0168617387603196,0.6547292887966536,-0.1557822431496889,0.2007707623198587,-0.3376824326214513,0.6086299775999267,38.681556416289645,1.1047587467645577
151,38.11669512524078,95.08197115505313,525.0,Running,1.2656342113850203,-1.3535315054270818,1.369288319201003,0.3105958857880075,-0.8295209961786385,0.6038020712741292,0.6897653784161125,33.668533938554525,1.133951862833955
123,37.89197203690411,95.57408701478336,480.0,Running,0.1932409384097697,-1.1489825202776442,2.278121200995733,-0.6383031624427065,-0.6569174775017605,0.8609120916740931,0.6766658170209229,42.91786426271268,1.1172110237224475
143,37.90268154340341,93.5459704199172,357.0,Running,0.5823711840438168,-1.1479432788385957,0.9031548924077186,0.5149910070262704,-0.5749722092710994,-0.1401597665396787,0.9569165394544106,28.007672882208283,0.638194928124124
144,37.23368779791124,96.05323377971472,548.0,Running,1.6988828505100626,-2.374701178768436,1.5622757304472747,-0.5971412960011133,0.4108685719175347,0.521010344028408,0.7167724721936105,35.60936603116368,0.7401244972154977
150,37.299461272153046,95.35128948841668,461.0,Running,-0.2770791775998904,-1.6425227867454768,1.0222267300787538,-0.8313287841625479,0.4207946945439178,0.7151313267177446,0.9435318216456612,23.86691689109324,1.176012053725104
159,37.107780839717584,96.8653158872596,524.0,Running,-1.0925622838579023,1.459332970845701,2.4931282527718555,0.2364546692441176,0.735874191737488,-0.7725110894902527,0.70985452544491,26.245629001972,1.059294903215152
135,37.23832341866475,94.782058741565,520.0,Running,2.107392894177046,-1.744627467381038,0.6572338048808906,0.1875235380332509,0.8259467574430384,-0.6802730231558569,0.883895869287215,30.271749294855443,0.8741414577044565
124,37.76170255915245,94.51767183201574,535.0,Running,-1.2761909309377346,-0.6691012575809396,0.853914453823406,0.9114362763644446,0.5124784606625727,0.6975480683142605,0.7182493958159161,37.200649894935694,0.9609371589319292
139,37.80759060528516,94.46057690980643,596.0,Running,1.6130707072912325,-1.2312984379423455,0.8864393081733747,-0.3365291761774587,0.5285783132002995,-0.8647693360123521,0.8542058471795646,42.22629203839325,1.1776234827019278
135,37.175172316272445,97.04212268354073,565.0,Running,0.0268010844397217,-0.1938513090349536,1.665742006104341,-0.688110021095161,0.5723583392274987,-0.460430961458051,0.9473035826277092,28.220058189731745,1.0308715084689135
129,37.21688069012828,97.60296219575876,405.0,Running,-1.6190559131958977,1.89147083788405,2.368285979111494,0.1168361372517448,-0.304968993064528,0.6242717151462776,0.9353431702868124,22.59863623956236,0.8296782901450068
123,37.14432657417958,95.49590484621584,309.0,Running,0.0136240942164382,1.724633818357467,2.9471065982379363,0.8884399859306349,-0.746260271414382,-0.4125887670865291,0.9241849627818244,35.601540244953696,1.1539138815050134
132,37.76871667155044,95.14247632589864,258.0,Running,1.5198403144592962,-0.7461625365249824,2.795881325157457,0.5573000131757484,-0.7232855017875679,-0.779629664064657,0.6621870092492116,24.157001661657983,0.9562209695919164
142,36.92267467319434,97.7049690434558,456.0,Running,-0.0241074786194883,-2.191044306795121,1.848051306421949,-0.0001527651310031,0.042708570727324,-0.9835146018905112,0.6205655967126192,44.36222120270428,1.0118919505442094
132,37.84853853512947,92.04341642951162,283.0,Running,-1.0916188692584694,2.3080144312932944,1.10648409023593,-0.0615780828971583,-0.582054154973745,-0.4591947247583394,0.9518511970372432,23.68146489526517,1.0199821163274252
154,37.05537186250094,95.04586574357222,373.0,Running,1.2337044720743178,-0.4321801214908638,0.9181255848751187,-0.5409422476970345,-0.8453857729505456,-0.4745124341481557,0.6464839716914298,40.4231477594908,0.8194205136543553
162,37.40111117256587,97.99111472496622,645.0,Running,0.3897895448709194,0.9382272836530544,1.0217035206600067,-0.4552572661438161,0.967601312118263,-0.8491322140695217,0.9625562324350044,44.16947274008543,1.0336790834920195
123,37.4170499412653,94.88685475728548,467.0,Running,-2.448072279747913,2.484552486327776,1.1774785076422938,0.0725987745853085,-0.3512116105970053,-0.9241547895477764,0.963844231225626,34.193205619349186,1.0324583531193436
159,37.44488962994217,92.69825007780048,328.0,Running,1.6756981065150427,0.357327756329779,2.223770430561608,0.1696978873116772,0.7441554110792854,0.3867500909617531,0.6196450301465485,33.14924626976076,0.8311928258909873
127,37.75064554691944,94.8205887169428,509.0,Running,1.89170882829362,-0.843857460145393,1.3301752130318218,-0.4457772611654302,-0.4441435345715574,-0.5055607803248583,0.6724670423879694,39.941507744026325,1.170434339164375
142,36.8491396841806,93.41851764072436,629.0,Running,-1.6143714035551078,1.6155745061927016,0.7155149024679051,0.5139450156081942,-0.0199947391240689,0.4669519910599158,0.6232243767266796,21.2090366977371,1.1194060664521808
154,37.14412607561609,97.77206872618288,405.0,Running,-1.5776045927799498,-0.7342172662633288,1.7973442053282205,-0.2058735837905765,-0.3069970807270097,0.595041024191437,0.950399081150778,23.034569575032613,0.6048544089533
131,37.7476823091441,97.61964304486904,382.0,Running,-0.9679712354801296,-2.142977789583293,1.260929004197639,-0.241439439874181,-0.9840799565517824,0.9090529578776902,0.7408022212879771,30.93776718297731,0.9093820630806978
126,38.026893749838834,96.80569375302768,272.0,Running,1.822958313652964,-0.7075043576869988,1.269321967802825,0.9801550004198992,0.4294862012598928,0.9686706323989784,0.7971021580044051,35.5145066813223,0.6643659599832684
150,37.369875607264,95.81387616977372,530.0,Running,2.115107557534632,-1.266161584095471,2.345211858670757,0.3450132646683002,0.0824052200721794,0.6064210254710551,0.8658341004339491,22.00100403312402,1.0059091517035277
145,37.55987315799578,96.23403211402749,601.0,Running,0.0817709159438524,-0.5564950567596938,0.9352120326327016,-0.3371365103636199,0.5901466567958462,-0.6920790167284943,0.6009662485905771,29.5366826324394,0.7629547651084817
159,37.11198603973582,93.37646153461756,564.0,Running,1.9327153300891728,-1.069948874481728,2.7224284183788985,0.4581530223589103,-0.454019579895055,-0.9749523670229174,0.8609035888334048,20.783785206089576,0.8283032040007964
132,37.31785254986795,95.99805800704272,449.0,Running,-0.0629184036777577,2.3193336229967034,2.2305498787787696,0.2853482863838528,-0.6490736993133039,-0.7805514734692083,0.8299692873830125,24.064903060373275,0.9525315665623866
134,37.469605372646456,93.09551663435174,514.0,Running,-0.0906301511746288,0.1545262831643024,0.7497472735484629,0.8566759061674767,0.9251505238117246,-0.4669382886894213,0.8919452503343812,34.5394153412708,0.974299090305453
151,36.86912305230554,95.4098458016952,470.0,Running,2.158496564061472,0.872931143852619,2.950782101856152,0.0193515397732231,0.9950358000888628,0.0663757932783279,0.9069987720084371,20.15574941179484,1.060495947244338
129,37.701568347155785,94.90603656421202,267.0,Running,-1.4064814704456614,1.1961196381492818,0.7457083472708257,0.9043759545846116,0.7743778910215735,0.7417357788309416,0.6547283123181303,25.18875116164957,0.99741821937177
150,37.189382272399165,93.4805130395223,278.0,Running,0.6712442149310456,-1.5975819387655914,1.8931429120350136,-0.3969509252449086,-0.4244422717433307,-0.7381198732474981,0.7554334097436007,24.53247255508528,1.0914483127983248
142,37.13621755837772,95.93849102707874,539.0,Running,1.3238808811254232,-1.3860977517054067,1.7494590144810955,-0.5079065131872926,0.7439225403508041,0.8666882957917446,0.8389362927179754,40.03935496292495,1.1350105653454747
156,37.77674613962618,96.31886247101936,302.0,Running,-0.533156641276658,-1.072322061245154,0.6050780806590843,-0.0666765573917385,-0.9178117255519148,-0.5916754104613866,0.9815837736444608,39.25522880087821,0.8529721886885899
143,37.44679734772819,94.43334529767031,452.0,Running,0.8879341206295055,1.677864496320268,2.998296437158016,-0.9887061881260946,0.6672369164533025,0.4502268142597476,0.7106005053975819,44.52108101527347,1.1453011720468458
135,37.33978777420217,95.81649014315754,309.0,Running,-0.7768987277332213,0.220981885082256,2.194479463401727,0.8420915152725774,-0.8252060331130364,-0.7856068224039416,0.8081007589929383,38.05826433585173,0.741541304633113
122,37.79281709618258,95.22194072217816,580.0,Running,0.7173034981830857,0.926595415289321,0.9592159968436902,-0.2557460676338914,-0.8377843349761696,-0.7017281815654608,0.7566119471518118,44.6142135407128,1.1749535016563186
136,37.34775689312816,94.0776632512273,336.0,Running,2.264799104555478,-0.0468632919485321,0.5591499786464114,0.7630803308475103,-0.9141022196081,0.9421530023435508,0.9052578987702132,35.67824278397035,1.1576160731464404
158,37.463277927034426,92.2901690994465,421.0,Running,-1.3088516387096238,-2.282815091191368,0.988634449594286,0.9972800193341768,0.844738622450024,0.389997250229579,0.662301391091411,22.501843742712644,0.7804512166164104
133,37.8717890336589,95.13905644079172,363.0,Running,0.3420239503011082,2.176478469722249,1.6678942930035672,0.7316103808215764,0.504603040138029,-0.2007842552644718,0.6741537396407945,41.20224761255572,0.805887432783433
155,38.130884446946204,93.45698798205086,282.0,Running,-0.5914724156115296,0.1090467149534379,0.6193090264954083,-0.6652167392425663,0.7275140226905499,0.3503476393962061,0.6353293792173245,41.20074101421057,0.940070580069298
127,36.87670418106405,95.606273521968,513.0,Running,0.0537674262601179,-1.0630793775655545,0.7580862310572971,-0.7554376960314355,0.0491149660980776,0.4075564510003155,0.9085576958959648,38.22755966542632,0.8624609157326588
140,38.03875099353233,95.2192110160688,264.0,Running,-1.4504908081902994,0.4139905211404517,1.2585737729859054,-0.6743487929147503,0.834092092463891,0.5385249729576043,0.8440418157654669,27.489515032121503,1.1076586283774992
137,37.51374853734991,94.38626598732044,572.0,Running,-1.5339204470665564,1.5096183983954798,0.7971902589899753,-0.968888038206266,0.110872428719029,0.2055738982033228,0.6037931737086262,28.848395747298703,1.093216875818075
142,37.38250244714194,96.82500359385288,595.0,Running,-2.3680923520430106,2.205422329097713,0.5085585370700453,-0.3749973929929706,0.7704939056582789,-0.5245418173993752,0.96224515541546,20.76808559479285,1.0801522042489635
159,38.073464586593936,96.0094036233981,259.0,Running,-2.181929906970877,1.0861017089167868,1.8519758659757,0.0361129976954022,0.7587874078599317,0.4252675568265662,0.8722710576693461,27.48051079035429,0.8507113255509927
159,37.62856241448196,94.47213791208596,371.0,Running,2.2852759053991614,-0.4019987606466531,1.282572244420685,-0.2104835507770475,-0.6162835205509491,0.4430092514471309,0.7808296947462784,41.88139563571377,0.9575922938322632
124,37.56480042865926,95.40943324623326,345.0,Running,-1.975587545737496,1.9474976193779645,1.5622829418099478,-0.6125040471529322,-0.3243046609097118,-0.0146468160835964,0.68460515145359,25.34247246993192,0.80487881281434
121,38.00106069359264,96.83884390430556,636.0,Running,1.0050272056057374,1.8464696946731065,0.9276400944255812,-0.8008102438618538,0.5734951918980029,-0.0497781525976293,0.7476751919523806,44.73593393345151,0.6342871126893235
125,37.22282982733566,97.9637112251111,646.0,Running,2.106128237578752,0.6632748006836122,2.972516742298881,-0.5650746140664906,0.6438578440024962,0.0120245006830914,0.9362370544129952,36.656208783883855,0.907843361326836
140,37.09392416534463,96.5015215025634,531.0,Running,-0.8741888352646288,-1.8975637384934765,1.8023297435166656,-0.7836313392981678,-0.9596380445202342,0.093368054104201,0.728067314019766,22.168318622196907,0.6688343119804282
141,37.11322935974691,96.0816542797236,339.0,Running,-0.3026030806572843,-0.3796394454350293,1.807593353904512,-0.6140767765949515,0.3197127258434515,-0.7450386789042123,0.643156166940883,21.838521751795696,1.0235615572457042
136,36.84642758332956,94.96548811170965,292.0,Running,-2.499618895665832,1.1392589691607595,2.785644097307745,-0.0955695028535672,0.5136621404832455,-0.830285280984369,0.7826355842655248,37.35586725434266,0.8777937795254283
158,37.46386489821108,93.5584502308895,425.0,Running,0.4237119812104279,0.7313649991179245,1.4162014355172097,-0.3483896828680648,-0.5349311198010933,0.2704045259731675,0.8251026861025744,32.3833558642954,1.18795778643726
140,38.1366583294956,93.5546526371674,252.0,Running,0.1122699348013163,-1.380219343711182,2.9171389603558286,-0.0305656338683322,0.782140350951319,-0.5599340237405355,0.7778447759262619,33.561218260181114,0.7945866501446861
137,38.02819123394324,93.56188999768574,472.0,Running,2.191774659413308,-1.6184021188723174,0.5002016853055636,-0.9722211184759018,-0.6820914969599683,-0.8947649800434823,0.8413119343629158,21.017155296045924,0.904892608845777
147,37.26879239906823,97.67072201817945,414.0,Running,0.9232031539181702,-2.189358781473401,0.67902744505707,0.0873859750251346,-0.1361991680213548,0.9414810864381742,0.6166868645666413,37.50345664369349,0.7970127914483607
136,37.4819823670568,97.59604306268484,404.0,Running,-1.823027917787412,1.8157090343678133,0.5051742602955684,-0.6993578465100658,0.7708413118602506,0.3934220896508313,0.8920029172148063,34.54078605953524,0.9259599933647228
142,37.180381852232266,93.22980451840225,380.0,Running,-1.102635069679497,-2.16156290334401,0.9642186851156482,0.9459318551487026,0.0315829725415357,0.8042673146690158,0.9738132181165208,36.25240230553271,1.0986400497007125
131,38.00259841470123,92.73616985486818,637.0,Running,-1.0579231229007653,-0.4376996509991784,1.061138067041432,0.430636750709275,-0.0350688160452474,0.2310579112572317,0.9701025666787668,27.071279440780582,0.7897625748042529
131,38.18923757263095,97.41969174456804,634.0,Running,0.1182859716070403,-1.811943457386776,2.5391145635993864,-0.0387807671655089,-0.1247719011292982,-0.8670624228402786,0.953895178129688,31.77332966465581,1.1690715201292146
137,37.64108234174829,96.62361810913907,422.0,Running,-0.546880997045323,1.7121166286775678,1.7046393147537655,0.6795715166240532,0.5442491024995064,-0.6142090390223722,0.814500476180991,33.02053864872066,1.018383946476886
143,37.49906386688932,95.04299880753555,600.0,Running,-1.7502542241047123,1.7848654472167595,0.7946643659031389,-0.8446617555556748,0.4490859198259291,0.6162091268620098,0.8547671273617167,23.47304719498021,0.7007582613538516
126,37.94652182722282,94.55668449146424,554.0,Running,0.2583349209791685,-2.3581490691307145,2.072568681844723,0.8479902596289164,-0.8114854550096893,-0.5121965384353098,0.9720216025344984,30.78723248200282,0.9916406972384436
141,38.09481306067261,94.8783439002059,567.0,Running,-0.0990646340963365,1.578971496721981,2.1937243617908377,-0.7816298252190808,0.4245991338474193,-0.4869729378171528,0.89439538165649,31.091202220341337,1.0696436906081777
130,37.81601329816685,97.34653076195728,406.0,Running,-1.190286206325411,0.7805732633851212,1.961755880198916,-0.8012549461933725,0.9991666870403062,-0.8854951925155137,0.9143019833703654,33.65873202713263,0.8572974046242567
135,37.44024961878565,92.72735495403523,427.0,Running,0.7430485488724132,1.3381561659499843,2.15265210500782,-0.2063901908399865,-0.9622496685020852,0.7313140219091545,0.6475177119738746,23.49961458037169,0.7844523101024228
138,36.94735364501929,95.77232516084273,612.0,Running,2.010777871446903,-0.1871373785129373,1.2292223129897493,-0.8180798113782342,0.0459062023133409,-0.4619678740623456,0.9486186458055732,41.645149763824335,0.6122807271598502
155,36.97195488104644,95.71514354249902,270.0,Running,0.6604633355505203,1.3499201109289678,1.0812089628195014,0.4052746989376301,-0.315032448962961,-0.2494653237634541,0.8884629835989319,25.11512109750129,0.8995114085836655
162,38.172519057086895,96.29076488027054,345.0,Running,0.5517748918555321,-0.8426851751671538,1.2026291958732986,0.6940199218506118,-0.1790360300233759,0.8923905890307735,0.8167358611757572,34.84061521224763,0.7650962235659149
121,37.21223682055996,97.36992002558262,352.0,Running,-0.3357221139744712,-1.8076398095496249,2.281720918626913,0.7207203603438679,0.23509326715572,-0.9558514428972708,0.7977937219839238,32.77505526522614,0.947285877884295
149,37.33758128780499,95.43103983667292,494.0,Running,-0.6501001094879377,0.5287846140103429,1.421930543371797,0.633801766896763,-0.1448150194744957,0.7416475760570653,0.6202555419461707,36.881717547638814,0.6238199284205452
144,36.94331075813376,92.30195261296647,356.0,Running,0.3792563599107663,1.1435920947047724,1.0142673266696818,0.5474844315939604,0.950487364494636,-0.0079506491772696,0.6711317391229109,25.27207143872691,1.1168724309911944
150,37.13744830716183,93.89923804740616,454.0,Running,0.7550284061008594,0.2386793090556773,1.8108379250434985,0.6325948030622435,0.1906245971807927,-0.5517141017190665,0.9024436258356232,31.901478104227724,0.6153420196981527
149,37.22065206398258,97.62922243014016,471.0,Running,-0.5767021547356084,2.3626121453061613,2.807537834367396,0.2881690146242441,0.916012775798588,0.4377056030063655,0.6125380484357122,37.68446925748636,0.933149197301118
135,37.901907437204365,97.78715658515416,293.0,Running,0.3423517697569482,-0.8662864217836059,0.786627170386383,-0.6990453976770785,0.3458561834815508,-0.5917856933259469,0.8884537332053013,43.30197519452909,0.9306538476802836
144,37.30814320096973,92.5728859128772,527.0,Running,1.1132080945032143,1.3002389479110883,1.9826172824011,-0.3018815503586913,-0.2037076608188617,-0.4352181234311802,0.863252559557934,25.15628855893509,0.8565943157035418
120,37.73302863809748,94.34004605687484,424.0,Running,2.320360750363692,-1.2409848203148977,2.178171090227364,0.8110036030462728,0.3903125435445216,0.8873745732132767,0.6831826326699737,35.96340689923173,0.9486085520536458
125,36.81046461348255,93.529186551755,418.0,Running,-0.6348329850632606,-1.711520229803269,2.942183489652029,-0.7687375238017187,-0.6024477600741738,0.7439739155601697,0.8730316791826522,43.095668880147954,1.1889466137308142
157,37.70602309185252,96.44220555161124,605.0,Running,2.385136449048723,1.9108359194533184,1.9392744410576488,-0.7117592327692319,0.2965316457551432,-0.0829477527734274,0.7472822914355168,35.502391416361064,0.9306033781356728
148,37.80853927942332,96.14133725957268,639.0,Running,-1.358164019500443,1.4598076939282605,1.3832822201300663,0.7177423038819468,0.6564487088002418,0.4642393142246708,0.6294954700224914,22.03659211137511,1.0358422401799396
135,37.81262017369469,97.28452873828198,301.0,Running,-1.3222534701082669,0.8978386714743563,2.01038741296614,-0.8855947158448738,-0.9005142497880001,-0.0910328844755568,0.8585976391935268,34.71031876608224,0.7338536731013228
150,37.6309238644381,94.16834177946151,588.0,Running,1.764793202101698,1.0981085817816534,1.969125624527128,-0.2908857883531073,0.8682010213344722,-0.9928347875021546,0.8527153027279284,32.00865412003737,1.0287828973223063
133,38.06855333820013,97.866916500235,470.0,Running,-0.1567952925303477,-0.5928420334432272,1.9594636771759035,-0.2273633668494172,-0.4739489639100689,-0.7676171842184312,0.7207260204660766,42.05307688606614,0.957293758288505
125,37.85483964156101,97.3525988629792,617.0,Running,-0.4471681959694038,0.6224679289972048,2.535446136309857,-0.0099608519108751,-0.5541817982223007,0.9331660190216536,0.8644273241586777,22.68510423581361,0.6502087692999372
126,37.36203506905284,93.32236225481532,539.0,Running,0.3386616961093232,-1.4651104634574363,1.1383107691707055,-0.1639735975492171,-0.504726497835893,0.8460760534996277,0.8304837212192077,35.557740724887324,0.8451483230333647
148,36.836763991750445,97.43974407117408,451.0,Running,-2.115620826710876,-0.7296144659931059,0.9300736811550734,-0.7142184647091545,-0.9597138844507888,-0.1043628312972964,0.8743715041861686,27.51318042498754,0.9821046698055668
126,37.3853786587342,97.13805476739232,562.0,Running,1.6034639464801763,-1.1823510295341126,1.3218131624210532,-0.7765691555844172,0.9399196008287104,0.5807720613788776,0.8091084958089765,32.45832233206258,0.7286212580498563
161,36.929331812950416,94.43148367377152,453.0,Running,-0.6663941308081016,0.2687826225804017,0.5309552753497135,0.8334249679239241,0.5751894589189748,0.8533798240298291,0.8764293762566071,39.809616887299256,0.9130662606653356
131,37.90393538536918,92.07520135229709,592.0,Running,-1.6523736876260369,1.4052914712079565,1.5062374863470698,0.0816171450820297,0.3686300299732923,0.9912552726325856,0.8776633907371895,30.77237693412829,0.8183522505147551
141,37.65410445449258,95.46769602639226,521.0,Running,1.621575337710989,0.9469484665698302,1.467686455082282,0.9426470211841558,-0.4278743788979831,-0.1226497866890261,0.6703245328013887,21.37830602373304,0.6113079373561326
137,37.04236792285139,96.78284595617234,380.0,Running,1.068686314506902,2.323081408788477,2.072059463501022,0.3868087091584251,0.0192582150344737,0.66753741303446,0.9619749741698688,21.79563796202997,1.1978337369894103
145,37.53389422284426,97.5481212918632,388.0,Running,-2.346527549210716,0.4466579879594201,1.5490045453326144,-0.2688692882797643,0.3118457429873651,0.7119593989188453,0.9954972608372656,29.56396799735484,1.1709635879423226
163,37.00142494395049,96.26347426847094,639.0,Running,-0.0562843162696324,1.8463103457477088,1.223195681067629,0.0830213138986293,-0.706740080519642,-0.5262841150036273,0.6221309260526241,40.581712800229454,0.9456685832324594
163,37.70821489524802,93.3477627981914,364.0,Running,-0.4363346558823169,0.7031166418695349,0.718953653396049,-0.6582809224502892,0.7087006234792124,0.7815260189399178,0.7928126896347047,35.21090338440389,0.6017509344629827
152,37.295257752250514,94.42576210004856,426.0,Running,0.8776755359678123,-0.3826156251501,2.27825511391078,0.2788656481826133,-0.140995738048975,-0.0150898107892256,0.6041347806105616,34.694112510293955,0.9821536930041732
155,36.87900672110036,93.16771625906595,474.0,Running,2.11613471042138,1.5896264866193413,2.915495971369514,0.2963952854050646,0.1292717234114355,-0.3328738772777484,0.7182635444708554,36.1634780464377,1.170302695764728
163,37.19455002008837,95.18747323422012,440.0,Running,2.18945096660883,0.619660615467486,0.92834542290185,-0.9877996783655298,0.3384482425727186,-0.5956631615751469,0.6234944713523133,38.73916162209632,0.738405291899012
143,36.84618136172936,92.87557531276454,480.0,Running,-0.05984388558472,0.2239612607113068,2.530215730290541,0.1920506269967234,-0.133994431508037,0.6231649165782858,0.8676466297987275,39.34652791845096,1.0354687697813303
141,37.23919567807934,94.97434917613704,459.0,Running,1.947217775820376,-0.5302501630061367,1.683335964533638,-0.93212725865858,-0.1621440284546871,0.996238644002347,0.9026595802305912,25.53826004749269,1.090150987703533
150,37.52118578937889,94.88618456525222,314.0,Running,-1.6654161656126591,-1.5781715842602728,2.6038543625104302,0.1408087326408662,-0.8107215294672834,0.1303019357028019,0.7238412646247364,25.201542381492505,1.0141789319505816
143,37.37004738232714,96.44068873099565,634.0,Running,0.2309454287039165,1.3606716696282866,0.7691175550240357,0.6748205501572977,-0.8016475691922924,0.2557451949418556,0.9274300664598608,36.55277601743152,0.9270081663188698
142,37.80098534083172,93.47855523288148,498.0,Running,2.3011932569133142,2.236641138637128,0.937533716252178,-0.5025776393687991,0.7382398193499264,-0.7346428080768759,0.9694049759558973,22.2676401037608,0.8433070596233943
164,37.258082935809234,96.5027432098314,357.0,Running,0.8312032707952262,1.2807676079817742,1.5627761014102362,0.1953470628557136,0.4450322528247721,-0.068627639918122,0.9245210987572025,20.20452880218229,1.1491133914857012
145,37.995305948247726,96.89431863435811,421.0,Running,1.844920368475872,1.6782885089232211,1.375779650283386,0.5203798733543861,-0.2980088100027531,0.2767797931981524,0.6747966989072366,35.55449842535192,1.0922886594224104
159,37.84580536732559,96.5765667863007,597.0,Running,0.3367289435701281,-0.0935854960330844,1.9178214778388745,0.934082727698595,-0.840834586502075,0.8918087747168204,0.7731744040861839,25.903947370353897,0.9081199071965528
129,36.88070594054374,94.54364205120062,553.0,Running,-1.1340852860043138,-1.755880145375241,1.339376143561942,0.5420528042356758,-0.2411387355653862,-0.9182687142729132,0.6711377532695938,43.69300476556788,0.9972989282494356
137,37.03340396617209,96.1186018970315,394.0,Running,0.6913409149449801,0.7983050322880807,2.105312159837493,-0.1093020798067363,0.8979949009341754,-0.1782763198329087,0.7120792343325295,40.05084658314708,0.7723380103395867
135,38.12749518166523,97.0891257895994,568.0,Running,1.31906362444653,-1.0239714262254065,2.47591139361811,0.467979424676666,-0.0047576112036724,0.5519446740119154,0.9743997415309948,23.897776912076484,0.724086034559245
138,36.839408527227015,94.1040418964862,415.0,Running,-0.743299332842275,0.9348295590425804,1.5998179904689152,0.3770583996483276,0.6116164652016876,0.4375999231692469,0.6647046386296287,21.988607118028312,1.0736580888637464
162,38.11500872905493,92.13691241377305,259.0,Running,-2.2488249489499683,1.486546318628974,2.838211448632854,-0.0715933524748708,-0.6940781615419631,-0.4605967585622268,0.9449763826075792,36.51511797697563,0.8238227113054505
131,37.18400163717641,92.28888807092297,263.0,Running,-2.077341364637164,0.7527129630709739,2.8293876496400583,0.153998074703108,0.8689646135862015,0.275339012502207,0.988109361842534,40.56300810578841,0.8927199421670611
137,36.83356417813238,97.09929639441091,325.0,Running,0.9536626885239796,-0.284688830518526,1.9887261557886264,-0.0579892856377515,0.1327723582158197,-0.9842115371413008,0.675302368346705,28.681948068677023,0.917619273150315
136,37.45859160521481,94.9823976841332,588.0,Running,0.0396864018803793,0.0474547755512433,1.93192725169954,-0.9835294917791748,0.4402382689822646,0.7474770564393864,0.8067144714158542,30.446746520641792,0.9603723944359692
162,37.62889025265504,94.93366371943316,643.0,Running,-1.630771610983632,-0.6881344412465062,2.798773764188612,0.0803543405770332,0.0228654462396848,0.9190550740444096,0.9581727900374792,42.14514057368403,1.132369240120065
152,37.39320761734066,96.3080036787946,611.0,Running,-0.1335083382237329,1.5455070744825772,2.720768583783915,-0.7433792764659388,0.720951998281349,0.5858379156179501,0.807431468862535,36.216007118843976,0.8992655364571331
151,36.96596847578797,92.35569945687772,263.0,Running,-0.5132648768185477,-1.3149997524112718,2.1992084592588657,-0.746910415003466,0.5733471401434238,0.2971422110725723,0.6952748366003015,25.386934586207595,0.6756968286909072
128,37.166182072127306,92.73559411278649,423.0,Running,-0.3807042622015633,-0.7706076125747519,0.7948772270654545,-0.1522921482326975,-0.9861034803407678,0.5665810830376605,0.6159549843543358,35.001501767948255,0.7601026678313869
161,37.58024252043974,95.53946910595602,539.0,Running,-1.2700840895226824,-1.2542606656164097,0.9940618855202888,0.2335354042649327,0.2948033669234773,-0.0175172740223641,0.7152821572550219,44.26736622560533,0.8237675079762512
134,36.9748104316289,97.00663189272407,426.0,Running,-1.1023676452526832,0.3123038719253364,1.995463828524353,0.6966236738307752,-0.3782069380638821,-0.9653259071684376,0.9464925524765292,38.20447304122215,1.0281977474873356
123,36.87920085307839,97.3530226350406,428.0,Running,2.3407559018880804,2.2403929026340874,1.7828056455316013,0.9352109351355088,0.8682827650575742,-0.0102161230335395,0.6478577249499112,31.636024865917665,0.8204700295740027
155,37.56132228359981,97.48655745840604,368.0,Running,-0.5096790407391323,1.0538868809688964,1.3512859535408557,-0.9654585523012597,0.3463637609403409,0.4556880102946905,0.6724079079866939,25.36826732785316,1.172287861915024
140,36.814726645103946,95.2513959046004,410.0,Running,0.9263653354236284,-0.7485452379964781,0.5862027862997489,-0.3182014296139031,0.0310632066421316,-0.95851448716207,0.8583116736474596,26.169315225268274,0.8492374216410208
143,37.6059150685506,97.97970525373272,602.0,Running,-2.1980060594149924,0.1076272724663551,2.69640587499188,0.1881476814906981,-0.0664464788034129,0.3818429150327613,0.950416652743222,43.01002489476137,0.9471882610678288
130,36.9134279978336,92.65017187100804,273.0,Running,-2.482426711461128,-1.2785761324584135,1.7694168619574469,0.0397397572973634,0.2015639350806195,-0.1629701135140757,0.7229127842705909,32.60250151397474,0.8155328069326864
134,38.03304852208387,94.27883534704137,466.0,Running,-0.6434157000723362,-0.4864432413991575,2.5907175728950462,-0.7227599291784124,-0.2380784875843087,-0.6649463966639637,0.8755842810788195,36.63532631635788,1.074740915794263
163,38.15011923628639,97.30001055064514,455.0,Running,1.394770425008296,-2.029508879199841,2.809828000356487,-0.0869680727902175,0.4442440416069413,-0.5768459777764656,0.9315234653960494,23.28001093375908,0.8048658898093135
142,37.62559976768525,92.25183248883164,291.0,Running,-0.8070195390847035,-2.019014832959064,1.7452570055110757,0.1755944145588437,0.3857276463869974,0.2198582263088055,0.7266861935753379,22.113396059028805,0.9221230215347556
140,37.77760585358136,94.79237586913489,312.0,Running,0.0319427165106764,0.8894747776488661,2.383788411030334,0.1606208189543276,0.9007186393904318,-0.4369574892543564,0.9676687391281976,28.94092982885435,1.082250219575003
134,37.79756692640629,96.51161750432097,575.0,Running,-1.075278500848052,1.5673109381199517,0.8987401371959907,0.9826654650030184,-0.47950402267552,-0.3309208100962573,0.9452142653263952,26.769446990611904,0.9704193547519226
162,37.59076362716964,95.82111659195198,336.0,Running,0.7790430742891257,1.5783758825129448,0.754269970275963,-0.4214527405486836,0.3240699788806593,-0.5546673059720584,0.9212885429114216,23.7505732829903,0.9557697872607108
138,36.81836351179096,94.99464663156786,449.0,Running,-0.1579559174526492,-0.2366673298304777,0.6430911449206979,0.1087595647300128,0.0832793663483502,-0.313331220560394,0.7709662779853166,30.8864284922424,0.9172440664272072
123,37.03411108616287,94.1019200337436,369.0,Running,1.312966477385186,2.23164891736246,2.4759647807813643,0.9798796600666212,-0.9998954271493948,-0.8418821265851233,0.971910453394169,27.185445113123627,0.606832297398534
154,36.94555253758069,97.8533208300528,402.0,Running,-1.8126378559520664,2.086337166053319,2.549970584377552,0.8128293410177454,0.1353566532340089,-0.3660572611054129,0.973651487288986,35.772335820962994,0.7873855160231493
122,36.889399928866034,92.78518146509732,567.0,Running,-0.4793244301954869,-0.5863230305724727,2.368597469587174,-0.1817331988710087,0.9529514974554932,0.4292711741218593,0.6622170267866601,22.15659886511952,1.072120584146175
124,36.811649877549776,94.99368971692716,472.0,Running,-1.2153281118066273,1.393789111848701,1.781402325986452,-0.9677082609331796,-0.0460485367683101,0.0133979166998963,0.6790251192180354,31.208204615625974,0.7297517893178468
143,36.88396138073104,97.75665962858768,612.0,Running,1.8757930514109589,0.6669955733882089,1.8309611691298853,0.0526471758958382,0.4327683635046155,0.0169270526392004,0.9011146404864672,33.21886226871737,0.966236639421982
124,36.81972648859874,95.35326518622868,409.0,Running,1.64019068632654,-2.205995252610822,1.6330186570983702,0.9987211036616724,-0.4254809013544069,0.9207442993970704,0.6783315945481636,41.98722091121526,0.619826861290423
120,36.967034093531176,94.30846897400626,456.0,Running,0.4444358514795912,0.5348469812650318,0.5324037984442183,0.3027068936200254,0.7136052540774953,0.964246461661388,0.8215428006247563,39.2685194734226,0.645465393638396
146,38.19895383196688,95.5010974095459,581.0,Running,0.0188869558462823,-1.2601021788869404,1.2720695704008464,-0.8631494524008336,0.2562673382812193,0.4406583872132699,0.8147871924455412,28.3680054412194,0.6175410849768537
134,37.2353579171822,97.61842948264372,402.0,Running,-0.1475165938805824,-0.7577571463253896,1.6110173527170455,-0.8475211451838389,0.4468303920380054,0.0225065661097336,0.6936947930313029,21.71635425010543,1.0356135267516826
139,37.59315185919503,96.7509268049096,322.0,Running,1.047033031896516,0.0783805449710146,1.0379747739577854,0.5694357965855386,0.4178992097340834,0.4692479906163318,0.6381267183640411,30.91728804364753,0.9890662556390926
160,37.32981569123964,94.78768702390352,470.0,Running,0.6850605536409669,-1.8311995978123952,1.4674389636632692,-0.0846777699845451,0.4740692137096225,0.509801720298195,0.6416556382356244,34.68297611798229,0.9585712241646964
122,36.95586078018654,94.2112241834979,286.0,Running,-1.2758919206972168,1.0418918112136129,1.6763722297510892,0.9153987314984002,0.7499954529809001,0.5498464086851094,0.9678955676773644,39.65065031051033,1.07079129421752
159,36.86053758603492,95.91877729228958,588.0,Running,1.9820591774472085,-1.0061462073685037,0.5158604471125579,0.8260979966982673,0.4824629244777407,-0.5373842318978308,0.7991515709523194,21.8394847378109,0.9377742506185344
124,36.84518383648398,92.5629287273295,487.0,Running,2.2157844249399616,0.3750006335193663,0.922027540016528,-0.6948335688967069,-0.631956205399379,0.2393962053983129,0.8992344683856865,42.46212836066943,0.6185874836282478
128,36.88309575759653,97.34493532188594,317.0,Running,1.2519041052305877,-0.4573287569044044,0.9167199114080544,0.516333476269706,0.1184515781873203,-0.4369762859730421,0.984008575439325,31.01887911763215,0.98553395166002
161,37.80798723953821,92.98366816620806,509.0,Running,0.7166438130006609,-1.0641579526364868,1.8456507195526848,-0.2803040206224041,0.3912285731060818,-0.7493136431719769,0.7489258856791408,29.9624525069716,1.091234838373322
135,37.02840300904303,93.17416020522886,320.0,Running,-0.364329098036432,-2.418701964110737,1.102768545378081,0.1022108635979404,0.5811244695909716,-0.7443668971089508,0.7448041434214538,43.78963070371758,1.0362198508566205
132,38.0667192478116,96.62634172979809,270.0,Running,1.8401305619984545,-1.1126108505299104,0.6990012432644015,-0.4771585710307156,0.47628621376491,-0.2974165726673594,0.9401038461247344,37.551853221158325,0.7580678634378867
124,37.4725412606436,95.87748446723448,638.0,Running,-0.3896391567478776,1.4117498330075078,2.6789644564831443,0.2023750652456821,0.2860933873576807,-0.2513173122331129,0.6494399079262592,26.73943398840447,0.949291043694434
145,37.10149771021633,93.19045228429856,523.0,Running,-0.3190219909165592,-0.1225516012709695,0.6924231614755021,0.12301849499181,0.9744720717751758,0.322306325904222,0.8451552127004323,25.81438597813964,0.7308792628476426
126,37.22082524103691,93.46891539983328,426.0,Running,-0.4629897665124098,1.043044879551691,0.7198748631005634,0.5189138311691737,-0.0769089036617314,0.4137144180730356,0.6037917695876107,34.36482993232461,0.812645714601107
159,37.43318573784165,95.059214323021,587.0,Running,-2.255968921200919,1.1073655228196275,0.6789914789801252,-0.91736928250944,-0.3711018160093462,0.4886365291208134,0.6883532097311247,26.885838618656628,0.7919945329646922
124,38.19822616154017,94.60702862786228,280.0,Running,-1.5430127921800647,0.9452395524338916,2.285734932590999,0.6070042325126914,-0.4432791068479174,0.2011711627253289,0.7706602933456511,26.562676521502915,0.6672031015406842
157,37.3614125721068,96.55137434078824,512.0,Running,1.7148042688925127,-0.4323450152857759,1.0800987648808138,-0.7678086444009649,-0.2890826288322565,-0.596652718504527,0.9760665874132955,31.353979733975024,1.126427677983883
138,37.3444340252724,97.87416022028256,622.0,Running,-1.9807321343394568,2.3617842377922216,1.155080256799051,-0.0903758670302787,-0.836008177419016,-0.2894171710564932,0.929696814148452,21.971283130265142,0.705172735359869
122,37.94881510103448,94.53202528932027,455.0,Running,-1.1462951820485996,0.3449043328827983,2.728547193591238,-0.9898151169250462,-0.3008651746335158,-0.592477791451296,0.7937686304029414,30.12667028659889,1.1085629709812357
132,37.153252797208985,97.11380852890416,258.0,Running,-1.823792739526112,0.878881128149116,1.0061236222935126,0.1640141826177616,-0.6480220419164313,-0.805595825431326,0.9724648130440045,42.06134936663075,0.9241186554281172
143,37.89640956142419,97.23050292131715,471.0,Running,1.9473323794900512,1.706576717220555,1.2601149160163092,-0.4439158385525712,-0.716213159945472,-0.5923369274167902,0.9472531585279266,36.67643295852129,1.1983627949470197
129,36.80595514129537,97.91259426661236,539.0,Running,-0.7667288752522805,0.0645332740116493,2.2339447668769914,-0.3480303003424549,-0.688987213112106,0.8023814609712547,0.6754939343555819,24.340119683075045,0.6120794840574952
157,37.34699962121844,96.60573978314493,298.0,Running,1.8931539720598407,1.0141625887346613,1.2836190682560054,-0.0081376595021631,-0.4749493342924242,0.1902519010292744,0.6711022089613019,43.583009205751566,1.0569443716072535
129,38.17115818407155,95.09096309650562,593.0,Running,-0.0668601214666892,-2.06924502348782,0.750886728495122,-0.0316162347091424,0.4620020717543627,-0.0909232624012248,0.908032496374766,39.98230537205281,1.0182040138938568
161,36.93173347841713,95.17857834039344,490.0,Running,-1.1171704021484548,-0.1606475446592763,2.1537884022056177,0.829987765083281,-0.8578655851594039,-0.2676748897845034,0.7482364524889994,27.72591584152307,1.1429912394443071
120,37.358762263861664,92.0629103429886,415.0,Running,-1.922010220687547,0.1934047306152715,1.2768927613892314,0.657711023735212,-0.8260864589194725,-0.4261481015205022,0.9343763933679292,27.07346246810848,1.0783285064750987
126,38.0215326491082,93.88806184394868,495.0,Running,0.2130184219210402,1.929906108931413,2.564982416203082,0.2639856204447726,0.9359762654223264,0.2368526912675148,0.8432192084272493,44.79030204268511,1.0604517892019338
164,37.32030988475291,97.2181431870478,421.0,Running,1.8684295424415955,2.473831888172536,0.7403074507349221,-0.1157112174887033,-0.7522388041459516,0.0929396833617026,0.7834525850219749,29.77645884115207,0.7383999518826294
122,37.11510180524471,94.29553824321034,332.0,Running,2.1966167768824967,0.0562560300489201,0.9244894747536154,0.216040482554449,0.2093508543364912,0.8870399511936866,0.6602027275030161,42.145225651761656,0.8652603296735459
149,37.28301995294471,94.04463800726676,528.0,Running,0.7260051091328141,-2.293435498005834,0.6887949972712364,0.738774271503412,-0.5814008858633961,-0.1246814362316108,0.927507320075384,27.83532159108453,0.96610790562217
139,37.01440319033125,95.64277461610403,518.0,Running,-0.9965268021670396,0.9539413558285066,2.194890003971142,0.7936921459987245,-0.805146914412481,-0.6460331918202946,0.695608768374194,32.58936465494947,0.8726039262607684
143,37.61473226793303,93.6362408344813,290.0,Running,0.0481780463531911,2.079706339642259,1.7232096057856603,-0.4413395085341498,0.2230514680127191,-0.5722080992159784,0.8386771390464427,24.709980391328767,0.8934637274071853
148,37.62167504869477,94.49608477327858,581.0,Running,-0.73176895186716,1.5150330277530335,2.78499532091463,-0.887966418211166,-0.3118391771281199,0.9303906682077504,0.7488209754614485,44.5707560074043,0.732048008576032
125,37.82389739613496,94.92509904098192,649.0,Running,-0.4089764753422265,-2.118268302051669,1.653465232928649,0.6803713955765796,-0.6504702840820691,-0.7830622163885252,0.946097293825216,25.60222318906417,0.9463861875790118
126,36.98335325866124,95.47394552293105,299.0,Running,0.3706809779087598,2.2241048091172377,2.2721152935441618,-0.1451842313435596,-0.7000959770722959,0.4038222975511132,0.7816726889085364,29.093682553141363,0.6433705576281646
162,37.365630003475744,95.93405856854942,635.0,Running,-1.2943800121975806,-1.7403512393213043,1.7278454514161898,-0.6515458048267324,0.3391690434130283,-0.5759399102599323,0.6733355718869477,33.7117316002558,0.81898031285698
129,37.61371802501447,96.78768839207817,604.0,Running,1.0644466248902806,0.6012770664609284,1.4156333562819134,0.7604405700142098,-0.8713705052036567,-0.1766801958546708,0.6570804189346403,34.68246128967377,0.8755714070379019
127,37.970462715430045,93.65761293129287,478.0,Running,-1.0549387686506324,1.143514381265755,1.1012666843514305,-0.2772616910357088,0.3334459363852551,-0.7078939884506863,0.7170960360655652,26.18789031512273,1.0212765930697247
164,37.87605248994119,92.93454619963104,485.0,Running,0.0260811540460927,-1.386869415804091,1.8097855628110144,-0.389543337372316,-0.9809962589606795,-0.7945099199986871,0.6697411872021622,37.11868705899553,0.9687861801082251
146,37.9190434846469,92.00395461984937,317.0,Running,2.442882533273906,-0.1151332714346295,0.985002466170196,0.5125928611909469,0.7914587622362206,-0.5221445298718326,0.9497195219316018,25.82954139354156,0.927948494828012
149,37.06651279081193,95.1817682193284,526.0,Running,-1.310237360353621,1.858729067796725,2.5570581244738926,-0.3825188548042777,0.635402903847041,-0.3560839169200542,0.9286027402522454,39.44270286053293,0.7807116193577215
150,36.874898147204114,92.20848050299,513.0,Running,0.549193683042684,-1.1757980711863474,1.4783776177874253,-0.2198855645168742,-0.3910119012398616,-0.1662830250330349,0.7242009239171429,35.597785388232126,0.904152728912307
123,36.86779336683794,95.78334237621148,338.0,Running,-2.337908837358042,-1.0565446622751529,2.9081612471546747,-0.8802715295513575,0.6893625021567649,-0.3099559735557111,0.7627952646698166,24.94267673983532,0.9961698498484146
132,36.88842000713643,93.14826537287108,526.0,Running,-0.2980926505462822,1.796937715534047,1.582952811975203,-0.0436149541750616,0.3526222641993444,0.7982641399530419,0.7030186269319456,27.05444281437398,0.9848632744534294
156,36.93417622531874,93.34232507936647,575.0,Running,-1.2598661542391154,1.6812153870698143,1.6050449019753914,-0.8595145881989756,-0.41665023817352,0.1781311071082518,0.9115097394818338,24.54908041927925,1.14428786371626
136,38.18249008293409,96.69321087227506,496.0,Running,-2.408219949356139,0.5336431207212113,2.1545151071670023,-0.3240622250115663,0.33458624292327,-0.8425558693962856,0.7741275915909094,35.07252271967517,0.9786109885248726
127,38.12729782902209,94.5439554464324,549.0,Running,-1.7207778715331807,-0.8606764209769975,1.697176343299596,0.8078519647502946,0.2147256835112874,0.886972207456733,0.888364511910318,33.81556752090649,0.8878773148614352
147,38.042125049752585,95.61626789419084,642.0,Running,1.216351102107219,-1.485974475236039,0.727500361428238,0.7941672639106376,0.4378521436787443,0.044411899186693,0.7854025560935322,27.65271213976428,0.7990373027067234
140,37.13305055601438,93.88828904481568,513.0,Running,0.4923994137615617,1.594185433946226,1.8880990727196727,-0.1267880037178899,0.4741510941900999,0.9392034871188564,0.9372374414704584,28.192447051612262,0.9747011787070604
145,37.39622611503464,97.81304554765109,516.0,Running,-1.7681917022030609,2.27065357087901,2.8761739814469154,0.3990077301566526,-0.2047474350334264,-0.6986950064415789,0.9054611564771492,44.69768072175607,1.084419870196224
122,37.6893959440182,92.51630011846088,533.0,Running,-1.6951192390050918,-0.251802942757791,1.8755663134257723,0.0576597474981968,0.6859810010120566,0.9432228176476524,0.9669893601803178,38.56403349142602,0.655690564953437
163,37.25672133884375,92.22548125102284,269.0,Running,-0.1130496617393661,0.7654910056851505,2.6964110259053102,-0.2183663998832925,-0.5218084319558516,-0.2872138418598606,0.7021382562071095,32.486547502522626,0.9295855918839118
135,38.11751273393149,92.90255785629408,508.0,Running,1.500814806104116,0.1113226076798574,1.531679385825588,0.7207686317151178,0.0992382226075772,-0.4019204116447263,0.8709391543250733,28.497146455878543,0.6888722615304377
151,37.01606053009018,96.90551674016945,537.0,Running,-2.424195754168219,-1.9791262688356377,0.505701470291351,0.0661290537120693,0.3082780690654221,0.7958107553750726,0.846054709210386,23.078711093920163,0.9808650547533012
151,37.264211602430414,92.84069065066528,493.0,Running,0.9012278027049055,2.42778373593538,1.4506979960575963,0.9452182146824352,-0.3999884217721863,-0.3760394086432004,0.9086849716444608,25.56627541906548,0.985543217406622
157,36.86726462855162,93.85557731367106,428.0,Running,0.0788955790695586,0.4972362554568121,1.418690618004296,-0.4192223699605817,0.0173193155481392,-0.0135567293592637,0.7142755435201108,23.417609859688262,1.1971287548174971
121,37.23839275990829,97.9016928747214,289.0,Running,1.206292732276713,2.203786944759668,0.9479634406552482,0.0162965000615096,0.3657543580842957,0.8343983847581264,0.6437695876680176,20.855821738335752,1.1783413646833565
128,37.615674367453146,92.59579653471616,457.0,Running,-2.279794306515439,1.1192273211787924,2.009852890188633,-0.2570273911831957,-0.5004828024360255,-0.4516939698630775,0.6036158680346644,33.37287109739545,0.9557369418137422
126,37.15231238100115,94.356490215997,606.0,Running,-1.1490664957398589,-0.4562184034668206,1.229492140386513,0.4473505099677819,0.768804336299846,-0.9380854885326716,0.7485457911063459,36.61284782036543,1.1513803606416633
149,38.09932652237459,94.9314643401374,528.0,Running,-2.2195882703427268,-1.2756276061924243,1.6108441527158677,0.8620211515470091,-0.2369599549778023,0.2732955853551675,0.6585799967046563,37.83813666608732,1.1661216517406214
124,38.1941354676158,93.44799984938552,319.0,Running,0.0234101565845925,0.8944541393335328,0.5180074058896298,-0.9285420345644052,0.2645108479430469,0.4631030634437292,0.6006361324317342,37.50303696643496,0.8838283830516138
126,37.80966681251408,96.78553897619231,309.0,Running,2.035489905101405,0.3980949314407138,2.671302270549986,-0.1890922436709614,0.0012807055573884,0.7533182348849385,0.8330948211750915,24.103081111417424,0.7494791831438452
156,37.34600244636953,94.49530241170994,426.0,Running,0.3154305738534555,-0.5002827605560334,1.1441330492367048,0.3874064535995936,-0.3024561804601018,-0.2205535641876135,0.7146600700905387,31.397711829936803,0.8082591788724915
161,37.70920028172765,94.36836816715474,531.0,Running,2.1518811070861634,-0.4730741242581473,2.8605846704260443,-0.2959414408514744,0.782040650345672,-0.9666842182043348,0.7765608259895938,38.370946640712496,1.029397139945424
137,38.11867720701575,94.9264606252366,595.0,Running,-0.8462639675982886,-0.7505196258712621,1.822426239230955,0.6364811144941027,0.3500208771262965,0.2428637764258929,0.8554829471883382,20.41197043758753,0.9002007421527287
125,37.80794259611212,97.47145144677212,538.0,Running,1.9994823718959704,1.4423120376899687,0.5301222074475069,-0.3673530008755381,-0.5186244400264846,-0.0409629907695174,0.8401797897780072,28.33372624585921,1.0083240757674332
159,38.05137213330693,95.95771755890968,410.0,Running,-0.1363464509584266,1.461300430250979,2.8862903141374048,-0.0260604876171783,-0.53725595494331,-0.7629863698208204,0.6926115670854467,30.79988668955152,0.6385759497242463
134,37.93430452967033,92.04292143606266,646.0,Running,0.6697300685180818,-0.8457477333487029,1.3002661618730476,0.0982953641361616,0.835864543285217,0.697242274957832,0.8871626057224393,34.29834420163628,1.029184252907123
141,37.807142983530646,93.93200869142856,451.0,Running,2.3636289810865065,0.5600914909616495,2.738931489970805,-0.8187362922306831,-0.6892157906275078,-0.0038042662817903,0.9393398547427732,25.6405612304687,1.090239763272501
139,38.18693406086772,96.8329942353006,649.0,Running,2.380973561282098,-1.0480385222303534,1.356651232380771,-0.7784750801458211,-0.2203613987298565,-0.1586110479833922,0.7312363768173281,43.07013866973698,0.8733099052984636
147,36.85727931320329,95.45468317651516,563.0,Running,2.4408937931363344,-0.5408750840232441,2.5474809140334544,-0.5925052508490372,0.1724581422265076,0.3404669963242834,0.7904310380913862,43.13858505853748,1.041392766080045
154,37.30978506236311,97.07293896376603,567.0,Running,1.1550377333356017,0.8186260623459756,0.7380680616747494,0.0273190080783576,0.5552532099952727,-0.8994062392834452,0.8523879355412747,41.69828853499989,0.6656410325482095
144,37.42432325158482,96.63986728334386,416.0,Running,2.4273274330331427,0.4209953130787709,2.65127854779864,-0.8477863456662982,0.5545410045837447,-0.383490298268565,0.7415567682109717,32.75847664505184,1.0190102199911832
143,37.35551180425136,92.6899024328541,464.0,Running,1.7115590848492248,-1.1817868266163325,2.3792045897801044,-0.7311163784315642,-0.9470599305639964,0.7891134407866875,0.7439450935743283,23.781643417794363,0.9379468252087884
124,36.99046489874203,97.99899170076566,292.0,Running,1.8232343782728568,1.2992931418639744,1.682994134144271,0.808159377056844,-0.1327253434590221,-0.4899454719602032,0.9290877309635308,22.96260198718967,0.9437152586858202
144,37.67496848256575,92.82819983376358,539.0,Running,2.2668765783642755,-1.4514422347697808,2.075963322866905,0.3116544377347157,-0.5117972538346875,-0.4494924616798241,0.9839837649914672,25.204871327857216,0.8816982979723096
147,36.96666544732216,96.68014991090104,426.0,Running,-0.7261686869108497,2.1463579526008,2.829012994049976,0.1891438977901409,0.0285911891510284,-0.0725353928815251,0.7169757780738713,21.263230385146805,1.06062166574102
158,37.05105594196298,97.4128755345046,460.0,Running,2.315633864125287,-1.6356627422381682,1.2984376670754845,-0.039886100760196,-0.6498365354110314,0.2544260817258623,0.6990440027444278,43.57770792284826,1.0180870381732243
128,37.64272979035788,92.48562719049472,351.0,Running,-1.847702997156229,1.9637151451345296,0.6262798327559111,0.933430616583074,-0.8168980507459476,0.2574529009531883,0.92032681822573,40.98851980964494,0.8977022414698304
149,37.41253851608722,94.18915154366104,312.0,Running,-0.2388555574056834,1.3715484016866752,1.682500208202493,-0.3872644479888805,0.6179037242246028,0.1201029896599732,0.8827956775288313,26.63078247144795,0.6811247193488416
135,36.82647795391449,92.8955358450074,429.0,Running,0.682409558018195,2.0396753069055693,2.350519929796711,0.9853725433574508,-0.6147320304456765,0.2728654691715173,0.817791226916992,43.23760244391552,0.8755594559050268
150,37.15179781917308,97.01897753484737,517.0,Running,1.366343060319977,0.0782880022139025,2.2464914517834127,-0.1014395393575884,-0.5334879317578436,-0.1679780622302786,0.6107291058744168,29.221707790555552,1.134335616092094
164,37.48668888116959,93.30815011857516,414.0,Running,-0.0576638047040884,-0.7725422192656377,2.2786524526722363,-0.9839093249376774,-0.353529713792144,0.8409879019794326,0.6827139584623438,43.17645797630726,0.7204923648040072
160,36.88165899989288,93.21734665362769,263.0,Running,-2.155687764618672,0.2272115565908317,2.450320067370944,-0.9454548113087308,0.7973575565396214,-0.4218255956258725,0.8409720847518635,37.35564512712024,0.7296177199685048
141,37.2440062758665,96.15959836589214,410.0,Running,-0.2934250576873607,-2.0099782927625047,2.144810700432019,-0.9941110808985614,-0.6660108123241995,0.7365863168975335,0.9007908037785402,25.771353042333583,0.6626150017075891
159,37.26547267461153,96.14407569810942,316.0,Running,0.6442043826439341,2.4212387043716648,1.0499220877919917,-0.1535673935190697,0.2788115785068221,0.966897591094205,0.6014751866764569,21.28192192485601,1.0105850491992976
153,37.37267880342608,94.58922253756792,440.0,Running,-1.090117749656942,-1.7782840489225666,1.471617304144416,-0.09834687667496,-0.444896686751606,-0.0561029857748325,0.6562299809303039,41.67183520968922,1.0122339111002907
126,38.03359998095512,94.07197042328175,318.0,Running,1.98299724989478,1.0549045781455186,1.418897081103183,-0.8427003655241772,0.7575759537213895,-0.0590917527992944,0.9783099441383796,25.723352827401,0.8347519257268539
123,38.15228376468546,94.64850750552878,576.0,Running,0.4931097510957749,-0.2116505215491768,1.0795801659543325,0.9640696269633172,-0.0274722425421718,0.7204185806148573,0.887742366390627,26.65063760039192,1.0384346175687542
148,37.00972144181899,93.67126634586332,402.0,Running,-1.5016023389470372,1.7322413926585505,1.9999812006576028,-0.3103560808692367,0.6669817389663877,0.5064122487826526,0.8682352442074903,37.977332466705455,0.7140313867021999
152,37.97003031130632,92.92260743556686,442.0,Running,-2.15704065071084,0.0453319228989705,1.097194747014368,-0.6244181810402951,0.0830707189255999,-0.4353069079201521,0.6966829484274921,28.78717709422255,1.01904626502013
151,37.22341581029429,94.19985872438455,285.0,Running,-0.262360161014822,-0.9811418705672152,0.6062044295202985,-0.2225703621575947,0.5785232937874953,-0.8767994554018683,0.8151537479413795,41.32172179625535,0.6634738679063767
126,37.13674610472199,96.65201926610054,408.0,Running,-1.5634396540556277,2.174385457972876,1.1729128079920357,-0.0276573220282525,0.5659491843859166,0.4659506160188602,0.8430068479333993,35.3415736513717,0.8426973397369147
131,37.19721625207065,93.244428271908,592.0,Running,-1.44871369573205,1.0291065965423227,1.721287187322051,-0.0591766924173235,0.0681626955421386,0.3907636964119394,0.6743786156876996,29.06960370317901,1.0994206603714067
164,36.84932219346723,95.88985630976576,625.0,Running,-1.6780174168788229,-0.7507319588758103,2.9892410814631827,0.3944773208430863,-0.0347196596268721,-0.3270069889605507,0.9804500699059838,44.86387153979295,1.0009113290263898
163,37.8183113870987,92.7370224652156,486.0,Running,0.2687294194829857,0.8518006358395267,1.6783646476577772,-0.3649224296597684,0.6594700181815818,0.7780704848376667,0.8044074745506875,32.53047908280498,1.1139331663086962
122,36.754405876700325,94.47368596475133,365.0,Exercising,0.7681633015321019,-0.7887187766943846,1.3660683877497668,-0.7828687176757134,-0.4297056217992712,-0.3400232848695419,0.7191325159895458,53.93499386600229,0.6376664158971683
159,36.95408544617472,96.36609782153472,319.0,Exercising,-0.3534120637030136,0.8034305276628544,2.10178280226232,0.0152235157172283,-0.0057137448901765,0.707347162426315,0.5039177332922262,41.96731936481746,0.6510624573633692
159,36.7828049544777,97.3438054574925,317.0,Exercising,-1.449633374422525,1.3037735795884626,1.877540753586497,-0.7934932946456981,-0.3150493122224344,-0.0799789460641255,0.8817318279209835,39.32229466307746,0.825201725274432
112,37.23809876135007,97.99289795930424,389.0,Exercising,0.0716818599345963,1.398134265927017,1.916123147327884,-0.1386696331774952,0.7326051777014584,-0.0274586032290049,0.6060748625399083,32.59526567242945,0.8407019512960516
148,37.50704544893441,93.9036572108526,317.0,Exercising,-1.4114417313365497,-0.789941331803897,0.79997898004539,-0.244762705766765,-0.1435239120020777,-0.2863913608480655,0.681126803331309,51.22011244684484,0.7095429981382364
137,37.62701716934851,94.59029022887236,303.0,Exercising,1.2294904626559755,-0.942952200597072,2.3766264542497777,-0.741196401776347,0.0601362528097626,-0.4819842270537688,0.7883229227742306,32.54944595587888,0.91495539683849
132,36.84982389814775,96.78623685765028,161.0,Exercising,-0.5093541508761326,-1.8176266046912104,0.6505608785239148,-0.7291444356267389,0.1451302303987235,0.4417852649781948,0.6627614091144829,42.29605740869546,0.9178234039506268
136,37.61252144266,96.03188239951106,386.0,Exercising,0.565091313287315,-1.1829538006232156,1.3284536519466772,-0.4633250658091173,-0.0052869872065406,-0.7241408495063933,0.6500705990557295,33.805158069776304,0.5654334466191911
134,37.743411580479815,97.23433355819944,181.0,Exercising,-0.4153688386250516,0.0453065444622691,1.8212598065377188,0.4959976289470693,-0.4609388904055752,0.6892750985129508,0.8072547649275771,39.289563588313,0.7775346122326748
146,37.59964456540872,94.31442453278552,283.0,Exercising,-0.0856399358428374,1.7971714638896017,0.6862619644715908,-0.1382317216515627,0.0249702435351284,-0.7351005081510618,0.6248637525327647,53.02494808632484,0.9105779876378814
115,37.721724292246535,95.39679143044808,429.0,Exercising,0.9684395672325428,-0.5796660000839,1.1812452212231976,-0.5333894870372882,-0.3495355341993966,0.0891184218166545,0.6808973433435181,26.558920651731245,0.9840941357715568
152,37.04400543180167,97.1122849402808,241.0,Exercising,-1.6878576942725705,-1.1182099145399431,1.5581607654165732,0.7757484598482185,-0.7799915728282756,-0.5437720558509498,0.6393079851639563,50.36548918793429,0.5520114932596605
137,36.75794360898573,96.79225660617983,410.0,Exercising,-0.9016768448735024,0.1364047270089887,1.291038220116704,0.494231759268448,0.7306806177237408,0.5823733558634896,0.7181204016076741,45.67394748230426,0.6858104028573333
158,37.08619598701844,96.43052190709976,441.0,Exercising,0.7468635902547791,-1.7429398431164391,1.2883882330949057,-0.3132402474109549,-0.4160206070879587,0.6377754989818156,0.6176682848752378,37.82487905811239,0.8257055524635311
137,37.04940286432212,97.74410540205264,267.0,Exercising,1.05586595757205,0.3735447397152427,1.05920910279319,-0.592867758242591,-0.473517213718462,0.053783775267264,0.7529682987109034,47.57933834050984,0.7807615216523254
159,37.460148236361015,94.19021150810865,170.0,Exercising,1.3389754520925914,0.493060030697301,2.174172957630088,-0.2529519336821613,-0.1053763083222868,-0.4903262156671463,0.611399111693806,29.260061352128453,0.6244100655333908
139,36.71775896272157,93.58759938974916,432.0,Exercising,0.4896524949511902,0.2838128344271693,1.0845378485294948,0.0982275844707372,0.6324264449285262,-0.2088849898287946,0.8465820905624233,28.95397845608548,0.8103963245643501
155,36.83557586412152,95.8399877834637,294.0,Exercising,-1.1128261811512852,1.501449431338862,1.7980835248914535,-0.6322593212983494,-0.0299578266184301,-0.0569119294287243,0.7712244695562352,37.90995920029663,0.588140248813947
121,37.680375262960936,97.10208469901252,307.0,Exercising,-0.0006181917551386,-0.970916655944551,1.8092194860773128,-0.7030904640910489,0.4058303146288344,-0.4762088296790367,0.7094763762697995,51.8774201102484,0.639824267733526
120,36.84987406060165,94.82404640390077,185.0,Exercising,-0.7769978037116587,-1.6756904908698729,1.017069840968278,0.27973868602272,-0.3672523417498994,-0.3815711828520953,0.6380665697800127,49.20858814953918,0.5520300414530228
149,37.97518643745628,96.90051929832366,264.0,Exercising,1.7112880547241516,0.1582979929133139,0.9038218259999368,-0.5712309666319592,0.1538580277925441,0.5396776634367553,0.7727647942051868,39.98786827567322,0.729010587295934
146,37.40532031979177,97.39204365174434,425.0,Exercising,1.3055953211364997,1.2107091468654896,1.464321387763811,-0.3046953300414957,-0.7676451015052467,0.2701349375029065,0.6516876390620752,41.30312497977289,0.7317545255482134
113,36.80111804333654,93.9692378014536,360.0,Exercising,-1.0079460714568025,1.2717952805255086,1.6818961940831758,-0.1078092596436143,-0.0187594571400293,-0.0165098623133831,0.5436225192688477,38.77262837355645,0.8447121130064633
118,37.04970501586687,95.0233940540984,166.0,Exercising,0.1984939143790587,1.029258066501435,1.6024840841011998,-0.2522013348530011,0.7111277277397405,-0.6603755254865376,0.880152566791645,32.766089870574106,0.5404761280327681
122,37.90785895332008,95.76308107875836,402.0,Exercising,1.4664226905452025,1.491355594305957,2.225948755149328,-0.2436645175205521,0.5621295371002337,0.0282101831940492,0.7151351007781938,49.70222007188693,0.9128443954887508
128,37.297635464488245,95.7940831465111,185.0,Exercising,-1.0423289765620605,1.7368706869208963,0.6539058586019589,0.6547091873790485,-0.2498070582486088,0.3941773487702436,0.7781057182767426,51.67534537955388,0.9283308099312036
144,36.76406985361735,96.8173899106801,275.0,Exercising,0.2884755341117531,-1.8118000729299253,1.0238880172121303,-0.6720274211143092,0.3573829782300297,-0.2843973552283447,0.6740721199311303,47.503419161989136,0.860756351150845
110,37.4893899318311,95.67891980529016,240.0,Exercising,0.5853657219596649,0.2782186183183146,1.6698807698425226,0.4654005585934808,-0.4295320259934153,-0.7563368510833821,0.8167825079244537,26.889091695883497,0.6091016316240698
155,37.66961569108942,97.45974061780416,395.0,Exercising,1.5191025044409625,0.2836293421670706,1.7246547346436278,-0.1249882137509006,-0.1225004526773526,0.4882678601859023,0.5290704881503872,44.10862518702704,0.8396727036847927
128,37.74104799650036,97.1360779931189,249.0,Exercising,-1.5855460480013015,-0.0760162864218707,1.6148487511316492,0.425500825347425,0.2484255401898765,-0.5752676581564252,0.7797755685994738,30.99169443535758,0.8661708977137896
154,37.64918726222416,94.41680011636882,215.0,Exercising,-0.9504617443905974,-1.2960614344929584,1.0822156207284452,0.2634409970682061,-0.6161660241467211,0.4018458885077682,0.7556564175262848,40.44328758669607,0.8533366883668863
126,37.29018900890251,97.19361128156072,438.0,Exercising,0.0346933329792604,0.6269604910131759,0.7273033886611622,0.0798603982365827,0.3915861844882116,0.1260619634074216,0.6077964796341463,32.03850898375941,0.5361535932161323
119,36.7377913381338,96.86143555136972,258.0,Exercising,-0.1520070721473363,0.5639949462580383,2.131044992098579,0.5880693817425036,-0.6025686245831777,0.2531402894951922,0.8424752750752267,27.036311871141,0.7125788119595544
152,37.62259074777173,97.63025166823238,176.0,Exercising,-0.9508831483735882,0.8948801115990199,1.8107396828864104,0.3553474527739173,0.2652703628265584,-0.1841199906312886,0.7029099224623797,26.54464235840364,0.5251142530510724
149,37.87191291033714,96.41253246424496,273.0,Exercising,-1.7577556549608944,0.5836108003005478,1.6434047433201195,0.1001760002233155,-0.3838836265211251,-0.7641072240826523,0.5387106176619597,29.991020688116457,0.9194800837708978
155,37.38937018994626,96.88873857730852,273.0,Exercising,0.3769083431536035,-0.7535308253141983,1.9634574707958723,0.6520011783097039,-0.0800195946478462,-0.207072807537498,0.7884887868072634,27.49811104920496,0.6459900086913776
138,37.39216433793384,96.62018102070498,186.0,Exercising,-0.7633770555213744,0.2315012381194576,1.959531721898632,-0.4764883170520833,-0.2538102988229465,0.708290880038253,0.8551992058426392,44.44502154099001,0.9989492545364363
132,37.22875621134738,93.08999383918204,268.0,Exercising,1.984857674036855,-1.5812464025870336,1.077637768689366,0.6646796527222392,0.1681556089578061,0.6225779390613204,0.6696379629503262,53.878682021336296,0.8525498100524638
134,36.75253627747777,96.9758754569181,273.0,Exercising,-0.7372980727121394,0.3605433751210007,2.148694997743553,0.6833092246701893,-0.4567659882367488,0.2202107577265479,0.7652140029272358,35.823833061895975,0.554571651308515
116,37.51529556464958,96.952602016202,265.0,Exercising,1.205354973979102,-0.7786262037490626,1.0503235984072,0.4938083259043142,0.4998276285939715,-0.7069489204647366,0.696550910999252,29.308620491224616,0.6863076706806939
144,37.21613340209983,94.33270094187444,371.0,Exercising,0.5607099515937284,1.726824765541049,1.199362429167942,0.2277225834314444,0.6641890608103267,-0.3230105190114694,0.62640608942851,29.419397007530225,0.5267597060643805
137,37.70666363265486,97.2337134349842,374.0,Exercising,-0.2944117468739531,1.837569834373511,1.3578703578998028,0.5675793163589544,0.1446522470218134,0.3039302640459274,0.8505163903503605,42.8642001443817,0.890091655722183
156,37.885125196880615,94.61050577126596,154.0,Exercising,0.36646372494197,0.3913900189199606,2.032403783529513,0.0344733553848545,0.5447550511496257,0.3227021390293898,0.8050849793293493,30.11896186339781,0.7265087359169258
156,36.80556565350837,96.16991087942696,385.0,Exercising,-0.7995386156158442,-1.4912452664224023,2.142820135713449,-0.739432426621511,-0.3038817455568172,-0.6876974110628753,0.7790278403717434,29.50720867099841,0.9909873503455529
119,36.93168439251095,95.96158973871886,257.0,Exercising,0.8153663268591251,-1.0993159818631368,0.8282765549345967,0.1912713996858442,-0.4197535743158797,0.3610805353184092,0.5916110653813069,39.85960720458357,0.538203429731737
147,37.62038547033424,95.00373470223066,270.0,Exercising,1.115963518871558,1.041149811642354,0.6358050673244736,0.3983328457416468,0.4242914366760171,-0.6952636145996252,0.5910062112993681,43.74327761565782,0.5027930955319315
153,37.28877100392607,94.24953726757818,208.0,Exercising,1.8356899960176247,1.86210728891512,0.8472307404285457,0.2425999334816913,-0.7650250624951742,0.2505902488145675,0.7335354892706655,33.09084802351471,0.6750632177703839
117,37.2475716702768,96.27587109253388,370.0,Exercising,1.480064096811526,-0.7493324374785653,0.7657524136775324,-0.3118066917176684,0.5938032227046905,-0.0012581858469449,0.8411141763134672,48.37296891708817,0.5910766518934534
147,37.183587583499296,97.9118306504218,319.0,Exercising,1.687507954005314,-0.3863396398176402,2.185699969757065,0.4140797614820011,0.4552479090600443,0.7491953785114469,0.6855704703237852,35.24903402967951,0.9827131858935844
157,37.12510458375081,95.88774497950718,400.0,Exercising,0.4785303489717964,-0.7386417905119149,1.917431241666952,-0.6647097232608395,-0.6501104117866723,-0.7081969140190426,0.8900985241495265,42.31872727272896,0.5465568923004283
132,37.517139085297885,93.80383934039592,372.0,Exercising,-0.3430573427099479,0.3192797744536553,1.021961616337278,-0.1601714454037106,-0.3819600623532564,0.1189160876366111,0.5305859364105598,44.56559436139479,0.8865441247112019
127,37.745689227544176,95.32303720990438,293.0,Exercising,-1.318593260343905,-0.8913069549882375,2.38880613093764,-0.4890091743108341,0.0998600976643745,0.2351688943674716,0.5775691879696112,54.86586050372766,0.8665135143222124
134,37.32977715470373,93.22159397391307,217.0,Exercising,-0.3963820117504699,1.2497798348622036,1.6158763919585917,0.527740738533347,0.2055733842969516,0.5979722834623764,0.7773070847042978,46.10373476185011,0.6924739725886025
146,37.16322995488147,94.26767055180603,412.0,Exercising,-0.6430878583316169,-0.4715627247243352,1.2431702537757905,-0.7887193107586751,-0.0131255507282025,-0.033891249473493,0.7652114572130921,32.977785484528326,0.8568896653130944
111,37.48373669850741,93.24177913207606,407.0,Exercising,0.6878652782408188,-0.96640970730075,1.589184644804825,-0.4663123790547017,0.1063787170676603,0.3083529981592545,0.8186195129538029,44.61792534336689,0.545376989345731
113,36.8697933719704,95.9325465648755,290.0,Exercising,-0.509239554511959,-1.2179391248332498,1.9164775909919416,0.7932186236382612,0.2813680775715936,-0.309236282530129,0.6789873200346683,52.79300334730293,0.9502009504025016
114,36.98568814753941,93.53152077593631,229.0,Exercising,-1.46864835314939,0.5292193723703411,1.6025775321079123,0.0536965824729447,0.3662275724634012,-0.2314749765959248,0.7545981327174776,44.09472490948335,0.9689785344612584
156,37.65059363990285,94.5279551513592,389.0,Exercising,0.1902743269972648,1.0415596332927528,2.066470403644355,0.1335958099754547,-0.1254552882433047,-0.2917256409643836,0.5871886571845107,46.2555115321998,0.5274141875557993
126,37.87069572412405,97.62790613986392,247.0,Exercising,0.6597642527195444,0.1945021209656068,1.6369212199957888,0.5097715207021234,0.6103303302294625,-0.743290088131422,0.5739634602398115,29.10069985860175,0.6360507727648977
144,37.12116637692824,94.13148796727012,271.0,Exercising,-1.7295530554365883,-1.357132419125174,0.8653955338136994,-0.7613758168137658,0.1220284559688312,0.2778123242996759,0.8447675692480194,51.115043404589,0.6255226967910927
146,37.64594132974005,96.93165900399087,437.0,Exercising,-0.0581342656153536,-0.6241390736529175,0.6076222160481309,0.7964976695113324,0.0689980321960546,0.4099533479786863,0.6228854847979488,26.93171101961332,0.8256889078840418
142,37.07465425052502,95.219698508563,377.0,Exercising,0.2880875782698489,0.2998032347284489,1.9482554516075687,0.7347032298943323,-0.4075061552934582,0.1369705040275703,0.6864313503884069,42.75425510678607,0.6236534795733015
115,37.52800582147063,93.7250103691418,360.0,Exercising,-1.2630306760129253,-1.7007410286428888,1.02101822538327,0.3521965259237343,-0.2632024372159144,0.6932216925147177,0.7733955794490728,33.402596752752565,0.9234214553661764
134,37.66368649409955,94.68026172854132,433.0,Exercising,-1.009880772789724,1.1231684505902644,1.397236415832018,0.1613655707575916,0.799341529390889,0.6664680425068477,0.6345080502704799,27.202723070829386,0.6537590000516262
115,36.76823779098208,93.537668976167,216.0,Exercising,-1.4743770689369995,-1.7707701144739767,2.3410707918546536,-0.7591705593160255,-0.3699173246208872,-0.3484026319713171,0.6850242991210076,54.89474467407754,0.773679727083376
157,37.82979511231528,95.79259577884883,210.0,Exercising,1.1713010419545653,0.2219757512585145,0.7385639863997622,-0.7525721096044896,-0.3130821876376981,0.1544177169824948,0.6328993569121901,35.4303542922362,0.782300495263742
135,36.82293444864538,94.2234658663451,426.0,Exercising,1.5322279042295368,1.1676199888361225,0.8942115679825497,-0.6322737191122194,-0.0937558271331753,-0.6996787186673775,0.5675293944397766,54.03615848375954,0.9145053098755968
127,37.00728521438642,97.6127512920144,163.0,Exercising,0.4423248446971111,1.5958702538523353,0.6026810048554289,0.2589115176070646,-0.560364024290519,-0.6528563833142578,0.8539173980703127,37.337569308701646,0.5661213671422831
147,37.28646593541005,96.58457088452714,341.0,Exercising,0.8918605966292481,-0.2026089757003011,1.726345016249669,-0.412013382658915,-0.5303303173243088,-0.4891745214285846,0.5504583325207236,37.92292957786671,0.5613804246562992
152,36.92598684719648,95.70153502733612,241.0,Exercising,-0.4636082325973256,-1.207001994753754,1.2816119973922002,-0.2913791505356918,0.3884117818640276,0.0572305441056067,0.7723271584486513,49.13791465432914,0.8389341098029239
150,37.76668451435351,93.8132235680452,190.0,Exercising,-1.6607099956348947,-1.0210645775198306,2.082239320431696,0.1591006405889852,-0.0098465170625257,-0.1985554942262833,0.5897940520853902,34.042962249747816,0.8379738908657287
120,37.03319520537098,95.01758620672514,437.0,Exercising,-1.3086498024686004,0.0993955071064234,1.233748671619547,0.5928089429884702,-0.4096280539582427,-0.4208522539366987,0.8452345749332281,27.721630911771783,0.5579600966752025
139,37.68862626886225,95.44388991651851,324.0,Exercising,-0.1881991110489433,1.0482310627127087,2.053875355584704,-0.4198902535419595,0.3675407359076117,0.4445721684877686,0.5250624553342469,37.15078815526442,0.6521890881484878
114,37.768379176498506,95.37364179506896,331.0,Exercising,0.691537246700181,1.7376707955550907,1.5174562439821124,0.0752945772172812,0.6865633097400685,0.7306157814938801,0.5459586749224717,54.87492281028423,0.7859250679667
139,37.79021322745844,94.94307909580472,446.0,Exercising,1.0748710844628304,-0.5646288127977686,0.8194716384314891,0.6333685019603448,0.542351934718236,-0.3804932068975624,0.7763921543947421,41.73095710960458,0.5926956686009643
128,37.1737470410318,94.59546128625112,326.0,Exercising,1.29734466298556,-0.2903982209137332,1.199599032627472,-0.4612792673349681,-0.7548440056476023,0.0346402285096072,0.6154253876424004,41.50822414269592,0.7169292658472884
157,37.28842316282876,95.56497063919224,205.0,Exercising,0.9289593063875968,1.1238752352672536,0.9149170627436344,-0.1820481268713372,-0.3897537168166401,0.397357141180934,0.5010348107982199,37.15133923725445,0.948560502730084
110,37.43783012812893,94.22443700359462,318.0,Exercising,0.267869486429487,1.499287417902725,1.216099548404499,-0.6715565526550258,-0.6465147005158626,-0.0219347366017148,0.6828305962982101,41.569675600887656,0.8053318583506284
110,37.27866603959503,95.1430614486149,341.0,Exercising,1.880303918360882,0.2882511065381585,2.4626947655273987,0.2863366035481756,-0.1680665381191749,-0.5389997062744873,0.7220623792793598,52.791493411608585,0.939433670309582
122,37.84515210427653,93.82601177795672,237.0,Exercising,-1.8563489962869888,1.7757337548228262,1.9298434986137185,-0.6151845414098454,0.5446016627834145,0.0131116896914805,0.5583048188653067,27.72375395942529,0.8531106475086543
132,37.84262044427004,95.15776870071672,244.0,Exercising,0.7502292092427849,-0.0644049863024882,1.0993835160672687,0.0197596436896511,0.2659515663059235,0.1449677254291679,0.6724966857072785,52.48069996771689,0.5380451925484708
151,36.75818380689229,94.14684927701164,443.0,Exercising,-1.3241484528457748,0.36277151976038,0.6114187100477269,0.5992422917951801,-0.490487306710804,-0.5411691480379905,0.6673599121031548,36.831704633883895,0.736447784673329
139,36.77439914137872,96.26124193373974,362.0,Exercising,-0.7841673593098686,1.2831119021162842,1.861394374848204,0.0489351062442036,0.638313234923167,0.2209691293901099,0.8001994926415166,54.67909172845312,0.9179999308801432
118,37.51315126048343,94.05782492137492,159.0,Exercising,-1.4442173547397674,0.2359500839749091,1.638372325223771,-0.0558822660628722,-0.5199250802253428,0.7866508116452235,0.5430494202860124,51.32909322485827,0.9140239531124909
115,37.66988736680987,93.06085367399352,295.0,Exercising,-1.6676282796525608,-0.8160880323581909,2.0343680916897062,-0.3351531566503127,0.4257810210278909,0.2201436992597689,0.6805775376784199,39.13934425659585,0.9682635402344556
153,37.77404823852666,96.4098463731001,245.0,Exercising,-1.922536143109096,1.8659442927026209,1.6558890272504023,-0.2408177350875231,-0.1569677195265836,-0.5249504051950915,0.6704936232232593,49.02280086844824,0.6265342296333551
141,37.85153300271693,97.37652016124224,304.0,Exercising,0.0054590592404966,1.4707800900149728,1.7137808343296237,0.6282096132561452,-0.4063778014929044,0.340154919511997,0.5177643525592981,41.16033024145664,0.7817343358385895
131,36.75217474780707,94.52808546278206,434.0,Exercising,-0.3819726183231804,0.4177467628039446,1.2566177673096417,0.6675376729655369,-0.4111950247799214,0.0597401265827631,0.7115177374527311,27.87318017930058,0.5844835078554133
131,37.93192108613138,97.674013598988,167.0,Exercising,1.3035180105325908,-0.609383302920206,0.9911720512699652,0.0730435690930155,0.711347943398523,-0.5171278244459621,0.7473660825018171,50.72413925407184,0.8381159739614459
130,37.6374595267418,97.57617371207796,178.0,Exercising,-0.7590682564104347,-1.8518284992033776,1.952758070949076,-0.0075930180308286,-0.792192274190811,-0.2047484989596454,0.7745435858368523,53.7875420574953,0.9020999283357014
131,37.61842562331062,96.48940285296794,180.0,Exercising,-1.965766869792,0.336500926377544,0.7522764971101108,0.5509027405343427,0.2857700013269562,-0.6270233547726431,0.8266704243567513,31.87668139875141,0.7612222338072981
129,37.16419764470578,95.34703946728968,221.0,Exercising,1.2675467081720342,-1.640149012574136,0.9902262151519744,-0.4497803740243032,0.0121003803806545,0.6512459730295654,0.8337432113004531,47.31586895094417,0.6990406365954651
122,37.59790663937701,93.34813743286,377.0,Exercising,-0.742020519148805,0.1017770467571796,1.2110397776435953,0.5566795451279416,0.624640436406384,-0.1331342888603414,0.5626922128481308,31.821312371754605,0.5575843325278038
122,37.91502640105247,94.02410222066554,228.0,Exercising,-0.6034201766667411,-1.1430090244860454,0.9934255848735304,-0.0122043235671178,-0.7985945874380036,0.3565424135965465,0.5063584815723436,43.15412092814945,0.6591153698549523
115,37.03473449790376,96.71094210169984,407.0,Exercising,0.8508448036597911,-1.348631228137385,2.1918467444256864,-0.0804358987209811,0.4651349298573854,0.5116940506081087,0.6974951539381262,50.43916028930029,0.6313385439260708
146,37.16963770866301,93.24316459152438,429.0,Exercising,-0.7300863079787252,-1.6171413809100472,1.6810382915341204,0.4091814308934054,0.2969488748928535,0.4117633806542422,0.6956447249546618,30.871677981615807,0.8239497200749037
142,37.47269142947699,96.34312656583307,231.0,Exercising,0.0381704929189816,-0.0621593663321342,1.930358141796161,-0.2311093364191869,0.5929152560407474,0.3120581225073828,0.8971440045746009,29.864470051105886,0.5103164206974282
116,37.803674146531066,94.39856418500123,178.0,Exercising,1.0002234360063895,-1.8552019876750017,2.317723179484898,-0.4786286057450766,-0.778537789356652,0.6839930973279724,0.5774658371411425,50.53122599804965,0.670166265621222
157,37.183005389344174,93.20132406542828,163.0,Exercising,1.6759744012313953,1.2644543301619269,2.279828207479813,-0.6833552424273901,0.0723026688122446,-0.4589760599675216,0.7128309774205501,41.996581116905006,0.8348871600494244
114,36.843658546633485,95.0792592232316,269.0,Exercising,1.887855478337188,-1.2173454793456773,1.4282370540952798,-0.303401930791218,-0.6571697207759505,-0.1590086990643806,0.6020037313413328,41.7117790348081,0.9951983655227512
125,37.58089466200144,97.1401362434008,264.0,Exercising,-0.7882713610518981,-1.213172721254995,1.5617189575782235,-0.6408853343816286,0.6416433927604228,-0.6092946033761688,0.8773059687315077,31.47527036589237,0.6814219066428009
137,36.86537697466668,96.01682090794851,251.0,Exercising,-0.290043392507012,0.4976998057337165,0.7175030604156319,0.7969212655986,-0.623867714773547,0.1590774340733004,0.6437775314718506,52.970384072420536,0.948861787609558
150,37.936869290342685,94.22161442885192,181.0,Exercising,-0.3019644799122276,1.9436738836279648,2.189501229544264,-0.2080866502344633,0.3018703300302729,-0.5895314077793732,0.8325572416271301,29.541812889451133,0.595353478717372
118,37.77067086419253,96.4042407335136,341.0,Exercising,0.0721234362869127,0.0972432192790999,1.0665080382859065,0.7152704018925098,-0.6244968827806043,-0.7610099345089273,0.5610446621073644,40.63282495952021,0.7819093837685396
114,37.447459602262434,93.26733575189024,238.0,Exercising,1.7385191435598355,1.4991098324523755,1.975508184696496,-0.5364469456790253,0.3549412028822292,-0.0474229498146849,0.5976785552225377,51.28219383357892,0.9921519736647948
149,37.63903489294268,95.71288113568214,244.0,Exercising,-0.8157571455645534,0.3047534813625256,2.061812265437727,-0.7466097399092926,-0.6007420290156177,-0.7709949654693178,0.6676879092944674,29.239916807109747,0.6417601031477346
134,37.473818289664194,96.92898718225842,157.0,Exercising,-1.450391945203235,-1.508269619569739,1.2859191675312602,0.6348687078752433,0.0153609080750692,-0.7490218464033337,0.8420157551246101,36.34263256670788,0.9384540122377976
135,37.6201736642503,93.6392700742652,309.0,Exercising,1.941248784751369,1.2168279715074286,1.550878164242821,0.1044017527216137,-0.0425907191516895,0.2317741096746823,0.6072090609475049,48.54998305211915,0.6935499518365275
145,36.76284003127639,95.30359861056604,153.0,Exercising,-1.2233598703163455,-0.1485609189150905,1.359050015615131,-0.517561127828067,-0.0925277668542262,-0.7575107248824715,0.5151566647613369,29.7335508255074,0.566058286172028
142,37.77373294842676,95.9967892666262,424.0,Exercising,-0.3040833331933048,-0.682270883799212,1.5314347051109272,-0.0627211305432424,-0.3638025914877629,-0.1659096577784803,0.6398036076829339,52.438699371806926,0.6228276664112607
159,37.18796481117236,96.99281637981414,193.0,Exercising,-1.6629268020127763,0.2139280889689616,1.931201612058565,0.6009929828185399,0.5325846775541805,0.7827942261546279,0.8044976816571241,26.989070565588406,0.7057345529747234
156,36.91776377484211,95.73674027641192,344.0,Exercising,-1.0421436874568082,1.7124531742575435,1.9716318850001373,-0.4958847483341262,0.3207064265149779,0.5947366604268429,0.7398497255744133,52.14177342255113,0.76929771803225
125,37.794028290771934,95.60964373770123,157.0,Exercising,-1.1934023959370283,-1.5365048960858685,2.1662770205148005,-0.0346427240849669,-0.2185569623800699,0.7460264708375235,0.6994748200033496,46.051653650794506,0.5118861588716033
134,37.371444851202575,97.3731574442352,188.0,Exercising,-1.5562158500549392,0.4096202584163597,1.4181287430733802,-0.4594395067324246,0.7394209600931914,-0.629596842917107,0.7281716405221375,51.55170709424255,0.9084487755388374
144,37.5566610567828,96.08100667974324,201.0,Exercising,-0.0315945791970051,-0.0189355839183962,1.398505532076776,0.7341178639054156,-0.0173661076965494,-0.435745178033823,0.831779467764015,39.19659434405882,0.5156711496210717
158,36.72821101596741,94.02525307924272,334.0,Exercising,1.0631220526514524,-0.5003916987901702,1.060076110510377,-0.1647645473085093,0.570141415180875,-0.5564388340257092,0.6563541993490336,49.39996474875621,0.8018486325940504
150,37.60200816230971,97.65893966338368,357.0,Exercising,-0.756462799106222,1.223277544229204,0.8311716623795373,-0.4325329931877872,0.4190465431372272,-0.1250195071565205,0.6213058704776895,38.05355436201914,0.886286122282343
150,37.89288770934249,93.23230117614575,155.0,Exercising,0.876537790643952,0.1119384589751972,1.3980403371938568,0.0225867110167217,0.6588567081113672,-0.7228574064521394,0.5977048415551935,46.04928759418863,0.9126475858677756
141,37.059555279363,97.1847109867701,238.0,Exercising,-1.1406216517890608,-0.4330682945259019,1.4400932067107806,-0.2772640527126476,0.0432343274554277,-0.3724038339789864,0.5850685935364608,39.48275639274231,0.9966462426749718
126,37.19271825447099,95.8608074657368,291.0,Exercising,1.5245218128496272,0.3114810504099257,1.0201513678270526,0.7086125878384262,0.2301057606003822,-0.3849990038896342,0.8551241994139944,42.06689544076111,0.75934167454409
149,37.80897276438807,96.81890746349714,219.0,Exercising,1.9860775802406248,0.9378782802809468,1.007637550139394,0.49355988212305,0.5412458780263314,-0.2168361193125296,0.6837332117174942,43.82005585401614,0.6967197918482336
147,37.44700386184918,96.29872923871626,228.0,Exercising,-1.8274057018794911,1.5344815631333262,1.0666127445687104,-0.6686778932808505,-0.4522736305246413,0.3676782837815406,0.8001770706188234,33.19227272978581,0.5899211528246509
137,37.37063232326784,93.98320543252798,388.0,Exercising,-0.151285336864221,-0.812435058643235,0.6120326305778118,-0.6233198882906404,0.5602913481364833,-0.677055413871202,0.7286174750395404,40.77968275046286,0.9518630184503348
110,36.800524899457095,93.85340237814697,254.0,Exercising,-1.3989861136483248,1.885223592659925,2.163413283180484,-0.4828224038437234,0.4553472130661211,-0.2522373333272635,0.7868719289723269,50.58683492527963,0.8068877637541583
139,37.99989877559376,95.27286239073156,215.0,Exercising,1.1318806461050888,-0.1124740717905066,2.180635813089812,-0.5771290014252012,-0.2442032202356708,0.4229572702333883,0.5009656693018161,41.22886496248008,0.6163722997403965
123,36.95695217837272,97.9376157608666,444.0,Exercising,1.0251025987677431,-1.9770449131243275,0.9349236359505289,0.5812399516646416,-0.7398852769969108,-0.5528233721693501,0.813381572402361,38.84300707459146,0.9952703163065152
120,37.97292560585685,95.93193661887318,448.0,Exercising,1.148113005194189,-1.5972032731197108,0.8640029563644293,-0.5935379833619836,-0.3274413243822942,0.5129249382777308,0.7150272663383686,49.28794183185407,0.9563244802633286
136,36.88424159556162,94.2956009275468,257.0,Exercising,1.296818069447259,1.4368065899077398,0.7146305001611624,0.2926930015596651,-0.5587514613336847,0.2914621036183782,0.6834681417166116,27.798538452291183,0.5166285900260652
151,37.95850688906514,95.18699843188566,348.0,Exercising,0.3829369477580715,1.4741937552202096,0.8206871009985139,-0.2542668919525871,0.488057353564431,-0.6409373684346411,0.8918638650890051,46.28103879214559,0.9449813216432374
124,37.131524263831125,97.66153794050838,232.0,Exercising,1.4404765436450493,-1.733752072913835,1.2904382291376382,0.6302634098315307,-0.6332538755939899,0.5606774857248407,0.6316331928816887,30.305769906072044,0.91205734959088
158,37.73498551762614,96.83629299074198,277.0,Exercising,-0.1648564762148248,-1.5602812815571068,1.7074449496644548,0.390190030218791,-0.4674519923570649,-0.6543409193742354,0.5644803565249558,43.44969117442216,0.5132299227505199
137,37.3227681249864,93.98092923784225,230.0,Exercising,1.6762155375450134,0.594362636997551,1.9883055001789312,-0.129087019199431,0.1805212567729606,-0.2213202452694134,0.7501941691986411,31.996919971684225,0.904972901581639
159,37.96772188139551,96.47297522593092,220.0,Exercising,-1.828245038134636,1.7230970078157628,0.8825074965650321,0.5439347291370775,0.1657078125376729,-0.551307840432944,0.8507642439415988,29.45916129718324,0.6316827672642398
117,36.94960769702715,96.13675822002256,330.0,Exercising,-1.524407929840898,-1.38313509624835,0.9964142262800328,0.5539796063289444,0.5299138244523407,0.3496997761063958,0.8217384043247802,43.49336702547203,0.9452692502553248
114,37.28572442332425,94.73597907177266,266.0,Exercising,-0.0588883331184573,-0.3660653268501317,1.9742224788886675,0.1133688860386958,0.1026338845480729,-0.6905264540118493,0.6598351356166919,46.24427131607126,0.8549843069673793
116,36.8990820632012,94.08511212418396,228.0,Exercising,-1.0126975225693695,0.897006757286158,1.0197924347470515,-0.264180573788041,-0.4174298602391872,0.5746105648183739,0.8785590053303434,33.36814630146176,0.9165770661425487
122,37.68262891049742,93.66859676775444,352.0,Exercising,-0.7328652047821351,0.5279180927080773,0.6350319570336009,-0.1181273842329992,0.3396075240650864,0.6303402099063369,0.6302708936958425,39.08107681210048,0.6205564926671101
119,36.96028338511744,94.3743960986278,276.0,Exercising,1.7055588474859902,-0.2417873851805678,1.822083526334863,-0.1743928468603005,-0.7554296478482847,-0.3985802791817635,0.7174819926563509,28.94000898619589,0.7477764840657567
113,37.8781122161914,94.57814703915696,291.0,Exercising,0.7209751260760413,-0.7867942914715864,1.553264738218966,0.2441996015299303,-0.4387405756483734,-0.4070923402962252,0.6251700355921801,46.66023918896654,0.7289821551245359
145,37.45245818949146,94.03588571141918,328.0,Exercising,-0.9581967300960024,0.5688678443078601,1.6485047625050209,0.1592474768524615,-0.339058687944603,0.6093376065938523,0.5138306801246181,48.51005893149353,0.7975640370125181
133,36.900628875813695,96.85381432952924,374.0,Exercising,-0.529768146898268,0.8408161280763302,2.1065290599569706,-0.515680836824878,0.3505902159674243,-0.5833463849493795,0.6422550673323726,31.67436470398232,0.7121663347687173
132,37.19986323510705,96.75343918988813,164.0,Exercising,1.0372853046803847,-1.83117574400782,1.6453426756854954,0.2002970297423743,0.0943286724825045,0.399576689681655,0.6447825133101732,45.30246442521316,0.752813895530065
152,36.88381230847264,95.42296234006191,270.0,Exercising,0.6632712985821536,-1.090880060808296,1.6304310118675749,-0.3509011169585841,-0.61527543178453,-0.1167133521995171,0.6331082848283254,48.22894132420835,0.858356545479048
